controller_label,seed,weather_mode,valid,invalid_reason,faults_n,saifi,saidi,maifi,asai,ens,restoration_time_seconds,critical_load_total_mw,critical_load_restored_mw,critical_load_restored_pct,total_load_mw,successful_restoration_count,n_faults,number_of_islands,isolated_nodes,switching_operations,actions_taken,illegal_actions_attempted,load_shedding_events,battery_dispatch_events,minimum_voltage_pu,maximum_voltage_pu,average_voltage_pu,voltage_violation_count,frequency_deviation_count,line_overload_count,generation_mw,operating_cost_usd,outage_cost_usd,carbon_kg,runtime_s,controller_runtime_s,power_flow_runtime_s
full_stack,0,normal,True,,3,0.061224489795918366,0.0,199.0,-2.0,30.0,0.0,1.1336,1.1336,100.0,22.4927,0,3,1,0,0,200,0,0,0,0.95,1.0,0.961428571428572,0,9751,0,46.6306,0.0,0.0,0.0,1.643,0.1083,0.6285
full_stack,1,normal,True,,3,0.061224489795918366,0.0,198.0,-2.0,30.0,0.0,0.7504,0.7504,100.0,23.1433,0,3,1,0,0,200,0,0,0,0.95,1.0,0.961428571428572,0,9702,5,46.6815,0.0,0.0,0.0,1.5593,0.1085,0.6012
full_stack,2,normal,True,,3,0.061224489795918366,0.0,195.0,-2.0,30.0,0.0,1.8762,1.8762,100.0,24.0293,0,3,1,0,0,200,0,0,0,0.0,1.0,0.9420408163265311,181,9555,0,45.3831,0.0,0.0,0.0,1.3027,0.1228,0.478
full_stack,3,normal,True,,3,0.061224489795918366,0.0,193.0,-2.0,30.0,0.0,0.8582,0.8582,100.00000000000001,23.9708,0,3,1,0,0,200,0,0,0,0.95,1.0,0.961428571428572,0,9457,0,46.9146,0.0,0.0,0.0,1.6387,0.1095,0.6358
full_stack,4,normal,True,,3,0.061224489795918366,0.0,200.0,-2.0,30.0,0.0,0.6665,0.6665,100.0,23.0639,0,3,1,0,0,200,0,0,0,0.0,1.0,0.9420408163265311,156,9800,14,50.4309,0.0,0.0,0.0,1.4884,0.1014,0.566
full_stack,5,normal,True,,3,0.061224489795918366,0.0,190.0,-2.0,30.0,0.0,0.688,0.688,100.0,22.6264,0,3,1,0,0,200,0,0,0,0.95,1.0,0.961428571428572,0,9310,0,45.0856,0.0,0.0,0.0,1.6123,0.126,0.6245
full_stack,6,normal,True,,3,0.061224489795918366,0.0,200.0,-2.0,30.0,0.0,1.5768,1.5768,100.0,25.2729,0,3,1,0,0,200,0,0,0,0.0,1.0,0.9420408163265311,49,9800,6,49.1206,0.0,0.0,0.0,1.5507,0.1199,0.5911
full_stack,7,normal,True,,3,0.061224489795918366,0.0,200.0,-2.0,30.0,0.0,0.7101,0.7101,100.0,21.9139,0,3,1,0,0,200,0,0,0,0.0,1.0,0.9420408163265311,58,9800,7,48.079,0.0,0.0,0.0,1.4519,0.1279,0.5491
full_stack,8,normal,True,,3,0.061224489795918366,0.0,200.0,-2.0,30.0,0.0,1.141,1.141,100.0,21.9436,0,3,1,0,0,200,0,0,0,0.0,1.0,0.9420408163265311,184,9800,0,46.0081,0.0,0.0,0.0,1.3798,0.1164,0.5044
full_stack,9,normal,True,,3,0.061224489795918366,0.0,200.0,-2.0,30.0,0.0,1.356,1.356,100.0,25.0892,0,3,1,0,0,200,0,0,0,0.95,1.0,0.961428571428572,0,9800,15,50.4923,0.0,0.0,0.0,1.6382,0.1218,0.6412
full_stack,10,normal,True,,3,0.061224489795918366,0.0,200.0,-2.0,30.0,0.0,0.714,0.714,100.0,22.846,0,3,1,0,0,200,0,0,0,0.95,1.0,0.961428571428572,0,9800,5,50.5537,0.0,0.0,0.0,1.5315,0.1119,0.5906
full_stack,11,normal,True,,3,0.061224489795918366,0.0,200.0,-2.0,30.0,0.0,0.4092,0.4092,100.0,22.0113,0,3,1,0,0,200,0,0,0,0.95,1.0,0.961428571428572,0,9800,27,50.2537,0.0,0.0,0.0,1.5971,0.113,0.6184
full_stack,12,normal,True,,3,0.061224489795918366,0.0,200.0,-2.0,30.0,0.0,0.7276,0.7276,100.00000000000001,22.4484,0,3,1,0,0,200,0,0,0,0.95,1.0,0.961428571428572,0,9800,3,48.7965,0.0,0.0,0.0,1.3816,0.1131,0.515
full_stack,13,normal,True,,3,0.061224489795918366,0.0,200.0,-2.0,30.0,0.0,0.8798,0.8798,100.0,22.5757,0,3,1,0,0,200,0,0,0,0.95,1.0,0.961428571428572,0,9800,10,48.8933,0.0,0.0,0.0,1.5949,0.1178,0.6093
full_stack,14,normal,True,,3,0.061224489795918366,0.0,200.0,-2.0,30.0,0.0,0.5366,0.5366,100.0,21.6272,0,3,1,0,0,200,0,0,0,0.95,1.0,0.961428571428572,0,9800,0,47.8118,0.0,0.0,0.0,1.4329,0.1093,0.5419
full_stack,15,normal,True,,3,0.061224489795918366,0.0,200.0,-2.0,30.0,0.0,0.6703,0.6703,100.0,23.0195,0,3,1,0,0,200,0,0,0,0.95,1.0,0.961428571428572,0,9800,8,47.5828,0.0,0.0,0.0,1.5995,0.1082,0.6237
full_stack,16,normal,True,,3,0.061224489795918366,0.0,200.0,-2.0,30.0,0.0,1.075,1.075,100.0,24.2934,0,3,1,0,0,200,0,0,0,0.95,1.0,0.961428571428572,0,9800,22,51.1082,0.0,0.0,0.0,1.4384,0.0999,0.5428
full_stack,17,normal,True,,3,0.061224489795918366,0.0,200.0,-2.0,30.0,0.0,1.1647,1.1647,100.0,23.6578,0,3,1,0,0,200,0,0,0,0.95,1.0,0.961428571428572,0,9800,4,48.2963,0.0,0.0,0.0,1.7579,0.1125,0.6845
full_stack,18,normal,True,,3,0.061224489795918366,0.0,194.0,-2.0,30.0,0.0,0.9428,0.9428,100.0,26.4386,0,3,1,0,0,200,0,0,0,0.95,1.0,0.961428571428572,0,9506,7,49.8722,0.0,0.0,0.0,1.384,0.113,0.5088
full_stack,19,normal,True,,3,0.061224489795918366,0.0,200.0,-2.0,30.0,0.0,1.394,1.394,99.99999999999999,23.2427,0,3,1,0,0,200,0,0,0,0.95,1.0,0.961428571428572,0,9800,5,48.1401,0.0,0.0,0.0,1.6308,0.1167,0.6365
full_stack,20,normal,True,,3,0.061224489795918366,0.0,196.0,-2.0,30.0,0.0,1.0015,1.0015,100.0,24.7965,0,3,1,0,0,200,0,0,0,0.95,1.0,0.961428571428572,0,9604,0,47.657,0.0,0.0,0.0,1.2912,0.1088,0.467
full_stack,21,normal,True,,3,0.061224489795918366,0.0,196.0,-2.0,30.0,0.0,1.1154,1.1154,100.0,23.4351,0,3,1,0,0,200,0,0,0,0.95,1.0,0.961428571428572,0,9604,0,46.4005,0.0,0.0,0.0,1.3936,0.1129,0.5178
full_stack,22,normal,True,,3,0.061224489795918366,0.0,196.0,-2.0,30.0,0.0,1.0244,1.0244,100.0,24.1606,0,3,1,0,0,200,0,0,0,0.95,1.0,0.961428571428572,0,9604,6,49.0843,0.0,0.0,0.0,1.4979,0.1192,0.5651
full_stack,23,normal,True,,3,0.061224489795918366,0.0,200.0,-2.0,30.0,0.0,0.5142,0.5142,100.0,22.0313,0,3,1,0,0,200,0,0,0,0.0,1.0,0.9420408163265311,121,9800,1,46.6135,0.0,0.0,0.0,1.4599,0.1166,0.5517
full_stack,24,normal,True,,3,0.061224489795918366,0.0,200.0,-2.0,30.0,0.0,1.0435,1.0435,100.0,23.3522,0,3,1,0,0,200,0,0,0,0.95,1.0,0.961428571428572,0,9800,8,47.3819,0.0,0.0,0.0,1.5697,0.1189,0.6027
full_stack,25,normal,True,,3,0.061224489795918366,0.0,200.0,-2.0,30.0,0.0,1.0792,1.0792,100.0,22.4021,0,3,1,0,0,200,0,0,0,0.95,1.0,0.961428571428572,0,9800,4,46.5566,0.0,0.0,0.0,1.4575,0.1282,0.5518
full_stack,26,normal,True,,3,0.061224489795918366,0.0,197.0,-2.0,30.0,0.0,1.0661,1.0661,100.0,25.3064,0,3,1,0,0,200,0,0,0,0.95,1.0,0.961428571428572,0,9653,8,49.838,0.0,0.0,0.0,1.4271,0.1187,0.5337
full_stack,27,normal,True,,3,0.061224489795918366,0.0,200.0,-2.0,30.0,0.0,1.2929,1.2929,100.0,25.2621,0,3,1,0,0,200,0,0,0,0.95,1.0,0.961428571428572,0,9800,5,50.4282,0.0,0.0,0.0,1.5867,0.1118,0.6141
full_stack,28,normal,True,,3,0.061224489795918366,0.0,183.0,-2.0,30.0,0.0,1.126,1.126,100.0,26.1859,0,3,1,0,0,200,0,0,0,0.95,1.0,0.961428571428572,0,8967,0,47.389,0.0,0.0,0.0,1.516,0.1222,0.5841
full_stack,29,normal,True,,3,0.061224489795918366,0.0,191.0,-2.0,30.0,0.0,0.8423,0.8423,99.99999999999999,23.9838,0,3,1,0,0,200,0,0,0,0.95,1.0,0.961428571428572,0,9359,4,48.1299,0.0,0.0,0.0,1.4207,0.1111,0.5307
full_stack,30,normal,True,,3,0.061224489795918366,0.0,197.0,-2.0,30.0,0.0,1.0065,1.0065,100.0,25.5188,0,3,1,0,0,200,0,0,0,0.95,1.0,0.961428571428572,0,9653,6,48.2507,0.0,0.0,0.0,1.6903,0.1236,0.6641
full_stack,31,normal,True,,3,0.061224489795918366,0.0,198.0,-2.0,30.0,0.0,0.7938,0.7938,99.99999999999999,24.573,0,3,1,0,0,200,0,0,0,0.95,1.0,0.961428571428572,0,9702,4,47.1672,0.0,0.0,0.0,1.5281,0.1241,0.5853
full_stack,32,normal,True,,3,0.061224489795918366,0.0,198.0,-2.0,30.0,0.0,0.9846,0.9846,100.0,23.5502,0,3,1,0,0,200,0,0,0,0.95,1.0,0.961428571428572,0,9702,0,48.4662,0.0,0.0,0.0,1.6011,0.1138,0.6207
full_stack,33,normal,True,,3,0.061224489795918366,0.0,200.0,-2.0,30.0,0.0,0.7927,0.7927,100.0,23.3311,0,3,1,0,0,200,0,0,0,0.95,1.0,0.961428571428572,0,9800,3,48.7021,0.0,0.0,0.0,1.4634,0.1119,0.5559
full_stack,34,normal,True,,3,0.061224489795918366,0.0,200.0,-2.0,30.0,0.0,0.9592,0.9592,100.0,22.3862,0,3,1,0,0,200,0,0,0,0.95,1.0,0.961428571428572,0,9800,0,46.4368,0.0,0.0,0.0,1.4055,0.0956,0.5221
full_stack,35,normal,True,,3,0.061224489795918366,0.0,200.0,-2.0,30.0,0.0,0.7464,0.7464,100.0,22.6954,0,3,1,0,0,200,0,0,0,0.95,1.0,0.961428571428572,0,9800,5,49.1058,0.0,0.0,0.0,1.4993,0.1166,0.5645
full_stack,36,normal,True,,3,0.061224489795918366,0.0,187.0,-2.0,30.0,0.0,1.5012,1.5012,100.0,25.3831,0,3,1,0,0,200,0,0,0,0.0,1.0,0.9420408163265311,123,9163,1,47.6822,0.0,0.0,0.0,1.5506,0.1141,0.5904
full_stack,37,normal,True,,3,0.061224489795918366,0.0,198.0,-2.0,30.0,0.0,0.823,0.823,100.0,23.6489,0,3,1,0,0,200,0,0,0,0.95,1.0,0.961428571428572,0,9702,3,46.6599,0.0,0.0,0.0,1.4624,0.1123,0.5532
full_stack,38,normal,True,,3,0.061224489795918366,0.0,196.0,-2.0,30.0,0.0,0.6411,0.6411,100.0,25.3702,0,3,1,0,0,200,0,0,0,0.95,1.0,0.961428571428572,0,9604,6,49.5454,0.0,0.0,0.0,1.4182,0.1207,0.5283
full_stack,39,normal,True,,3,0.061224489795918366,0.0,194.0,-2.0,30.0,0.0,0.5648,0.5648,100.0,24.3546,0,3,1,0,0,200,0,0,0,0.95,1.0,0.961428571428572,0,9506,3,47.937,0.0,0.0,0.0,1.328,0.1033,0.4862
full_stack,40,normal,True,,3,0.061224489795918366,0.0,200.0,-2.0,30.0,0.0,0.7726,0.7726,100.0,24.5175,0,3,1,0,0,200,0,0,0,0.95,1.0,0.961428571428572,0,9800,10,49.0031,0.0,0.0,0.0,1.429,0.1218,0.5374
full_stack,41,normal,True,,3,0.061224489795918366,0.0,189.0,-2.0,30.0,0.0,0.8822,0.8822,100.0,24.4489,0,3,1,0,0,200,0,0,0,0.95,1.0,0.961428571428572,0,9261,0,46.6797,0.0,0.0,0.0,1.5252,0.1126,0.583
full_stack,42,normal,True,,3,0.061224489795918366,0.0,200.0,-2.0,30.0,0.0,0.9513,0.9513,100.0,22.9371,0,3,1,0,0,200,0,0,0,0.95,1.0,0.961428571428572,0,9800,0,46.7206,0.0,0.0,0.0,1.4692,0.115,0.5512
full_stack,43,normal,True,,3,0.061224489795918366,0.0,200.0,-2.0,30.0,0.0,0.9742,0.9742,100.0,25.7488,0,3,1,0,0,200,0,0,0,0.95,1.0,0.961428571428572,0,9800,8,50.5851,0.0,0.0,0.0,1.4778,0.1104,0.5601
full_stack,44,normal,True,,3,0.061224489795918366,0.0,200.0,-2.0,30.0,0.0,1.1332,1.1332,100.0,24.3049,0,3,1,0,0,200,0,0,0,0.95,1.0,0.961428571428572,0,9800,4,48.7712,0.0,0.0,0.0,1.6178,0.1212,0.6277
full_stack,45,normal,True,,3,0.061224489795918366,0.0,200.0,-2.0,30.0,0.0,1.3259,1.3259,100.0,23.9698,0,3,1,0,0,200,0,0,0,0.0,1.0,0.9420408163265311,130,9800,6,47.4198,0.0,0.0,0.0,1.3979,0.1194,0.5204
full_stack,46,normal,True,,3,0.061224489795918366,0.0,197.0,-2.0,30.0,0.0,1.796,1.796,100.0,25.4984,0,3,1,0,0,200,0,0,0,0.95,1.0,0.961428571428572,0,9653,6,49.4713,0.0,0.0,0.0,1.6635,0.1176,0.6521
full_stack,47,normal,True,,3,0.061224489795918366,0.0,194.0,-2.0,30.0,0.0,1.1629,1.1629,100.0,24.3987,0,3,1,0,0,200,0,0,0,0.95,1.0,0.961428571428572,0,9506,0,46.7094,0.0,0.0,0.0,1.3318,0.1109,0.4842
full_stack,48,normal,True,,3,0.061224489795918366,0.0,192.0,-2.0,30.0,0.0,1.0989,1.0989,100.0,24.8645,0,3,1,0,0,200,0,0,0,0.95,1.0,0.961428571428572,0,9408,5,47.8934,0.0,0.0,0.0,1.4352,0.1175,0.5393
full_stack,49,normal,True,,3,0.061224489795918366,0.0,200.0,-2.0,30.0,0.0,1.0472,1.0472,100.0,22.3348,0,3,1,0,0,200,0,0,0,0.95,1.0,0.961428571428572,0,9800,5,46.5783,0.0,0.0,0.0,1.5035,0.1096,0.5666
full_stack,50,normal,True,,3,0.061224489795918366,0.0,195.0,-2.0,30.0,0.0,0.8909,0.8909,100.0,25.1738,0,3,1,0,0,200,0,0,0,0.95,1.0,0.961428571428572,0,9555,6,48.5884,0.0,0.0,0.0,1.4002,0.1324,0.5257
full_stack,51,normal,True,,3,0.061224489795918366,0.0,185.0,-2.0,30.0,0.0,1.2913,1.2913,100.0,25.3117,0,3,1,0,0,200,0,0,0,0.95,1.0,0.961428571428572,0,9065,0,47.085,0.0,0.0,0.0,1.5798,0.1156,0.6091
full_stack,52,normal,True,,3,0.061224489795918366,0.0,200.0,-2.0,30.0,0.0,1.2612,1.2612,100.0,25.5303,0,3,1,0,0,200,0,0,0,0.95,1.0,0.961428571428572,0,9800,7,50.1764,0.0,0.0,0.0,1.4506,0.1096,0.5492
full_stack,53,normal,True,,3,0.061224489795918366,0.0,200.0,-2.0,30.0,0.0,1.2068,1.2068,100.0,23.7278,0,3,1,0,0,200,0,0,0,0.95,1.0,0.961428571428572,0,9800,4,48.2758,0.0,0.0,0.0,1.5493,0.1089,0.5904
full_stack,54,normal,True,,3,0.061224489795918366,0.0,199.0,-2.0,30.0,0.0,0.8751,0.8751,100.0,23.838,0,3,1,0,0,200,0,0,0,0.95,1.0,0.961428571428572,0,9751,2,47.1167,0.0,0.0,0.0,1.6,0.1203,0.6196
full_stack,55,normal,True,,3,0.061224489795918366,0.0,200.0,-2.0,30.0,0.0,0.7062,0.7062,100.00000000000001,23.3127,0,3,1,0,0,200,0,0,0,0.95,1.0,0.961428571428572,0,9800,14,49.1407,0.0,0.0,0.0,1.5862,0.1321,0.6072
full_stack,56,normal,True,,3,0.061224489795918366,0.0,194.0,-2.0,30.0,0.0,0.8082,0.8082,100.00000000000001,24.4417,0,3,1,0,0,200,0,0,0,0.95,1.0,0.961428571428572,0,9506,2,47.0113,0.0,0.0,0.0,1.4232,0.1065,0.536
full_stack,57,normal,True,,3,0.061224489795918366,0.0,200.0,-2.0,30.0,0.0,1.0423,1.0423,100.0,23.4153,0,3,1,0,0,200,0,0,0,0.95,1.0,0.961428571428572,0,9800,3,48.281,0.0,0.0,0.0,1.5369,0.1158,0.5887
full_stack,58,normal,True,,3,0.061224489795918366,0.0,200.0,-2.0,30.0,0.0,1.402,1.402,100.0,23.5994,0,3,1,0,0,200,0,0,0,0.95,1.0,0.961428571428572,0,9800,16,50.0742,0.0,0.0,0.0,1.3733,0.1174,0.5056
full_stack,59,normal,True,,3,0.061224489795918366,0.0,198.0,-2.0,30.0,0.0,0.7294,0.7294,100.0,23.3128,0,3,1,0,0,200,0,0,0,0.0,1.0,0.9420408163265311,138,9702,5,47.6984,0.0,0.0,0.0,1.4783,0.1186,0.5614
full_stack,60,normal,True,,3,0.061224489795918366,0.0,200.0,-2.0,30.0,0.0,0.9056,0.9056,100.0,23.5794,0,3,1,0,0,200,0,0,0,0.95,1.0,0.961428571428572,0,9800,10,49.5281,0.0,0.0,0.0,1.5196,0.1112,0.5802
full_stack,61,normal,True,,3,0.061224489795918366,0.0,197.0,-2.0,30.0,0.0,0.7925,0.7925,100.0,24.9204,0,3,1,0,0,200,0,0,0,0.95,1.0,0.961428571428572,0,9653,5,50.8345,0.0,0.0,0.0,1.4799,0.1125,0.5599
full_stack,62,normal,True,,3,0.061224489795918366,0.0,200.0,-2.0,30.0,0.0,1.1714,1.1714,100.0,21.2815,0,3,1,0,0,200,0,0,0,0.95,1.0,0.961428571428572,0,9800,6,50.0774,0.0,0.0,0.0,1.4694,0.1335,0.5525
full_stack,63,normal,True,,3,0.061224489795918366,0.0,200.0,-2.0,30.0,0.0,1.2096,1.2096,100.0,24.4121,0,3,1,0,0,200,0,0,0,0.95,1.0,0.961428571428572,0,9800,5,50.6004,0.0,0.0,0.0,1.547,0.1166,0.5925
full_stack,64,normal,True,,3,0.061224489795918366,0.0,200.0,-2.0,30.0,0.0,1.1381,1.1381,100.0,25.9645,0,3,1,0,0,200,0,0,0,0.95,1.0,0.961428571428572,0,9800,15,52.5161,0.0,0.0,0.0,1.4121,0.0992,0.5214
full_stack,65,normal,True,,3,0.061224489795918366,0.0,200.0,-2.0,30.0,0.0,1.1927,1.1927,100.0,21.0138,0,3,1,0,0,200,0,0,0,0.95,1.0,0.961428571428572,0,9800,9,47.0281,0.0,0.0,0.0,1.5257,0.1176,0.5751
full_stack,66,normal,True,,3,0.061224489795918366,0.0,200.0,-2.0,30.0,0.0,0.7152,0.7152,100.00000000000001,24.9242,0,3,1,0,0,200,0,0,0,0.95,1.0,0.961428571428572,0,9800,2,47.6156,0.0,0.0,0.0,1.4152,0.1225,0.5313
full_stack,67,normal,True,,3,0.061224489795918366,0.0,198.0,-2.0,30.0,0.0,1.2891,1.2891,99.99999999999999,23.181,0,3,1,0,0,200,0,0,0,0.95,1.0,0.961428571428572,0,9702,0,45.8248,0.0,0.0,0.0,1.6434,0.1048,0.6394
full_stack,68,normal,True,,3,0.061224489795918366,0.0,200.0,-2.0,30.0,0.0,1.2358,1.2358,100.0,24.6259,0,3,1,0,0,200,0,0,0,0.95,1.0,0.961428571428572,0,9800,3,49.8661,0.0,0.0,0.0,1.4903,0.1298,0.5647
full_stack,69,normal,True,,3,0.061224489795918366,0.0,187.0,-2.0,30.0,0.0,0.6171,0.6171,100.0,22.6513,0,3,1,0,0,200,0,0,0,0.95,1.0,0.961428571428572,0,9163,0,47.3129,0.0,0.0,0.0,1.4674,0.1224,0.5568
full_stack,70,normal,True,,3,0.061224489795918366,0.0,189.0,-2.0,30.0,0.0,0.8198,0.8198,100.00000000000001,24.4675,0,3,1,0,0,200,0,0,0,0.95,1.0,0.961428571428572,0,9261,3,47.2731,0.0,0.0,0.0,1.7183,0.1169,0.6717
full_stack,71,normal,True,,3,0.061224489795918366,0.0,200.0,-2.0,30.0,0.0,0.7926,0.7926,99.99999999999999,24.7218,0,3,1,0,0,200,0,0,0,0.95,1.0,0.961428571428572,0,9800,1,47.3489,0.0,0.0,0.0,1.4991,0.1075,0.5686
full_stack,72,normal,True,,3,0.061224489795918366,0.0,200.0,-2.0,30.0,0.0,0.9126,0.9126,100.0,21.2985,0,3,1,0,0,200,0,0,0,0.95,1.0,0.961428571428572,0,9800,3,46.319,0.0,0.0,0.0,1.4838,0.1144,0.5605
full_stack,73,normal,True,,3,0.061224489795918366,0.0,200.0,-2.0,30.0,0.0,0.6601,0.6601,100.00000000000001,23.7909,0,3,1,0,0,200,0,0,0,0.95,1.0,0.961428571428572,0,9800,0,48.9011,0.0,0.0,0.0,1.4732,0.1266,0.5605
full_stack,74,normal,True,,3,0.061224489795918366,0.0,197.0,-2.0,30.0,0.0,1.1695,1.1695,100.0,24.4749,0,3,1,0,0,200,0,0,0,0.95,1.0,0.961428571428572,0,9653,1,47.5514,0.0,0.0,0.0,1.416,0.1214,0.5242
full_stack,75,normal,True,,3,0.061224489795918366,0.0,200.0,-2.0,30.0,0.0,0.3168,0.3168,100.0,22.4086,0,3,1,0,0,200,0,0,0,0.95,1.0,0.961428571428572,0,9800,4,47.4234,0.0,0.0,0.0,1.5302,0.1269,0.5729
full_stack,76,normal,True,,3,0.061224489795918366,0.0,200.0,-2.0,30.0,0.0,1.0125,1.0125,100.0,23.1932,0,3,1,0,0,200,0,0,0,0.95,1.0,0.961428571428572,0,9800,14,50.3037,0.0,0.0,0.0,1.5692,0.1167,0.6037
full_stack,77,normal,True,,3,0.061224489795918366,0.0,200.0,-2.0,30.0,0.0,0.607,0.607,100.0,22.4846,0,3,1,0,0,200,0,0,0,0.95,1.0,0.961428571428572,0,9800,11,50.6662,0.0,0.0,0.0,1.5282,0.1206,0.5777
full_stack,78,normal,True,,3,0.061224489795918366,0.0,197.0,-2.0,30.0,0.0,0.8875,0.8875,100.0,23.7504,0,3,1,0,0,200,0,0,0,0.0,1.0,0.9420408163265311,147,9653,1,47.4397,0.0,0.0,0.0,1.5395,0.114,0.5828
full_stack,79,normal,True,,3,0.061224489795918366,0.0,200.0,-2.0,30.0,0.0,1.3205,1.3205,100.0,23.6365,0,3,1,0,0,200,0,0,0,0.95,1.0,0.961428571428572,0,9800,18,49.895,0.0,0.0,0.0,1.5431,0.1038,0.589
full_stack,80,normal,True,,3,0.061224489795918366,0.0,200.0,-2.0,30.0,0.0,1.5432,1.5432,100.0,24.9697,0,3,1,0,0,200,0,0,0,0.95,1.0,0.961428571428572,0,9800,11,51.0618,0.0,0.0,0.0,1.4945,0.1086,0.5702
full_stack,81,normal,True,,3,0.061224489795918366,0.0,185.0,-2.0,30.0,0.0,1.3576,1.3576,100.0,25.297,0,3,1,0,0,200,0,0,0,0.95,1.0,0.961428571428572,0,9065,0,45.7711,0.0,0.0,0.0,1.5626,0.1175,0.6023
full_stack,82,normal,True,,3,0.061224489795918366,0.0,200.0,-2.0,30.0,0.0,1.0253,1.0253,100.0,22.9699,0,3,1,0,0,200,0,0,0,0.95,1.0,0.961428571428572,0,9800,10,50.1315,0.0,0.0,0.0,1.5346,0.1234,0.5915
full_stack,83,normal,True,,3,0.061224489795918366,0.0,200.0,-2.0,30.0,0.0,1.6028,1.6028,100.0,23.1421,0,3,1,0,0,200,0,0,0,0.95,1.0,0.961428571428572,0,9800,4,49.8964,0.0,0.0,0.0,1.5803,0.1168,0.6079
full_stack,84,normal,True,,3,0.061224489795918366,0.0,188.0,-2.0,30.0,0.0,0.8923,0.8923,99.99999999999999,23.2835,0,3,1,0,0,200,0,0,0,0.95,1.0,0.961428571428572,0,9212,0,47.1876,0.0,0.0,0.0,1.3946,0.1132,0.5171
full_stack,85,normal,True,,3,0.061224489795918366,0.0,186.0,-2.0,30.0,0.0,1.1545,1.1545,100.0,26.2473,0,3,1,0,0,200,0,0,0,0.95,1.0,0.961428571428572,0,9114,0,46.0706,0.0,0.0,0.0,1.6048,0.1218,0.6213
full_stack,86,normal,True,,3,0.061224489795918366,0.0,200.0,-2.0,30.0,0.0,1.1219,1.1219,100.0,22.8948,0,3,1,0,0,200,0,0,0,0.95,1.0,0.961428571428572,0,9800,6,48.7865,0.0,0.0,0.0,1.6611,0.1102,0.6515
full_stack,87,normal,True,,3,0.061224489795918366,0.0,200.0,-2.0,30.0,0.0,1.509,1.509,100.0,24.5552,0,3,1,0,0,200,0,0,0,0.95,1.0,0.961428571428572,0,9800,8,50.6894,0.0,0.0,0.0,1.382,0.1108,0.5132
full_stack,88,normal,True,,3,0.061224489795918366,0.0,195.0,-2.0,30.0,0.0,0.9009,0.9009,100.0,24.267,0,3,1,0,0,200,0,0,0,0.95,1.0,0.961428571428572,0,9555,1,48.5564,0.0,0.0,0.0,1.5229,0.1142,0.5755
full_stack,89,normal,True,,3,0.061224489795918366,0.0,200.0,-2.0,30.0,0.0,1.2072,1.2072,100.0,22.2695,0,3,1,0,0,200,0,0,0,0.95,1.0,0.961428571428572,0,9800,0,46.3994,0.0,0.0,0.0,1.7935,0.1172,0.7161
full_stack,90,normal,True,,3,0.061224489795918366,0.0,200.0,-2.0,30.0,0.0,1.371,1.371,100.00000000000001,25.6438,0,3,1,0,0,200,0,0,0,0.95,1.0,0.961428571428572,0,9800,8,50.3654,0.0,0.0,0.0,1.6303,0.1108,0.6236
full_stack,91,normal,True,,3,0.061224489795918366,0.0,200.0,-2.0,30.0,0.0,0.2948,0.2948,100.0,22.7684,0,3,1,0,0,200,0,0,0,0.95,1.0,0.961428571428572,0,9800,16,50.8147,0.0,0.0,0.0,1.2716,0.1151,0.4611
full_stack,92,normal,True,,3,0.061224489795918366,0.0,200.0,-2.0,30.0,0.0,0.6264,0.6264,100.0,23.1237,0,3,1,0,0,200,0,0,0,0.95,1.0,0.961428571428572,0,9800,1,48.256,0.0,0.0,0.0,1.6836,0.1189,0.6617
full_stack,93,normal,True,,3,0.061224489795918366,0.0,184.0,-2.0,30.0,0.0,1.1676,1.1676,100.0,26.2487,0,3,1,0,0,200,0,0,0,0.95,1.0,0.961428571428572,0,9016,2,47.239,0.0,0.0,0.0,1.5124,0.1214,0.585
full_stack,94,normal,True,,3,0.061224489795918366,0.0,200.0,-2.0,30.0,0.0,0.4651,0.4651,100.0,23.1812,0,3,1,0,0,200,0,0,0,0.95,1.0,0.961428571428572,0,9800,28,51.381,0.0,0.0,0.0,1.6133,0.1087,0.624
full_stack,95,normal,True,,3,0.061224489795918366,0.0,200.0,-2.0,30.0,0.0,1.6047,1.6047,100.0,24.9961,0,3,1,0,0,200,0,0,0,0.95,1.0,0.961428571428572,0,9800,3,48.732,0.0,0.0,0.0,1.6474,0.1088,0.6364
full_stack,96,normal,True,,3,0.061224489795918366,0.0,188.0,-2.0,30.0,0.0,1.4552,1.4552,100.0,25.0825,0,3,1,0,0,200,0,0,0,0.95,1.0,0.961428571428572,0,9212,0,46.1539,0.0,0.0,0.0,1.6254,0.1187,0.6303
full_stack,97,normal,True,,3,0.061224489795918366,0.0,200.0,-2.0,30.0,0.0,1.3939,1.3939,100.0,21.5238,0,3,1,0,0,200,0,0,0,0.95,1.0,0.961428571428572,0,9800,35,51.1172,0.0,0.0,0.0,1.4907,0.1128,0.5644
full_stack,98,normal,True,,3,0.061224489795918366,0.0,200.0,-2.0,30.0,0.0,1.4066,1.4066,100.0,24.0971,0,3,1,0,0,200,0,0,0,0.95,1.0,0.961428571428572,0,9800,0,48.9619,0.0,0.0,0.0,1.5657,0.1219,0.6028
full_stack,99,normal,True,,3,0.061224489795918366,0.0,200.0,-2.0,30.0,0.0,0.8419,0.8419,100.0,23.1751,0,3,1,0,0,200,0,0,0,0.95,1.0,0.961428571428572,0,9800,2,47.5378,0.0,0.0,0.0,1.6011,0.117,0.6134
no_lstm,0,normal,True,,3,0.061224489795918366,0.0,199.0,-2.0,30.0,0.0,1.1336,1.1336,100.0,22.4927,0,3,1,0,0,200,0,0,0,0.95,1.0,0.961428571428572,0,9751,0,46.6306,0.0,0.0,0.0,1.4299,0.1243,0.5373
no_lstm,1,normal,True,,3,0.061224489795918366,0.0,198.0,-2.0,30.0,0.0,0.7504,0.7504,100.0,23.1433,0,3,1,0,0,200,0,0,0,0.95,1.0,0.961428571428572,0,9702,5,46.6815,0.0,0.0,0.0,1.4881,0.1125,0.5662
no_lstm,2,normal,True,,3,0.061224489795918366,0.0,195.0,-2.0,30.0,0.0,1.8762,1.8762,100.0,24.0293,0,3,1,0,0,200,0,0,0,0.0,1.0,0.9420408163265311,181,9555,0,45.3831,0.0,0.0,0.0,1.562,0.1308,0.6004
no_lstm,3,normal,True,,3,0.061224489795918366,0.0,193.0,-2.0,30.0,0.0,0.8582,0.8582,100.00000000000001,23.9708,0,3,1,0,0,200,0,0,0,0.95,1.0,0.961428571428572,0,9457,0,46.9146,0.0,0.0,0.0,1.4826,0.1133,0.5651
no_lstm,4,normal,True,,3,0.061224489795918366,0.0,200.0,-2.0,30.0,0.0,0.6665,0.6665,100.0,23.0639,0,3,1,0,0,200,0,0,0,0.0,1.0,0.9420408163265311,156,9800,14,50.4309,0.0,0.0,0.0,1.4293,0.1078,0.5353
no_lstm,5,normal,True,,3,0.061224489795918366,0.0,190.0,-2.0,30.0,0.0,0.688,0.688,100.0,22.6264,0,3,1,0,0,200,0,0,0,0.95,1.0,0.961428571428572,0,9310,0,45.0856,0.0,0.0,0.0,1.5957,0.1059,0.6177
no_lstm,6,normal,True,,3,0.061224489795918366,0.0,200.0,-2.0,30.0,0.0,1.5768,1.5768,100.0,25.2729,0,3,1,0,0,200,0,0,0,0.0,1.0,0.9420408163265311,49,9800,6,49.1206,0.0,0.0,0.0,1.5685,0.1054,0.5997
no_lstm,7,normal,True,,3,0.061224489795918366,0.0,200.0,-2.0,30.0,0.0,0.7101,0.7101,100.0,21.9139,0,3,1,0,0,200,0,0,0,0.0,1.0,0.9420408163265311,58,9800,7,48.079,0.0,0.0,0.0,1.4473,0.1206,0.5495
no_lstm,8,normal,True,,3,0.061224489795918366,0.0,200.0,-2.0,30.0,0.0,1.141,1.141,100.0,21.9436,0,3,1,0,0,200,0,0,0,0.0,1.0,0.9420408163265311,184,9800,0,46.0081,0.0,0.0,0.0,1.4865,0.1034,0.5572
no_lstm,9,normal,True,,3,0.061224489795918366,0.0,200.0,-2.0,30.0,0.0,1.356,1.356,100.0,25.0892,0,3,1,0,0,200,0,0,0,0.95,1.0,0.961428571428572,0,9800,15,50.4923,0.0,0.0,0.0,1.605,0.1229,0.625
no_lstm,10,normal,True,,3,0.061224489795918366,0.0,200.0,-2.0,30.0,0.0,0.714,0.714,100.0,22.846,0,3,1,0,0,200,0,0,0,0.95,1.0,0.961428571428572,0,9800,5,50.5537,0.0,0.0,0.0,1.5093,0.1096,0.5756
no_lstm,11,normal,True,,3,0.061224489795918366,0.0,200.0,-2.0,30.0,0.0,0.4092,0.4092,100.0,22.0113,0,3,1,0,0,200,0,0,0,0.95,1.0,0.961428571428572,0,9800,27,50.2537,0.0,0.0,0.0,1.5872,0.1137,0.6089
no_lstm,12,normal,True,,3,0.061224489795918366,0.0,200.0,-2.0,30.0,0.0,0.7276,0.7276,100.00000000000001,22.4484,0,3,1,0,0,200,0,0,0,0.95,1.0,0.961428571428572,0,9800,3,48.7965,0.0,0.0,0.0,1.4745,0.1159,0.561
no_lstm,13,normal,True,,3,0.061224489795918366,0.0,200.0,-2.0,30.0,0.0,0.8798,0.8798,100.0,22.5757,0,3,1,0,0,200,0,0,0,0.95,1.0,0.961428571428572,0,9800,10,48.8933,0.0,0.0,0.0,1.6148,0.1147,0.621
no_lstm,14,normal,True,,3,0.061224489795918366,0.0,200.0,-2.0,30.0,0.0,0.5366,0.5366,100.0,21.6272,0,3,1,0,0,200,0,0,0,0.95,1.0,0.961428571428572,0,9800,0,47.8118,0.0,0.0,0.0,1.4158,0.1134,0.5262
no_lstm,15,normal,True,,3,0.061224489795918366,0.0,200.0,-2.0,30.0,0.0,0.6703,0.6703,100.0,23.0195,0,3,1,0,0,200,0,0,0,0.95,1.0,0.961428571428572,0,9800,8,47.5828,0.0,0.0,0.0,1.454,0.1165,0.5515
no_lstm,16,normal,True,,3,0.061224489795918366,0.0,200.0,-2.0,30.0,0.0,1.075,1.075,100.0,24.2934,0,3,1,0,0,200,0,0,0,0.95,1.0,0.961428571428572,0,9800,22,51.1082,0.0,0.0,0.0,1.5221,0.1152,0.5783
no_lstm,17,normal,True,,3,0.061224489795918366,0.0,200.0,-2.0,30.0,0.0,1.1647,1.1647,100.0,23.6578,0,3,1,0,0,200,0,0,0,0.95,1.0,0.961428571428572,0,9800,4,48.2963,0.0,0.0,0.0,1.5813,0.1161,0.6086
no_lstm,18,normal,True,,3,0.061224489795918366,0.0,194.0,-2.0,30.0,0.0,0.9428,0.9428,100.0,26.4386,0,3,1,0,0,200,0,0,0,0.95,1.0,0.961428571428572,0,9506,7,49.8722,0.0,0.0,0.0,1.5821,0.1006,0.6105
no_lstm,19,normal,True,,3,0.061224489795918366,0.0,200.0,-2.0,30.0,0.0,1.394,1.394,99.99999999999999,23.2427,0,3,1,0,0,200,0,0,0,0.95,1.0,0.961428571428572,0,9800,5,48.1401,0.0,0.0,0.0,1.4699,0.1258,0.5531
no_lstm,20,normal,True,,3,0.061224489795918366,0.0,196.0,-2.0,30.0,0.0,1.0015,1.0015,100.0,24.7965,0,3,1,0,0,200,0,0,0,0.95,1.0,0.961428571428572,0,9604,0,47.657,0.0,0.0,0.0,1.5373,0.1203,0.5919
no_lstm,21,normal,True,,3,0.061224489795918366,0.0,196.0,-2.0,30.0,0.0,1.1154,1.1154,100.0,23.4351,0,3,1,0,0,200,0,0,0,0.95,1.0,0.961428571428572,0,9604,0,46.4005,0.0,0.0,0.0,1.4851,0.1205,0.5671
no_lstm,22,normal,True,,3,0.061224489795918366,0.0,196.0,-2.0,30.0,0.0,1.0244,1.0244,100.0,24.1606,0,3,1,0,0,200,0,0,0,0.95,1.0,0.961428571428572,0,9604,6,49.0843,0.0,0.0,0.0,1.4634,0.1088,0.5539
no_lstm,23,normal,True,,3,0.061224489795918366,0.0,200.0,-2.0,30.0,0.0,0.5142,0.5142,100.0,22.0313,0,3,1,0,0,200,0,0,0,0.0,1.0,0.9420408163265311,121,9800,1,46.6135,0.0,0.0,0.0,1.4707,0.1216,0.5565
no_lstm,24,normal,True,,3,0.061224489795918366,0.0,200.0,-2.0,30.0,0.0,1.0435,1.0435,100.0,23.3522,0,3,1,0,0,200,0,0,0,0.95,1.0,0.961428571428572,0,9800,8,47.3819,0.0,0.0,0.0,1.387,0.1159,0.5186
no_lstm,25,normal,True,,3,0.061224489795918366,0.0,200.0,-2.0,30.0,0.0,1.0792,1.0792,100.0,22.4021,0,3,1,0,0,200,0,0,0,0.95,1.0,0.961428571428572,0,9800,4,46.5566,0.0,0.0,0.0,1.5345,0.1182,0.5926
no_lstm,26,normal,True,,3,0.061224489795918366,0.0,197.0,-2.0,30.0,0.0,1.0661,1.0661,100.0,25.3064,0,3,1,0,0,200,0,0,0,0.95,1.0,0.961428571428572,0,9653,8,49.838,0.0,0.0,0.0,1.6791,0.1017,0.6494
no_lstm,27,normal,True,,3,0.061224489795918366,0.0,200.0,-2.0,30.0,0.0,1.2929,1.2929,100.0,25.2621,0,3,1,0,0,200,0,0,0,0.95,1.0,0.961428571428572,0,9800,5,50.4282,0.0,0.0,0.0,1.616,0.1191,0.6242
no_lstm,28,normal,True,,3,0.061224489795918366,0.0,183.0,-2.0,30.0,0.0,1.126,1.126,100.0,26.1859,0,3,1,0,0,200,0,0,0,0.95,1.0,0.961428571428572,0,8967,0,47.389,0.0,0.0,0.0,1.4658,0.1167,0.5504
no_lstm,29,normal,True,,3,0.061224489795918366,0.0,191.0,-2.0,30.0,0.0,0.8423,0.8423,99.99999999999999,23.9838,0,3,1,0,0,200,0,0,0,0.95,1.0,0.961428571428572,0,9359,4,48.1299,0.0,0.0,0.0,1.4367,0.1266,0.532
no_lstm,30,normal,True,,3,0.061224489795918366,0.0,197.0,-2.0,30.0,0.0,1.0065,1.0065,100.0,25.5188,0,3,1,0,0,200,0,0,0,0.95,1.0,0.961428571428572,0,9653,6,48.2507,0.0,0.0,0.0,1.6409,0.1064,0.6349
no_lstm,31,normal,True,,3,0.061224489795918366,0.0,198.0,-2.0,30.0,0.0,0.7938,0.7938,99.99999999999999,24.573,0,3,1,0,0,200,0,0,0,0.95,1.0,0.961428571428572,0,9702,4,47.1672,0.0,0.0,0.0,1.5408,0.1118,0.5886
no_lstm,32,normal,True,,3,0.061224489795918366,0.0,198.0,-2.0,30.0,0.0,0.9846,0.9846,100.0,23.5502,0,3,1,0,0,200,0,0,0,0.95,1.0,0.961428571428572,0,9702,0,48.4662,0.0,0.0,0.0,1.502,0.1128,0.5664
no_lstm,33,normal,True,,3,0.061224489795918366,0.0,200.0,-2.0,30.0,0.0,0.7927,0.7927,100.0,23.3311,0,3,1,0,0,200,0,0,0,0.95,1.0,0.961428571428572,0,9800,3,48.7021,0.0,0.0,0.0,1.6119,0.1128,0.6221
no_lstm,34,normal,True,,3,0.061224489795918366,0.0,200.0,-2.0,30.0,0.0,0.9592,0.9592,100.0,22.3862,0,3,1,0,0,200,0,0,0,0.95,1.0,0.961428571428572,0,9800,0,46.4368,0.0,0.0,0.0,1.4953,0.1205,0.5666
no_lstm,35,normal,True,,3,0.061224489795918366,0.0,200.0,-2.0,30.0,0.0,0.7464,0.7464,100.0,22.6954,0,3,1,0,0,200,0,0,0,0.95,1.0,0.961428571428572,0,9800,5,49.1058,0.0,0.0,0.0,1.5909,0.0999,0.6164
no_lstm,36,normal,True,,3,0.061224489795918366,0.0,187.0,-2.0,30.0,0.0,1.5012,1.5012,100.0,25.3831,0,3,1,0,0,200,0,0,0,0.0,1.0,0.9420408163265311,123,9163,1,47.6822,0.0,0.0,0.0,1.5798,0.1067,0.6086
no_lstm,37,normal,True,,3,0.061224489795918366,0.0,198.0,-2.0,30.0,0.0,0.823,0.823,100.0,23.6489,0,3,1,0,0,200,0,0,0,0.95,1.0,0.961428571428572,0,9702,3,46.6599,0.0,0.0,0.0,1.4889,0.1196,0.564
no_lstm,38,normal,True,,3,0.061224489795918366,0.0,196.0,-2.0,30.0,0.0,0.6411,0.6411,100.0,25.3702,0,3,1,0,0,200,0,0,0,0.95,1.0,0.961428571428572,0,9604,6,49.5454,0.0,0.0,0.0,1.5342,0.1156,0.5913
no_lstm,39,normal,True,,3,0.061224489795918366,0.0,194.0,-2.0,30.0,0.0,0.5648,0.5648,100.0,24.3546,0,3,1,0,0,200,0,0,0,0.95,1.0,0.961428571428572,0,9506,3,47.937,0.0,0.0,0.0,1.5763,0.1068,0.6056
no_lstm,40,normal,True,,3,0.061224489795918366,0.0,200.0,-2.0,30.0,0.0,0.7726,0.7726,100.0,24.5175,0,3,1,0,0,200,0,0,0,0.95,1.0,0.961428571428572,0,9800,10,49.0031,0.0,0.0,0.0,1.557,0.1165,0.5982
no_lstm,41,normal,True,,3,0.061224489795918366,0.0,189.0,-2.0,30.0,0.0,0.8822,0.8822,100.0,24.4489,0,3,1,0,0,200,0,0,0,0.95,1.0,0.961428571428572,0,9261,0,46.6797,0.0,0.0,0.0,1.4685,0.114,0.5503
no_lstm,42,normal,True,,3,0.061224489795918366,0.0,200.0,-2.0,30.0,0.0,0.9513,0.9513,100.0,22.9371,0,3,1,0,0,200,0,0,0,0.95,1.0,0.961428571428572,0,9800,0,46.7206,0.0,0.0,0.0,1.4901,0.1145,0.5677
no_lstm,43,normal,True,,3,0.061224489795918366,0.0,200.0,-2.0,30.0,0.0,0.9742,0.9742,100.0,25.7488,0,3,1,0,0,200,0,0,0,0.95,1.0,0.961428571428572,0,9800,8,50.5851,0.0,0.0,0.0,1.3971,0.1081,0.5148
no_lstm,44,normal,True,,3,0.061224489795918366,0.0,200.0,-2.0,30.0,0.0,1.1332,1.1332,100.0,24.3049,0,3,1,0,0,200,0,0,0,0.95,1.0,0.961428571428572,0,9800,4,48.7712,0.0,0.0,0.0,1.682,0.1108,0.6561
no_lstm,45,normal,True,,3,0.061224489795918366,0.0,200.0,-2.0,30.0,0.0,1.3259,1.3259,100.0,23.9698,0,3,1,0,0,200,0,0,0,0.0,1.0,0.9420408163265311,130,9800,6,47.4198,0.0,0.0,0.0,1.487,0.1148,0.5631
no_lstm,46,normal,True,,3,0.061224489795918366,0.0,197.0,-2.0,30.0,0.0,1.796,1.796,100.0,25.4984,0,3,1,0,0,200,0,0,0,0.95,1.0,0.961428571428572,0,9653,6,49.4713,0.0,0.0,0.0,1.3802,0.1176,0.5142
no_lstm,47,normal,True,,3,0.061224489795918366,0.0,194.0,-2.0,30.0,0.0,1.1629,1.1629,100.0,24.3987,0,3,1,0,0,200,0,0,0,0.95,1.0,0.961428571428572,0,9506,0,46.7094,0.0,0.0,0.0,1.599,0.1221,0.6219
no_lstm,48,normal,True,,3,0.061224489795918366,0.0,192.0,-2.0,30.0,0.0,1.0989,1.0989,100.0,24.8645,0,3,1,0,0,200,0,0,0,0.95,1.0,0.961428571428572,0,9408,5,47.8934,0.0,0.0,0.0,1.3859,0.1113,0.5096
no_lstm,49,normal,True,,3,0.061224489795918366,0.0,200.0,-2.0,30.0,0.0,1.0472,1.0472,100.0,22.3348,0,3,1,0,0,200,0,0,0,0.95,1.0,0.961428571428572,0,9800,5,46.5783,0.0,0.0,0.0,1.603,0.1258,0.6215
no_lstm,50,normal,True,,3,0.061224489795918366,0.0,195.0,-2.0,30.0,0.0,0.8909,0.8909,100.0,25.1738,0,3,1,0,0,200,0,0,0,0.95,1.0,0.961428571428572,0,9555,6,48.5884,0.0,0.0,0.0,1.4879,0.1121,0.5584
no_lstm,51,normal,True,,3,0.061224489795918366,0.0,185.0,-2.0,30.0,0.0,1.2913,1.2913,100.0,25.3117,0,3,1,0,0,200,0,0,0,0.95,1.0,0.961428571428572,0,9065,0,47.085,0.0,0.0,0.0,1.5872,0.1105,0.6045
no_lstm,52,normal,True,,3,0.061224489795918366,0.0,200.0,-2.0,30.0,0.0,1.2612,1.2612,100.0,25.5303,0,3,1,0,0,200,0,0,0,0.95,1.0,0.961428571428572,0,9800,7,50.1764,0.0,0.0,0.0,1.6755,0.1188,0.6446
no_lstm,53,normal,True,,3,0.061224489795918366,0.0,200.0,-2.0,30.0,0.0,1.2068,1.2068,100.0,23.7278,0,3,1,0,0,200,0,0,0,0.95,1.0,0.961428571428572,0,9800,4,48.2758,0.0,0.0,0.0,1.49,0.1252,0.5652
no_lstm,54,normal,True,,3,0.061224489795918366,0.0,199.0,-2.0,30.0,0.0,0.8751,0.8751,100.0,23.838,0,3,1,0,0,200,0,0,0,0.95,1.0,0.961428571428572,0,9751,2,47.1167,0.0,0.0,0.0,1.4551,0.1184,0.5556
no_lstm,55,normal,True,,3,0.061224489795918366,0.0,200.0,-2.0,30.0,0.0,0.7062,0.7062,100.00000000000001,23.3127,0,3,1,0,0,200,0,0,0,0.95,1.0,0.961428571428572,0,9800,14,49.1407,0.0,0.0,0.0,1.7716,0.1144,0.6985
no_lstm,56,normal,True,,3,0.061224489795918366,0.0,194.0,-2.0,30.0,0.0,0.8082,0.8082,100.00000000000001,24.4417,0,3,1,0,0,200,0,0,0,0.95,1.0,0.961428571428572,0,9506,2,47.0113,0.0,0.0,0.0,1.5821,0.1015,0.6088
no_lstm,57,normal,True,,3,0.061224489795918366,0.0,200.0,-2.0,30.0,0.0,1.0423,1.0423,100.0,23.4153,0,3,1,0,0,200,0,0,0,0.95,1.0,0.961428571428572,0,9800,3,48.281,0.0,0.0,0.0,1.6564,0.1078,0.6433
no_lstm,58,normal,True,,3,0.061224489795918366,0.0,200.0,-2.0,30.0,0.0,1.402,1.402,100.0,23.5994,0,3,1,0,0,200,0,0,0,0.95,1.0,0.961428571428572,0,9800,16,50.0742,0.0,0.0,0.0,1.6232,0.1168,0.6324
no_lstm,59,normal,True,,3,0.061224489795918366,0.0,198.0,-2.0,30.0,0.0,0.7294,0.7294,100.0,23.3128,0,3,1,0,0,200,0,0,0,0.0,1.0,0.9420408163265311,138,9702,5,47.6984,0.0,0.0,0.0,1.3751,0.1088,0.5112
no_lstm,60,normal,True,,3,0.061224489795918366,0.0,200.0,-2.0,30.0,0.0,0.9056,0.9056,100.0,23.5794,0,3,1,0,0,200,0,0,0,0.95,1.0,0.961428571428572,0,9800,10,49.5281,0.0,0.0,0.0,1.5935,0.1265,0.6228
no_lstm,61,normal,True,,3,0.061224489795918366,0.0,197.0,-2.0,30.0,0.0,0.7925,0.7925,100.0,24.9204,0,3,1,0,0,200,0,0,0,0.95,1.0,0.961428571428572,0,9653,5,50.8345,0.0,0.0,0.0,1.5992,0.1239,0.6177
no_lstm,62,normal,True,,3,0.061224489795918366,0.0,200.0,-2.0,30.0,0.0,1.1714,1.1714,100.0,21.2815,0,3,1,0,0,200,0,0,0,0.95,1.0,0.961428571428572,0,9800,6,50.0774,0.0,0.0,0.0,1.4419,0.1266,0.5428
no_lstm,63,normal,True,,3,0.061224489795918366,0.0,200.0,-2.0,30.0,0.0,1.2096,1.2096,100.0,24.4121,0,3,1,0,0,200,0,0,0,0.95,1.0,0.961428571428572,0,9800,5,50.6004,0.0,0.0,0.0,1.5951,0.1208,0.6134
no_lstm,64,normal,True,,3,0.061224489795918366,0.0,200.0,-2.0,30.0,0.0,1.1381,1.1381,100.0,25.9645,0,3,1,0,0,200,0,0,0,0.95,1.0,0.961428571428572,0,9800,15,52.5161,0.0,0.0,0.0,1.5394,0.1177,0.5933
no_lstm,65,normal,True,,3,0.061224489795918366,0.0,200.0,-2.0,30.0,0.0,1.1927,1.1927,100.0,21.0138,0,3,1,0,0,200,0,0,0,0.95,1.0,0.961428571428572,0,9800,9,47.0281,0.0,0.0,0.0,1.491,0.1117,0.5697
no_lstm,66,normal,True,,3,0.061224489795918366,0.0,200.0,-2.0,30.0,0.0,0.7152,0.7152,100.00000000000001,24.9242,0,3,1,0,0,200,0,0,0,0.95,1.0,0.961428571428572,0,9800,2,47.6156,0.0,0.0,0.0,1.5115,0.1232,0.5804
no_lstm,67,normal,True,,3,0.061224489795918366,0.0,198.0,-2.0,30.0,0.0,1.2891,1.2891,99.99999999999999,23.181,0,3,1,0,0,200,0,0,0,0.95,1.0,0.961428571428572,0,9702,0,45.8248,0.0,0.0,0.0,1.5562,0.1171,0.5954
no_lstm,68,normal,True,,3,0.061224489795918366,0.0,200.0,-2.0,30.0,0.0,1.2358,1.2358,100.0,24.6259,0,3,1,0,0,200,0,0,0,0.95,1.0,0.961428571428572,0,9800,3,49.8661,0.0,0.0,0.0,1.6499,0.1098,0.6415
no_lstm,69,normal,True,,3,0.061224489795918366,0.0,187.0,-2.0,30.0,0.0,0.6171,0.6171,100.0,22.6513,0,3,1,0,0,200,0,0,0,0.95,1.0,0.961428571428572,0,9163,0,47.3129,0.0,0.0,0.0,1.6395,0.1226,0.6437
no_lstm,70,normal,True,,3,0.061224489795918366,0.0,189.0,-2.0,30.0,0.0,0.8198,0.8198,100.00000000000001,24.4675,0,3,1,0,0,200,0,0,0,0.95,1.0,0.961428571428572,0,9261,3,47.2731,0.0,0.0,0.0,1.4511,0.1147,0.5476
no_lstm,71,normal,True,,3,0.061224489795918366,0.0,200.0,-2.0,30.0,0.0,0.7926,0.7926,99.99999999999999,24.7218,0,3,1,0,0,200,0,0,0,0.95,1.0,0.961428571428572,0,9800,1,47.3489,0.0,0.0,0.0,1.4474,0.1172,0.5398
no_lstm,72,normal,True,,3,0.061224489795918366,0.0,200.0,-2.0,30.0,0.0,0.9126,0.9126,100.0,21.2985,0,3,1,0,0,200,0,0,0,0.95,1.0,0.961428571428572,0,9800,3,46.319,0.0,0.0,0.0,1.3794,0.1195,0.5086
no_lstm,73,normal,True,,3,0.061224489795918366,0.0,200.0,-2.0,30.0,0.0,0.6601,0.6601,100.00000000000001,23.7909,0,3,1,0,0,200,0,0,0,0.95,1.0,0.961428571428572,0,9800,0,48.9011,0.0,0.0,0.0,1.4254,0.1261,0.5301
no_lstm,74,normal,True,,3,0.061224489795918366,0.0,197.0,-2.0,30.0,0.0,1.1695,1.1695,100.0,24.4749,0,3,1,0,0,200,0,0,0,0.95,1.0,0.961428571428572,0,9653,1,47.5514,0.0,0.0,0.0,1.4994,0.1154,0.5672
no_lstm,75,normal,True,,3,0.061224489795918366,0.0,200.0,-2.0,30.0,0.0,0.3168,0.3168,100.0,22.4086,0,3,1,0,0,200,0,0,0,0.95,1.0,0.961428571428572,0,9800,4,47.4234,0.0,0.0,0.0,1.5417,0.1194,0.5893
no_lstm,76,normal,True,,3,0.061224489795918366,0.0,200.0,-2.0,30.0,0.0,1.0125,1.0125,100.0,23.1932,0,3,1,0,0,200,0,0,0,0.95,1.0,0.961428571428572,0,9800,14,50.3037,0.0,0.0,0.0,1.5393,0.1264,0.5934
no_lstm,77,normal,True,,3,0.061224489795918366,0.0,200.0,-2.0,30.0,0.0,0.607,0.607,100.0,22.4846,0,3,1,0,0,200,0,0,0,0.95,1.0,0.961428571428572,0,9800,11,50.6662,0.0,0.0,0.0,1.6266,0.11,0.6302
no_lstm,78,normal,True,,3,0.061224489795918366,0.0,197.0,-2.0,30.0,0.0,0.8875,0.8875,100.0,23.7504,0,3,1,0,0,200,0,0,0,0.0,1.0,0.9420408163265311,147,9653,1,47.4397,0.0,0.0,0.0,1.4395,0.1175,0.5407
no_lstm,79,normal,True,,3,0.061224489795918366,0.0,200.0,-2.0,30.0,0.0,1.3205,1.3205,100.0,23.6365,0,3,1,0,0,200,0,0,0,0.95,1.0,0.961428571428572,0,9800,18,49.895,0.0,0.0,0.0,1.5991,0.1074,0.6211
no_lstm,80,normal,True,,3,0.061224489795918366,0.0,200.0,-2.0,30.0,0.0,1.5432,1.5432,100.0,24.9697,0,3,1,0,0,200,0,0,0,0.95,1.0,0.961428571428572,0,9800,11,51.0618,0.0,0.0,0.0,1.463,0.1223,0.5506
no_lstm,81,normal,True,,3,0.061224489795918366,0.0,185.0,-2.0,30.0,0.0,1.3576,1.3576,100.0,25.297,0,3,1,0,0,200,0,0,0,0.95,1.0,0.961428571428572,0,9065,0,45.7711,0.0,0.0,0.0,1.6017,0.1113,0.6188
no_lstm,82,normal,True,,3,0.061224489795918366,0.0,200.0,-2.0,30.0,0.0,1.0253,1.0253,100.0,22.9699,0,3,1,0,0,200,0,0,0,0.95,1.0,0.961428571428572,0,9800,10,50.1315,0.0,0.0,0.0,1.5886,0.1158,0.6141
no_lstm,83,normal,True,,3,0.061224489795918366,0.0,200.0,-2.0,30.0,0.0,1.6028,1.6028,100.0,23.1421,0,3,1,0,0,200,0,0,0,0.95,1.0,0.961428571428572,0,9800,4,49.8964,0.0,0.0,0.0,1.5586,0.1108,0.6031
no_lstm,84,normal,True,,3,0.061224489795918366,0.0,188.0,-2.0,30.0,0.0,0.8923,0.8923,99.99999999999999,23.2835,0,3,1,0,0,200,0,0,0,0.95,1.0,0.961428571428572,0,9212,0,47.1876,0.0,0.0,0.0,1.5944,0.0999,0.6145
no_lstm,85,normal,True,,3,0.061224489795918366,0.0,186.0,-2.0,30.0,0.0,1.1545,1.1545,100.0,26.2473,0,3,1,0,0,200,0,0,0,0.95,1.0,0.961428571428572,0,9114,0,46.0706,0.0,0.0,0.0,1.6255,0.1221,0.6302
no_lstm,86,normal,True,,3,0.061224489795918366,0.0,200.0,-2.0,30.0,0.0,1.1219,1.1219,100.0,22.8948,0,3,1,0,0,200,0,0,0,0.95,1.0,0.961428571428572,0,9800,6,48.7865,0.0,0.0,0.0,1.4021,0.1024,0.5182
no_lstm,87,normal,True,,3,0.061224489795918366,0.0,200.0,-2.0,30.0,0.0,1.509,1.509,100.0,24.5552,0,3,1,0,0,200,0,0,0,0.95,1.0,0.961428571428572,0,9800,8,50.6894,0.0,0.0,0.0,1.625,0.1082,0.6273
no_lstm,88,normal,True,,3,0.061224489795918366,0.0,195.0,-2.0,30.0,0.0,0.9009,0.9009,100.0,24.267,0,3,1,0,0,200,0,0,0,0.95,1.0,0.961428571428572,0,9555,1,48.5564,0.0,0.0,0.0,1.6116,0.1135,0.628
no_lstm,89,normal,True,,3,0.061224489795918366,0.0,200.0,-2.0,30.0,0.0,1.2072,1.2072,100.0,22.2695,0,3,1,0,0,200,0,0,0,0.95,1.0,0.961428571428572,0,9800,0,46.3994,0.0,0.0,0.0,1.5973,0.1143,0.6096
no_lstm,90,normal,True,,3,0.061224489795918366,0.0,200.0,-2.0,30.0,0.0,1.371,1.371,100.00000000000001,25.6438,0,3,1,0,0,200,0,0,0,0.95,1.0,0.961428571428572,0,9800,8,50.3654,0.0,0.0,0.0,1.4339,0.1166,0.5274
no_lstm,91,normal,True,,3,0.061224489795918366,0.0,200.0,-2.0,30.0,0.0,0.2948,0.2948,100.0,22.7684,0,3,1,0,0,200,0,0,0,0.95,1.0,0.961428571428572,0,9800,16,50.8147,0.0,0.0,0.0,1.4564,0.1137,0.5305
no_lstm,92,normal,True,,3,0.061224489795918366,0.0,200.0,-2.0,30.0,0.0,0.6264,0.6264,100.0,23.1237,0,3,1,0,0,200,0,0,0,0.95,1.0,0.961428571428572,0,9800,1,48.256,0.0,0.0,0.0,1.4882,0.118,0.5598
no_lstm,93,normal,True,,3,0.061224489795918366,0.0,184.0,-2.0,30.0,0.0,1.1676,1.1676,100.0,26.2487,0,3,1,0,0,200,0,0,0,0.95,1.0,0.961428571428572,0,9016,2,47.239,0.0,0.0,0.0,1.643,0.1272,0.6352
no_lstm,94,normal,True,,3,0.061224489795918366,0.0,200.0,-2.0,30.0,0.0,0.4651,0.4651,100.0,23.1812,0,3,1,0,0,200,0,0,0,0.95,1.0,0.961428571428572,0,9800,28,51.381,0.0,0.0,0.0,1.5349,0.1145,0.5903
no_lstm,95,normal,True,,3,0.061224489795918366,0.0,200.0,-2.0,30.0,0.0,1.6047,1.6047,100.0,24.9961,0,3,1,0,0,200,0,0,0,0.95,1.0,0.961428571428572,0,9800,3,48.732,0.0,0.0,0.0,1.4773,0.1076,0.5594
no_lstm,96,normal,True,,3,0.061224489795918366,0.0,188.0,-2.0,30.0,0.0,1.4552,1.4552,100.0,25.0825,0,3,1,0,0,200,0,0,0,0.95,1.0,0.961428571428572,0,9212,0,46.1539,0.0,0.0,0.0,1.5696,0.1274,0.6042
no_lstm,97,normal,True,,3,0.061224489795918366,0.0,200.0,-2.0,30.0,0.0,1.3939,1.3939,100.0,21.5238,0,3,1,0,0,200,0,0,0,0.95,1.0,0.961428571428572,0,9800,35,51.1172,0.0,0.0,0.0,1.6135,0.1096,0.6251
no_lstm,98,normal,True,,3,0.061224489795918366,0.0,200.0,-2.0,30.0,0.0,1.4066,1.4066,100.0,24.0971,0,3,1,0,0,200,0,0,0,0.95,1.0,0.961428571428572,0,9800,0,48.9619,0.0,0.0,0.0,1.506,0.1186,0.5688
no_lstm,99,normal,True,,3,0.061224489795918366,0.0,200.0,-2.0,30.0,0.0,0.8419,0.8419,100.0,23.1751,0,3,1,0,0,200,0,0,0,0.95,1.0,0.961428571428572,0,9800,2,47.5378,0.0,0.0,0.0,1.4775,0.1259,0.5553
no_twin,0,normal,True,,3,0.061224489795918366,0.0,199.0,-2.0,30.0,0.0,1.1336,1.1336,100.0,22.4927,0,3,1,0,0,200,0,0,0,0.95,1.0,0.961428571428572,0,9751,0,46.6306,0.0,0.0,0.0,1.4636,0.1125,0.5584
no_twin,1,normal,True,,3,0.061224489795918366,0.0,198.0,-2.0,30.0,0.0,0.7504,0.7504,100.0,23.1433,0,3,1,0,0,200,0,0,0,0.95,1.0,0.961428571428572,0,9702,5,46.6815,0.0,0.0,0.0,1.6581,0.1001,0.6513
no_twin,2,normal,True,,3,0.061224489795918366,0.0,195.0,-2.0,30.0,0.0,1.8762,1.8762,100.0,24.0293,0,3,1,0,0,200,0,0,0,0.0,1.0,0.9420408163265311,181,9555,0,45.3831,0.0,0.0,0.0,1.4886,0.1246,0.568
no_twin,3,normal,True,,3,0.061224489795918366,0.0,193.0,-2.0,30.0,0.0,0.8582,0.8582,100.00000000000001,23.9708,0,3,1,0,0,200,0,0,0,0.95,1.0,0.961428571428572,0,9457,0,46.9146,0.0,0.0,0.0,1.3286,0.1148,0.4779
no_twin,4,normal,True,,3,0.061224489795918366,0.0,200.0,-2.0,30.0,0.0,0.6665,0.6665,100.0,23.0639,0,3,1,0,0,200,0,0,0,0.0,1.0,0.9420408163265311,156,9800,14,50.4309,0.0,0.0,0.0,1.5833,0.1198,0.6047
no_twin,5,normal,True,,3,0.061224489795918366,0.0,190.0,-2.0,30.0,0.0,0.688,0.688,100.0,22.6264,0,3,1,0,0,200,0,0,0,0.95,1.0,0.961428571428572,0,9310,0,45.0856,0.0,0.0,0.0,1.7247,0.1189,0.6802
no_twin,6,normal,True,,3,0.061224489795918366,0.0,200.0,-2.0,30.0,0.0,1.5768,1.5768,100.0,25.2729,0,3,1,0,0,200,0,0,0,0.0,1.0,0.9420408163265311,49,9800,6,49.1206,0.0,0.0,0.0,1.6038,0.1183,0.6205
no_twin,7,normal,True,,3,0.061224489795918366,0.0,200.0,-2.0,30.0,0.0,0.7101,0.7101,100.0,21.9139,0,3,1,0,0,200,0,0,0,0.0,1.0,0.9420408163265311,58,9800,7,48.079,0.0,0.0,0.0,1.3662,0.1244,0.5055
no_twin,8,normal,True,,3,0.061224489795918366,0.0,200.0,-2.0,30.0,0.0,1.141,1.141,100.0,21.9436,0,3,1,0,0,200,0,0,0,0.0,1.0,0.9420408163265311,184,9800,0,46.0081,0.0,0.0,0.0,1.4499,0.1053,0.5498
no_twin,9,normal,True,,3,0.061224489795918366,0.0,200.0,-2.0,30.0,0.0,1.356,1.356,100.0,25.0892,0,3,1,0,0,200,0,0,0,0.95,1.0,0.961428571428572,0,9800,15,50.4923,0.0,0.0,0.0,1.6732,0.1259,0.6586
no_twin,10,normal,True,,3,0.061224489795918366,0.0,200.0,-2.0,30.0,0.0,0.714,0.714,100.0,22.846,0,3,1,0,0,200,0,0,0,0.95,1.0,0.961428571428572,0,9800,5,50.5537,0.0,0.0,0.0,1.4603,0.1167,0.5514
no_twin,11,normal,True,,3,0.061224489795918366,0.0,200.0,-2.0,30.0,0.0,0.4092,0.4092,100.0,22.0113,0,3,1,0,0,200,0,0,0,0.95,1.0,0.961428571428572,0,9800,27,50.2537,0.0,0.0,0.0,1.4589,0.1165,0.5538
no_twin,12,normal,True,,3,0.061224489795918366,0.0,200.0,-2.0,30.0,0.0,0.7276,0.7276,100.00000000000001,22.4484,0,3,1,0,0,200,0,0,0,0.95,1.0,0.961428571428572,0,9800,3,48.7965,0.0,0.0,0.0,1.5496,0.1121,0.5919
no_twin,13,normal,True,,3,0.061224489795918366,0.0,200.0,-2.0,30.0,0.0,0.8798,0.8798,100.0,22.5757,0,3,1,0,0,200,0,0,0,0.95,1.0,0.961428571428572,0,9800,10,48.8933,0.0,0.0,0.0,1.3777,0.1217,0.5142
no_twin,14,normal,True,,3,0.061224489795918366,0.0,200.0,-2.0,30.0,0.0,0.5366,0.5366,100.0,21.6272,0,3,1,0,0,200,0,0,0,0.95,1.0,0.961428571428572,0,9800,0,47.8118,0.0,0.0,0.0,1.3796,0.1208,0.509
no_twin,15,normal,True,,3,0.061224489795918366,0.0,200.0,-2.0,30.0,0.0,0.6703,0.6703,100.0,23.0195,0,3,1,0,0,200,0,0,0,0.95,1.0,0.961428571428572,0,9800,8,47.5828,0.0,0.0,0.0,1.577,0.1197,0.6092
no_twin,16,normal,True,,3,0.061224489795918366,0.0,200.0,-2.0,30.0,0.0,1.075,1.075,100.0,24.2934,0,3,1,0,0,200,0,0,0,0.95,1.0,0.961428571428572,0,9800,22,51.1082,0.0,0.0,0.0,1.4545,0.1068,0.5413
no_twin,17,normal,True,,3,0.061224489795918366,0.0,200.0,-2.0,30.0,0.0,1.1647,1.1647,100.0,23.6578,0,3,1,0,0,200,0,0,0,0.95,1.0,0.961428571428572,0,9800,4,48.2963,0.0,0.0,0.0,1.7143,0.1059,0.6674
no_twin,18,normal,True,,3,0.061224489795918366,0.0,194.0,-2.0,30.0,0.0,0.9428,0.9428,100.0,26.4386,0,3,1,0,0,200,0,0,0,0.95,1.0,0.961428571428572,0,9506,7,49.8722,0.0,0.0,0.0,1.544,0.1101,0.5901
no_twin,19,normal,True,,3,0.061224489795918366,0.0,200.0,-2.0,30.0,0.0,1.394,1.394,99.99999999999999,23.2427,0,3,1,0,0,200,0,0,0,0.95,1.0,0.961428571428572,0,9800,5,48.1401,0.0,0.0,0.0,1.5685,0.1221,0.6054
no_twin,20,normal,True,,3,0.061224489795918366,0.0,196.0,-2.0,30.0,0.0,1.0015,1.0015,100.0,24.7965,0,3,1,0,0,200,0,0,0,0.95,1.0,0.961428571428572,0,9604,0,47.657,0.0,0.0,0.0,1.4643,0.1258,0.5612
no_twin,21,normal,True,,3,0.061224489795918366,0.0,196.0,-2.0,30.0,0.0,1.1154,1.1154,100.0,23.4351,0,3,1,0,0,200,0,0,0,0.95,1.0,0.961428571428572,0,9604,0,46.4005,0.0,0.0,0.0,1.637,0.1229,0.6383
no_twin,22,normal,True,,3,0.061224489795918366,0.0,196.0,-2.0,30.0,0.0,1.0244,1.0244,100.0,24.1606,0,3,1,0,0,200,0,0,0,0.95,1.0,0.961428571428572,0,9604,6,49.0843,0.0,0.0,0.0,1.6015,0.1152,0.6203
no_twin,23,normal,True,,3,0.061224489795918366,0.0,200.0,-2.0,30.0,0.0,0.5142,0.5142,100.0,22.0313,0,3,1,0,0,200,0,0,0,0.0,1.0,0.9420408163265311,121,9800,1,46.6135,0.0,0.0,0.0,1.5624,0.1094,0.5986
no_twin,24,normal,True,,3,0.061224489795918366,0.0,200.0,-2.0,30.0,0.0,1.0435,1.0435,100.0,23.3522,0,3,1,0,0,200,0,0,0,0.95,1.0,0.961428571428572,0,9800,8,47.3819,0.0,0.0,0.0,1.4401,0.1147,0.5381
no_twin,25,normal,True,,3,0.061224489795918366,0.0,200.0,-2.0,30.0,0.0,1.0792,1.0792,100.0,22.4021,0,3,1,0,0,200,0,0,0,0.95,1.0,0.961428571428572,0,9800,4,46.5566,0.0,0.0,0.0,1.4427,0.1291,0.5452
no_twin,26,normal,True,,3,0.061224489795918366,0.0,197.0,-2.0,30.0,0.0,1.0661,1.0661,100.0,25.3064,0,3,1,0,0,200,0,0,0,0.95,1.0,0.961428571428572,0,9653,8,49.838,0.0,0.0,0.0,1.4582,0.114,0.5508
no_twin,27,normal,True,,3,0.061224489795918366,0.0,200.0,-2.0,30.0,0.0,1.2929,1.2929,100.0,25.2621,0,3,1,0,0,200,0,0,0,0.95,1.0,0.961428571428572,0,9800,5,50.4282,0.0,0.0,0.0,1.5487,0.1162,0.5911
no_twin,28,normal,True,,3,0.061224489795918366,0.0,183.0,-2.0,30.0,0.0,1.126,1.126,100.0,26.1859,0,3,1,0,0,200,0,0,0,0.95,1.0,0.961428571428572,0,8967,0,47.389,0.0,0.0,0.0,1.468,0.1079,0.556
no_twin,29,normal,True,,3,0.061224489795918366,0.0,191.0,-2.0,30.0,0.0,0.8423,0.8423,99.99999999999999,23.9838,0,3,1,0,0,200,0,0,0,0.95,1.0,0.961428571428572,0,9359,4,48.1299,0.0,0.0,0.0,1.5705,0.1248,0.6063
no_twin,30,normal,True,,3,0.061224489795918366,0.0,197.0,-2.0,30.0,0.0,1.0065,1.0065,100.0,25.5188,0,3,1,0,0,200,0,0,0,0.95,1.0,0.961428571428572,0,9653,6,48.2507,0.0,0.0,0.0,1.5927,0.1224,0.6126
no_twin,31,normal,True,,3,0.061224489795918366,0.0,198.0,-2.0,30.0,0.0,0.7938,0.7938,99.99999999999999,24.573,0,3,1,0,0,200,0,0,0,0.95,1.0,0.961428571428572,0,9702,4,47.1672,0.0,0.0,0.0,1.4664,0.1082,0.553
no_twin,32,normal,True,,3,0.061224489795918366,0.0,198.0,-2.0,30.0,0.0,0.9846,0.9846,100.0,23.5502,0,3,1,0,0,200,0,0,0,0.95,1.0,0.961428571428572,0,9702,0,48.4662,0.0,0.0,0.0,1.5746,0.1218,0.6095
no_twin,33,normal,True,,3,0.061224489795918366,0.0,200.0,-2.0,30.0,0.0,0.7927,0.7927,100.0,23.3311,0,3,1,0,0,200,0,0,0,0.95,1.0,0.961428571428572,0,9800,3,48.7021,0.0,0.0,0.0,1.4537,0.1247,0.5452
no_twin,34,normal,True,,3,0.061224489795918366,0.0,200.0,-2.0,30.0,0.0,0.9592,0.9592,100.0,22.3862,0,3,1,0,0,200,0,0,0,0.95,1.0,0.961428571428572,0,9800,0,46.4368,0.0,0.0,0.0,1.7039,0.117,0.6759
no_twin,35,normal,True,,3,0.061224489795918366,0.0,200.0,-2.0,30.0,0.0,0.7464,0.7464,100.0,22.6954,0,3,1,0,0,200,0,0,0,0.95,1.0,0.961428571428572,0,9800,5,49.1058,0.0,0.0,0.0,1.6293,0.1261,0.631
no_twin,36,normal,True,,3,0.061224489795918366,0.0,187.0,-2.0,30.0,0.0,1.5012,1.5012,100.0,25.3831,0,3,1,0,0,200,0,0,0,0.0,1.0,0.9420408163265311,123,9163,1,47.6822,0.0,0.0,0.0,1.4667,0.0962,0.5497
no_twin,37,normal,True,,3,0.061224489795918366,0.0,198.0,-2.0,30.0,0.0,0.823,0.823,100.0,23.6489,0,3,1,0,0,200,0,0,0,0.95,1.0,0.961428571428572,0,9702,3,46.6599,0.0,0.0,0.0,1.5509,0.1151,0.5927
no_twin,38,normal,True,,3,0.061224489795918366,0.0,196.0,-2.0,30.0,0.0,0.6411,0.6411,100.0,25.3702,0,3,1,0,0,200,0,0,0,0.95,1.0,0.961428571428572,0,9604,6,49.5454,0.0,0.0,0.0,1.6084,0.1067,0.6271
no_twin,39,normal,True,,3,0.061224489795918366,0.0,194.0,-2.0,30.0,0.0,0.5648,0.5648,100.0,24.3546,0,3,1,0,0,200,0,0,0,0.95,1.0,0.961428571428572,0,9506,3,47.937,0.0,0.0,0.0,1.4838,0.1115,0.5643
no_twin,40,normal,True,,3,0.061224489795918366,0.0,200.0,-2.0,30.0,0.0,0.7726,0.7726,100.0,24.5175,0,3,1,0,0,200,0,0,0,0.95,1.0,0.961428571428572,0,9800,10,49.0031,0.0,0.0,0.0,1.4732,0.0952,0.5531
no_twin,41,normal,True,,3,0.061224489795918366,0.0,189.0,-2.0,30.0,0.0,0.8822,0.8822,100.0,24.4489,0,3,1,0,0,200,0,0,0,0.95,1.0,0.961428571428572,0,9261,0,46.6797,0.0,0.0,0.0,1.5193,0.1213,0.5798
no_twin,42,normal,True,,3,0.061224489795918366,0.0,200.0,-2.0,30.0,0.0,0.9513,0.9513,100.0,22.9371,0,3,1,0,0,200,0,0,0,0.95,1.0,0.961428571428572,0,9800,0,46.7206,0.0,0.0,0.0,1.7089,0.1198,0.6705
no_twin,43,normal,True,,3,0.061224489795918366,0.0,200.0,-2.0,30.0,0.0,0.9742,0.9742,100.0,25.7488,0,3,1,0,0,200,0,0,0,0.95,1.0,0.961428571428572,0,9800,8,50.5851,0.0,0.0,0.0,1.6007,0.1087,0.6181
no_twin,44,normal,True,,3,0.061224489795918366,0.0,200.0,-2.0,30.0,0.0,1.1332,1.1332,100.0,24.3049,0,3,1,0,0,200,0,0,0,0.95,1.0,0.961428571428572,0,9800,4,48.7712,0.0,0.0,0.0,1.4429,0.1097,0.543
no_twin,45,normal,True,,3,0.061224489795918366,0.0,200.0,-2.0,30.0,0.0,1.3259,1.3259,100.0,23.9698,0,3,1,0,0,200,0,0,0,0.0,1.0,0.9420408163265311,130,9800,6,47.4198,0.0,0.0,0.0,1.5949,0.1187,0.6156
no_twin,46,normal,True,,3,0.061224489795918366,0.0,197.0,-2.0,30.0,0.0,1.796,1.796,100.0,25.4984,0,3,1,0,0,200,0,0,0,0.95,1.0,0.961428571428572,0,9653,6,49.4713,0.0,0.0,0.0,1.4265,0.1184,0.5399
no_twin,47,normal,True,,3,0.061224489795918366,0.0,194.0,-2.0,30.0,0.0,1.1629,1.1629,100.0,24.3987,0,3,1,0,0,200,0,0,0,0.95,1.0,0.961428571428572,0,9506,0,46.7094,0.0,0.0,0.0,1.4755,0.1105,0.5559
no_twin,48,normal,True,,3,0.061224489795918366,0.0,192.0,-2.0,30.0,0.0,1.0989,1.0989,100.0,24.8645,0,3,1,0,0,200,0,0,0,0.95,1.0,0.961428571428572,0,9408,5,47.8934,0.0,0.0,0.0,1.6929,0.1109,0.6656
no_twin,49,normal,True,,3,0.061224489795918366,0.0,200.0,-2.0,30.0,0.0,1.0472,1.0472,100.0,22.3348,0,3,1,0,0,200,0,0,0,0.95,1.0,0.961428571428572,0,9800,5,46.5783,0.0,0.0,0.0,1.3988,0.1254,0.5202
no_twin,50,normal,True,,3,0.061224489795918366,0.0,195.0,-2.0,30.0,0.0,0.8909,0.8909,100.0,25.1738,0,3,1,0,0,200,0,0,0,0.95,1.0,0.961428571428572,0,9555,6,48.5884,0.0,0.0,0.0,1.5402,0.1068,0.5942
no_twin,51,normal,True,,3,0.061224489795918366,0.0,185.0,-2.0,30.0,0.0,1.2913,1.2913,100.0,25.3117,0,3,1,0,0,200,0,0,0,0.95,1.0,0.961428571428572,0,9065,0,47.085,0.0,0.0,0.0,1.668,0.1226,0.6574
no_twin,52,normal,True,,3,0.061224489795918366,0.0,200.0,-2.0,30.0,0.0,1.2612,1.2612,100.0,25.5303,0,3,1,0,0,200,0,0,0,0.95,1.0,0.961428571428572,0,9800,7,50.1764,0.0,0.0,0.0,1.3779,0.1169,0.5116
no_twin,53,normal,True,,3,0.061224489795918366,0.0,200.0,-2.0,30.0,0.0,1.2068,1.2068,100.0,23.7278,0,3,1,0,0,200,0,0,0,0.95,1.0,0.961428571428572,0,9800,4,48.2758,0.0,0.0,0.0,1.5898,0.1175,0.6136
no_twin,54,normal,True,,3,0.061224489795918366,0.0,199.0,-2.0,30.0,0.0,0.8751,0.8751,100.0,23.838,0,3,1,0,0,200,0,0,0,0.95,1.0,0.961428571428572,0,9751,2,47.1167,0.0,0.0,0.0,1.3374,0.1218,0.4888
no_twin,55,normal,True,,3,0.061224489795918366,0.0,200.0,-2.0,30.0,0.0,0.7062,0.7062,100.00000000000001,23.3127,0,3,1,0,0,200,0,0,0,0.95,1.0,0.961428571428572,0,9800,14,49.1407,0.0,0.0,0.0,1.6192,0.124,0.627
no_twin,56,normal,True,,3,0.061224489795918366,0.0,194.0,-2.0,30.0,0.0,0.8082,0.8082,100.00000000000001,24.4417,0,3,1,0,0,200,0,0,0,0.95,1.0,0.961428571428572,0,9506,2,47.0113,0.0,0.0,0.0,1.6663,0.1171,0.6578
no_twin,57,normal,True,,3,0.061224489795918366,0.0,200.0,-2.0,30.0,0.0,1.0423,1.0423,100.0,23.4153,0,3,1,0,0,200,0,0,0,0.95,1.0,0.961428571428572,0,9800,3,48.281,0.0,0.0,0.0,1.4677,0.1134,0.5591
no_twin,58,normal,True,,3,0.061224489795918366,0.0,200.0,-2.0,30.0,0.0,1.402,1.402,100.0,23.5994,0,3,1,0,0,200,0,0,0,0.95,1.0,0.961428571428572,0,9800,16,50.0742,0.0,0.0,0.0,1.6054,0.1298,0.6204
no_twin,59,normal,True,,3,0.061224489795918366,0.0,198.0,-2.0,30.0,0.0,0.7294,0.7294,100.0,23.3128,0,3,1,0,0,200,0,0,0,0.0,1.0,0.9420408163265311,138,9702,5,47.6984,0.0,0.0,0.0,1.5901,0.116,0.6146
no_twin,60,normal,True,,3,0.061224489795918366,0.0,200.0,-2.0,30.0,0.0,0.9056,0.9056,100.0,23.5794,0,3,1,0,0,200,0,0,0,0.95,1.0,0.961428571428572,0,9800,10,49.5281,0.0,0.0,0.0,1.7139,0.1259,0.6752
no_twin,61,normal,True,,3,0.061224489795918366,0.0,197.0,-2.0,30.0,0.0,0.7925,0.7925,100.0,24.9204,0,3,1,0,0,200,0,0,0,0.95,1.0,0.961428571428572,0,9653,5,50.8345,0.0,0.0,0.0,1.7955,0.1111,0.7191
no_twin,62,normal,True,,3,0.061224489795918366,0.0,200.0,-2.0,30.0,0.0,1.1714,1.1714,100.0,21.2815,0,3,1,0,0,200,0,0,0,0.95,1.0,0.961428571428572,0,9800,6,50.0774,0.0,0.0,0.0,1.5772,0.1235,0.6055
no_twin,63,normal,True,,3,0.061224489795918366,0.0,200.0,-2.0,30.0,0.0,1.2096,1.2096,100.0,24.4121,0,3,1,0,0,200,0,0,0,0.95,1.0,0.961428571428572,0,9800,5,50.6004,0.0,0.0,0.0,1.4786,0.1193,0.5589
no_twin,64,normal,True,,3,0.061224489795918366,0.0,200.0,-2.0,30.0,0.0,1.1381,1.1381,100.0,25.9645,0,3,1,0,0,200,0,0,0,0.95,1.0,0.961428571428572,0,9800,15,52.5161,0.0,0.0,0.0,1.5864,0.1453,0.602
no_twin,65,normal,True,,3,0.061224489795918366,0.0,200.0,-2.0,30.0,0.0,1.1927,1.1927,100.0,21.0138,0,3,1,0,0,200,0,0,0,0.95,1.0,0.961428571428572,0,9800,9,47.0281,0.0,0.0,0.0,1.3842,0.1025,0.5102
no_twin,66,normal,True,,3,0.061224489795918366,0.0,200.0,-2.0,30.0,0.0,0.7152,0.7152,100.00000000000001,24.9242,0,3,1,0,0,200,0,0,0,0.95,1.0,0.961428571428572,0,9800,2,47.6156,0.0,0.0,0.0,1.6671,0.1174,0.6527
no_twin,67,normal,True,,3,0.061224489795918366,0.0,198.0,-2.0,30.0,0.0,1.2891,1.2891,99.99999999999999,23.181,0,3,1,0,0,200,0,0,0,0.95,1.0,0.961428571428572,0,9702,0,45.8248,0.0,0.0,0.0,1.5292,0.113,0.5876
no_twin,68,normal,True,,3,0.061224489795918366,0.0,200.0,-2.0,30.0,0.0,1.2358,1.2358,100.0,24.6259,0,3,1,0,0,200,0,0,0,0.95,1.0,0.961428571428572,0,9800,3,49.8661,0.0,0.0,0.0,1.3917,0.1066,0.5196
no_twin,69,normal,True,,3,0.061224489795918366,0.0,187.0,-2.0,30.0,0.0,0.6171,0.6171,100.0,22.6513,0,3,1,0,0,200,0,0,0,0.95,1.0,0.961428571428572,0,9163,0,47.3129,0.0,0.0,0.0,1.3967,0.1203,0.5136
no_twin,70,normal,True,,3,0.061224489795918366,0.0,189.0,-2.0,30.0,0.0,0.8198,0.8198,100.00000000000001,24.4675,0,3,1,0,0,200,0,0,0,0.95,1.0,0.961428571428572,0,9261,3,47.2731,0.0,0.0,0.0,1.4532,0.1176,0.5454
no_twin,71,normal,True,,3,0.061224489795918366,0.0,200.0,-2.0,30.0,0.0,0.7926,0.7926,99.99999999999999,24.7218,0,3,1,0,0,200,0,0,0,0.95,1.0,0.961428571428572,0,9800,1,47.3489,0.0,0.0,0.0,1.566,0.1277,0.6005
no_twin,72,normal,True,,3,0.061224489795918366,0.0,200.0,-2.0,30.0,0.0,0.9126,0.9126,100.0,21.2985,0,3,1,0,0,200,0,0,0,0.95,1.0,0.961428571428572,0,9800,3,46.319,0.0,0.0,0.0,1.6681,0.1201,0.6556
no_twin,73,normal,True,,3,0.061224489795918366,0.0,200.0,-2.0,30.0,0.0,0.6601,0.6601,100.00000000000001,23.7909,0,3,1,0,0,200,0,0,0,0.95,1.0,0.961428571428572,0,9800,0,48.9011,0.0,0.0,0.0,1.489,0.1109,0.5656
no_twin,74,normal,True,,3,0.061224489795918366,0.0,197.0,-2.0,30.0,0.0,1.1695,1.1695,100.0,24.4749,0,3,1,0,0,200,0,0,0,0.95,1.0,0.961428571428572,0,9653,1,47.5514,0.0,0.0,0.0,1.6535,0.1192,0.6513
no_twin,75,normal,True,,3,0.061224489795918366,0.0,200.0,-2.0,30.0,0.0,0.3168,0.3168,100.0,22.4086,0,3,1,0,0,200,0,0,0,0.95,1.0,0.961428571428572,0,9800,4,47.4234,0.0,0.0,0.0,1.4549,0.1091,0.546
no_twin,76,normal,True,,3,0.061224489795918366,0.0,200.0,-2.0,30.0,0.0,1.0125,1.0125,100.0,23.1932,0,3,1,0,0,200,0,0,0,0.95,1.0,0.961428571428572,0,9800,14,50.3037,0.0,0.0,0.0,1.4097,0.1231,0.5282
no_twin,77,normal,True,,3,0.061224489795918366,0.0,200.0,-2.0,30.0,0.0,0.607,0.607,100.0,22.4846,0,3,1,0,0,200,0,0,0,0.95,1.0,0.961428571428572,0,9800,11,50.6662,0.0,0.0,0.0,1.5532,0.1065,0.595
no_twin,78,normal,True,,3,0.061224489795918366,0.0,197.0,-2.0,30.0,0.0,0.8875,0.8875,100.0,23.7504,0,3,1,0,0,200,0,0,0,0.0,1.0,0.9420408163265311,147,9653,1,47.4397,0.0,0.0,0.0,1.5357,0.1149,0.5866
no_twin,79,normal,True,,3,0.061224489795918366,0.0,200.0,-2.0,30.0,0.0,1.3205,1.3205,100.0,23.6365,0,3,1,0,0,200,0,0,0,0.95,1.0,0.961428571428572,0,9800,18,49.895,0.0,0.0,0.0,1.5156,0.1045,0.5758
no_twin,80,normal,True,,3,0.061224489795918366,0.0,200.0,-2.0,30.0,0.0,1.5432,1.5432,100.0,24.9697,0,3,1,0,0,200,0,0,0,0.95,1.0,0.961428571428572,0,9800,11,51.0618,0.0,0.0,0.0,1.4412,0.1161,0.5428
no_twin,81,normal,True,,3,0.061224489795918366,0.0,185.0,-2.0,30.0,0.0,1.3576,1.3576,100.0,25.297,0,3,1,0,0,200,0,0,0,0.95,1.0,0.961428571428572,0,9065,0,45.7711,0.0,0.0,0.0,1.5236,0.11,0.5756
no_twin,82,normal,True,,3,0.061224489795918366,0.0,200.0,-2.0,30.0,0.0,1.0253,1.0253,100.0,22.9699,0,3,1,0,0,200,0,0,0,0.95,1.0,0.961428571428572,0,9800,10,50.1315,0.0,0.0,0.0,1.4785,0.1105,0.5571
no_twin,83,normal,True,,3,0.061224489795918366,0.0,200.0,-2.0,30.0,0.0,1.6028,1.6028,100.0,23.1421,0,3,1,0,0,200,0,0,0,0.95,1.0,0.961428571428572,0,9800,4,49.8964,0.0,0.0,0.0,1.4964,0.1064,0.5695
no_twin,84,normal,True,,3,0.061224489795918366,0.0,188.0,-2.0,30.0,0.0,0.8923,0.8923,99.99999999999999,23.2835,0,3,1,0,0,200,0,0,0,0.95,1.0,0.961428571428572,0,9212,0,47.1876,0.0,0.0,0.0,1.4549,0.1044,0.5485
no_twin,85,normal,True,,3,0.061224489795918366,0.0,186.0,-2.0,30.0,0.0,1.1545,1.1545,100.0,26.2473,0,3,1,0,0,200,0,0,0,0.95,1.0,0.961428571428572,0,9114,0,46.0706,0.0,0.0,0.0,1.4768,0.119,0.5615
no_twin,86,normal,True,,3,0.061224489795918366,0.0,200.0,-2.0,30.0,0.0,1.1219,1.1219,100.0,22.8948,0,3,1,0,0,200,0,0,0,0.95,1.0,0.961428571428572,0,9800,6,48.7865,0.0,0.0,0.0,1.6128,0.1083,0.6246
no_twin,87,normal,True,,3,0.061224489795918366,0.0,200.0,-2.0,30.0,0.0,1.509,1.509,100.0,24.5552,0,3,1,0,0,200,0,0,0,0.95,1.0,0.961428571428572,0,9800,8,50.6894,0.0,0.0,0.0,1.4497,0.1249,0.5476
no_twin,88,normal,True,,3,0.061224489795918366,0.0,195.0,-2.0,30.0,0.0,0.9009,0.9009,100.0,24.267,0,3,1,0,0,200,0,0,0,0.95,1.0,0.961428571428572,0,9555,1,48.5564,0.0,0.0,0.0,1.7032,0.1196,0.6711
no_twin,89,normal,True,,3,0.061224489795918366,0.0,200.0,-2.0,30.0,0.0,1.2072,1.2072,100.0,22.2695,0,3,1,0,0,200,0,0,0,0.95,1.0,0.961428571428572,0,9800,0,46.3994,0.0,0.0,0.0,1.5178,0.117,0.582
no_twin,90,normal,True,,3,0.061224489795918366,0.0,200.0,-2.0,30.0,0.0,1.371,1.371,100.00000000000001,25.6438,0,3,1,0,0,200,0,0,0,0.95,1.0,0.961428571428572,0,9800,8,50.3654,0.0,0.0,0.0,1.3432,0.1151,0.495
no_twin,91,normal,True,,3,0.061224489795918366,0.0,200.0,-2.0,30.0,0.0,0.2948,0.2948,100.0,22.7684,0,3,1,0,0,200,0,0,0,0.95,1.0,0.961428571428572,0,9800,16,50.8147,0.0,0.0,0.0,1.6581,0.1173,0.6445
no_twin,92,normal,True,,3,0.061224489795918366,0.0,200.0,-2.0,30.0,0.0,0.6264,0.6264,100.0,23.1237,0,3,1,0,0,200,0,0,0,0.95,1.0,0.961428571428572,0,9800,1,48.256,0.0,0.0,0.0,1.451,0.1145,0.5466
no_twin,93,normal,True,,3,0.061224489795918366,0.0,184.0,-2.0,30.0,0.0,1.1676,1.1676,100.0,26.2487,0,3,1,0,0,200,0,0,0,0.95,1.0,0.961428571428572,0,9016,2,47.239,0.0,0.0,0.0,1.6444,0.1184,0.6436
no_twin,94,normal,True,,3,0.061224489795918366,0.0,200.0,-2.0,30.0,0.0,0.4651,0.4651,100.0,23.1812,0,3,1,0,0,200,0,0,0,0.95,1.0,0.961428571428572,0,9800,28,51.381,0.0,0.0,0.0,1.5109,0.1209,0.5852
no_twin,95,normal,True,,3,0.061224489795918366,0.0,200.0,-2.0,30.0,0.0,1.6047,1.6047,100.0,24.9961,0,3,1,0,0,200,0,0,0,0.95,1.0,0.961428571428572,0,9800,3,48.732,0.0,0.0,0.0,1.4596,0.1116,0.5512
no_twin,96,normal,True,,3,0.061224489795918366,0.0,188.0,-2.0,30.0,0.0,1.4552,1.4552,100.0,25.0825,0,3,1,0,0,200,0,0,0,0.95,1.0,0.961428571428572,0,9212,0,46.1539,0.0,0.0,0.0,1.5706,0.1147,0.6024
no_twin,97,normal,True,,3,0.061224489795918366,0.0,200.0,-2.0,30.0,0.0,1.3939,1.3939,100.0,21.5238,0,3,1,0,0,200,0,0,0,0.95,1.0,0.961428571428572,0,9800,35,51.1172,0.0,0.0,0.0,1.5197,0.1141,0.5826
no_twin,98,normal,True,,3,0.061224489795918366,0.0,200.0,-2.0,30.0,0.0,1.4066,1.4066,100.0,24.0971,0,3,1,0,0,200,0,0,0,0.95,1.0,0.961428571428572,0,9800,0,48.9619,0.0,0.0,0.0,1.4827,0.1166,0.5655
no_twin,99,normal,True,,3,0.061224489795918366,0.0,200.0,-2.0,30.0,0.0,0.8419,0.8419,100.0,23.1751,0,3,1,0,0,200,0,0,0,0.95,1.0,0.961428571428572,0,9800,2,47.5378,0.0,0.0,0.0,1.5097,0.1025,0.578
no_predictive,0,normal,True,,3,0.061224489795918366,0.0,199.0,-2.0,30.0,0.0,1.1336,1.1336,100.0,22.4927,0,3,1,0,0,200,0,0,0,0.95,1.0,0.961428571428572,0,9751,0,46.6306,0.0,0.0,0.0,1.3527,0.1236,0.5522
no_predictive,1,normal,True,,3,0.061224489795918366,0.0,198.0,-2.0,30.0,0.0,0.7504,0.7504,100.0,23.1433,0,3,1,0,0,200,0,0,0,0.95,1.0,0.961428571428572,0,9702,5,46.6815,0.0,0.0,0.0,1.2882,0.1175,0.5216
no_predictive,2,normal,True,,3,0.061224489795918366,0.0,195.0,-2.0,30.0,0.0,1.8762,1.8762,100.0,24.0293,0,3,1,0,0,200,0,0,0,0.0,1.0,0.9420408163265311,181,9555,0,45.3831,0.0,0.0,0.0,1.2852,0.1072,0.5242
no_predictive,3,normal,True,,3,0.061224489795918366,0.0,193.0,-2.0,30.0,0.0,0.8582,0.8582,100.00000000000001,23.9708,0,3,1,0,0,200,0,0,0,0.95,1.0,0.961428571428572,0,9457,0,46.9146,0.0,0.0,0.0,1.3454,0.1137,0.5465
no_predictive,4,normal,True,,3,0.061224489795918366,0.0,200.0,-2.0,30.0,0.0,0.6665,0.6665,100.0,23.0639,0,3,1,0,0,200,0,0,0,0.0,1.0,0.9420408163265311,156,9800,14,50.4309,0.0,0.0,0.0,1.3112,0.1175,0.5324
no_predictive,5,normal,True,,3,0.061224489795918366,0.0,190.0,-2.0,30.0,0.0,0.688,0.688,100.0,22.6264,0,3,1,0,0,200,0,0,0,0.95,1.0,0.961428571428572,0,9310,0,45.0856,0.0,0.0,0.0,1.4434,0.1004,0.6024
no_predictive,6,normal,True,,3,0.061224489795918366,0.0,200.0,-2.0,30.0,0.0,1.5768,1.5768,100.0,25.2729,0,3,1,0,0,200,0,0,0,0.0,1.0,0.9420408163265311,49,9800,6,49.1206,0.0,0.0,0.0,1.3672,0.097,0.5629
no_predictive,7,normal,True,,3,0.061224489795918366,0.0,200.0,-2.0,30.0,0.0,0.7101,0.7101,100.0,21.9139,0,3,1,0,0,200,0,0,0,0.0,1.0,0.9420408163265311,58,9800,7,48.079,0.0,0.0,0.0,1.3582,0.1195,0.5534
no_predictive,8,normal,True,,3,0.061224489795918366,0.0,200.0,-2.0,30.0,0.0,1.141,1.141,100.0,21.9436,0,3,1,0,0,200,0,0,0,0.0,1.0,0.9420408163265311,184,9800,0,46.0081,0.0,0.0,0.0,1.3631,0.1235,0.5568
no_predictive,9,normal,True,,3,0.061224489795918366,0.0,200.0,-2.0,30.0,0.0,1.356,1.356,100.0,25.0892,0,3,1,0,0,200,0,0,0,0.95,1.0,0.961428571428572,0,9800,15,50.4923,0.0,0.0,0.0,1.3643,0.1181,0.559
no_predictive,10,normal,True,,3,0.061224489795918366,0.0,200.0,-2.0,30.0,0.0,0.714,0.714,100.0,22.846,0,3,1,0,0,200,0,0,0,0.95,1.0,0.961428571428572,0,9800,5,50.5537,0.0,0.0,0.0,1.3932,0.1194,0.5744
no_predictive,11,normal,True,,3,0.061224489795918366,0.0,200.0,-2.0,30.0,0.0,0.4092,0.4092,100.0,22.0113,0,3,1,0,0,200,0,0,0,0.95,1.0,0.961428571428572,0,9800,27,50.2537,0.0,0.0,0.0,1.4028,0.1125,0.5777
no_predictive,12,normal,True,,3,0.061224489795918366,0.0,200.0,-2.0,30.0,0.0,0.7276,0.7276,100.00000000000001,22.4484,0,3,1,0,0,200,0,0,0,0.95,1.0,0.961428571428572,0,9800,3,48.7965,0.0,0.0,0.0,1.2759,0.1136,0.5129
no_predictive,13,normal,True,,3,0.061224489795918366,0.0,200.0,-2.0,30.0,0.0,0.8798,0.8798,100.0,22.5757,0,3,1,0,0,200,0,0,0,0.95,1.0,0.961428571428572,0,9800,10,48.8933,0.0,0.0,0.0,1.2358,0.1227,0.4922
no_predictive,14,normal,True,,3,0.061224489795918366,0.0,200.0,-2.0,30.0,0.0,0.5366,0.5366,100.0,21.6272,0,3,1,0,0,200,0,0,0,0.95,1.0,0.961428571428572,0,9800,0,47.8118,0.0,0.0,0.0,1.2974,0.1249,0.5168
no_predictive,15,normal,True,,3,0.061224489795918366,0.0,200.0,-2.0,30.0,0.0,0.6703,0.6703,100.0,23.0195,0,3,1,0,0,200,0,0,0,0.95,1.0,0.961428571428572,0,9800,8,47.5828,0.0,0.0,0.0,1.323,0.112,0.5365
no_predictive,16,normal,True,,3,0.061224489795918366,0.0,200.0,-2.0,30.0,0.0,1.075,1.075,100.0,24.2934,0,3,1,0,0,200,0,0,0,0.95,1.0,0.961428571428572,0,9800,22,51.1082,0.0,0.0,0.0,1.4652,0.1271,0.6078
no_predictive,17,normal,True,,3,0.061224489795918366,0.0,200.0,-2.0,30.0,0.0,1.1647,1.1647,100.0,23.6578,0,3,1,0,0,200,0,0,0,0.95,1.0,0.961428571428572,0,9800,4,48.2963,0.0,0.0,0.0,1.3476,0.1251,0.5403
no_predictive,18,normal,True,,3,0.061224489795918366,0.0,194.0,-2.0,30.0,0.0,0.9428,0.9428,100.0,26.4386,0,3,1,0,0,200,0,0,0,0.95,1.0,0.961428571428572,0,9506,7,49.8722,0.0,0.0,0.0,1.2382,0.1154,0.4923
no_predictive,19,normal,True,,3,0.061224489795918366,0.0,200.0,-2.0,30.0,0.0,1.394,1.394,99.99999999999999,23.2427,0,3,1,0,0,200,0,0,0,0.95,1.0,0.961428571428572,0,9800,5,48.1401,0.0,0.0,0.0,1.3246,0.1172,0.5383
no_predictive,20,normal,True,,3,0.061224489795918366,0.0,196.0,-2.0,30.0,0.0,1.0015,1.0015,100.0,24.7965,0,3,1,0,0,200,0,0,0,0.95,1.0,0.961428571428572,0,9604,0,47.657,0.0,0.0,0.0,1.4078,0.1233,0.5782
no_predictive,21,normal,True,,3,0.061224489795918366,0.0,196.0,-2.0,30.0,0.0,1.1154,1.1154,100.0,23.4351,0,3,1,0,0,200,0,0,0,0.95,1.0,0.961428571428572,0,9604,0,46.4005,0.0,0.0,0.0,1.3489,0.1117,0.5493
no_predictive,22,normal,True,,3,0.061224489795918366,0.0,196.0,-2.0,30.0,0.0,1.0244,1.0244,100.0,24.1606,0,3,1,0,0,200,0,0,0,0.95,1.0,0.961428571428572,0,9604,6,49.0843,0.0,0.0,0.0,1.2819,0.1145,0.5152
no_predictive,23,normal,True,,3,0.061224489795918366,0.0,200.0,-2.0,30.0,0.0,0.5142,0.5142,100.0,22.0313,0,3,1,0,0,200,0,0,0,0.0,1.0,0.9420408163265311,121,9800,1,46.6135,0.0,0.0,0.0,1.4135,0.1176,0.5829
no_predictive,24,normal,True,,3,0.061224489795918366,0.0,200.0,-2.0,30.0,0.0,1.0435,1.0435,100.0,23.3522,0,3,1,0,0,200,0,0,0,0.95,1.0,0.961428571428572,0,9800,8,47.3819,0.0,0.0,0.0,1.3009,0.1239,0.5267
no_predictive,25,normal,True,,3,0.061224489795918366,0.0,200.0,-2.0,30.0,0.0,1.0792,1.0792,100.0,22.4021,0,3,1,0,0,200,0,0,0,0.95,1.0,0.961428571428572,0,9800,4,46.5566,0.0,0.0,0.0,1.2686,0.1085,0.5122
no_predictive,26,normal,True,,3,0.061224489795918366,0.0,197.0,-2.0,30.0,0.0,1.0661,1.0661,100.0,25.3064,0,3,1,0,0,200,0,0,0,0.95,1.0,0.961428571428572,0,9653,8,49.838,0.0,0.0,0.0,1.4506,0.1176,0.6016
no_predictive,27,normal,True,,3,0.061224489795918366,0.0,200.0,-2.0,30.0,0.0,1.2929,1.2929,100.0,25.2621,0,3,1,0,0,200,0,0,0,0.95,1.0,0.961428571428572,0,9800,5,50.4282,0.0,0.0,0.0,1.3423,0.1285,0.5474
no_predictive,28,normal,True,,3,0.061224489795918366,0.0,183.0,-2.0,30.0,0.0,1.126,1.126,100.0,26.1859,0,3,1,0,0,200,0,0,0,0.95,1.0,0.961428571428572,0,8967,0,47.389,0.0,0.0,0.0,1.356,0.1125,0.5545
no_predictive,29,normal,True,,3,0.061224489795918366,0.0,191.0,-2.0,30.0,0.0,0.8423,0.8423,99.99999999999999,23.9838,0,3,1,0,0,200,0,0,0,0.95,1.0,0.961428571428572,0,9359,4,48.1299,0.0,0.0,0.0,1.2696,0.1127,0.5106
no_predictive,30,normal,True,,3,0.061224489795918366,0.0,197.0,-2.0,30.0,0.0,1.0065,1.0065,100.0,25.5188,0,3,1,0,0,200,0,0,0,0.95,1.0,0.961428571428572,0,9653,6,48.2507,0.0,0.0,0.0,1.2871,0.1269,0.5121
no_predictive,31,normal,True,,3,0.061224489795918366,0.0,198.0,-2.0,30.0,0.0,0.7938,0.7938,99.99999999999999,24.573,0,3,1,0,0,200,0,0,0,0.95,1.0,0.961428571428572,0,9702,4,47.1672,0.0,0.0,0.0,1.3793,0.1145,0.5614
no_predictive,32,normal,True,,3,0.061224489795918366,0.0,198.0,-2.0,30.0,0.0,0.9846,0.9846,100.0,23.5502,0,3,1,0,0,200,0,0,0,0.95,1.0,0.961428571428572,0,9702,0,48.4662,0.0,0.0,0.0,1.2859,0.1378,0.5162
no_predictive,33,normal,True,,3,0.061224489795918366,0.0,200.0,-2.0,30.0,0.0,0.7927,0.7927,100.0,23.3311,0,3,1,0,0,200,0,0,0,0.95,1.0,0.961428571428572,0,9800,3,48.7021,0.0,0.0,0.0,1.397,0.1256,0.5732
no_predictive,34,normal,True,,3,0.061224489795918366,0.0,200.0,-2.0,30.0,0.0,0.9592,0.9592,100.0,22.3862,0,3,1,0,0,200,0,0,0,0.95,1.0,0.961428571428572,0,9800,0,46.4368,0.0,0.0,0.0,1.3698,0.1188,0.5616
no_predictive,35,normal,True,,3,0.061224489795918366,0.0,200.0,-2.0,30.0,0.0,0.7464,0.7464,100.0,22.6954,0,3,1,0,0,200,0,0,0,0.95,1.0,0.961428571428572,0,9800,5,49.1058,0.0,0.0,0.0,1.4446,0.1147,0.6031
no_predictive,36,normal,True,,3,0.061224489795918366,0.0,187.0,-2.0,30.0,0.0,1.5012,1.5012,100.0,25.3831,0,3,1,0,0,200,0,0,0,0.0,1.0,0.9420408163265311,123,9163,1,47.6822,0.0,0.0,0.0,1.4566,0.1349,0.598
no_predictive,37,normal,True,,3,0.061224489795918366,0.0,198.0,-2.0,30.0,0.0,0.823,0.823,100.0,23.6489,0,3,1,0,0,200,0,0,0,0.95,1.0,0.961428571428572,0,9702,3,46.6599,0.0,0.0,0.0,1.367,0.1192,0.5543
no_predictive,38,normal,True,,3,0.061224489795918366,0.0,196.0,-2.0,30.0,0.0,0.6411,0.6411,100.0,25.3702,0,3,1,0,0,200,0,0,0,0.95,1.0,0.961428571428572,0,9604,6,49.5454,0.0,0.0,0.0,1.5246,0.1036,0.6416
no_predictive,39,normal,True,,3,0.061224489795918366,0.0,194.0,-2.0,30.0,0.0,0.5648,0.5648,100.0,24.3546,0,3,1,0,0,200,0,0,0,0.95,1.0,0.961428571428572,0,9506,3,47.937,0.0,0.0,0.0,1.51,0.1242,0.6259
no_predictive,40,normal,True,,3,0.061224489795918366,0.0,200.0,-2.0,30.0,0.0,0.7726,0.7726,100.0,24.5175,0,3,1,0,0,200,0,0,0,0.95,1.0,0.961428571428572,0,9800,10,49.0031,0.0,0.0,0.0,1.446,0.1155,0.6033
no_predictive,41,normal,True,,3,0.061224489795918366,0.0,189.0,-2.0,30.0,0.0,0.8822,0.8822,100.0,24.4489,0,3,1,0,0,200,0,0,0,0.95,1.0,0.961428571428572,0,9261,0,46.6797,0.0,0.0,0.0,1.4313,0.1046,0.5935
no_predictive,42,normal,True,,3,0.061224489795918366,0.0,200.0,-2.0,30.0,0.0,0.9513,0.9513,100.0,22.9371,0,3,1,0,0,200,0,0,0,0.95,1.0,0.961428571428572,0,9800,0,46.7206,0.0,0.0,0.0,1.3888,0.1103,0.5719
no_predictive,43,normal,True,,3,0.061224489795918366,0.0,200.0,-2.0,30.0,0.0,0.9742,0.9742,100.0,25.7488,0,3,1,0,0,200,0,0,0,0.95,1.0,0.961428571428572,0,9800,8,50.5851,0.0,0.0,0.0,1.586,0.1171,0.6668
no_predictive,44,normal,True,,3,0.061224489795918366,0.0,200.0,-2.0,30.0,0.0,1.1332,1.1332,100.0,24.3049,0,3,1,0,0,200,0,0,0,0.95,1.0,0.961428571428572,0,9800,4,48.7712,0.0,0.0,0.0,1.4374,0.1219,0.5808
no_predictive,45,normal,True,,3,0.061224489795918366,0.0,200.0,-2.0,30.0,0.0,1.3259,1.3259,100.0,23.9698,0,3,1,0,0,200,0,0,0,0.0,1.0,0.9420408163265311,130,9800,6,47.4198,0.0,0.0,0.0,1.3437,0.1203,0.5417
no_predictive,46,normal,True,,3,0.061224489795918366,0.0,197.0,-2.0,30.0,0.0,1.796,1.796,100.0,25.4984,0,3,1,0,0,200,0,0,0,0.95,1.0,0.961428571428572,0,9653,6,49.4713,0.0,0.0,0.0,1.2938,0.1212,0.523
no_predictive,47,normal,True,,3,0.061224489795918366,0.0,194.0,-2.0,30.0,0.0,1.1629,1.1629,100.0,24.3987,0,3,1,0,0,200,0,0,0,0.95,1.0,0.961428571428572,0,9506,0,46.7094,0.0,0.0,0.0,1.3032,0.1261,0.5224
no_predictive,48,normal,True,,3,0.061224489795918366,0.0,192.0,-2.0,30.0,0.0,1.0989,1.0989,100.0,24.8645,0,3,1,0,0,200,0,0,0,0.95,1.0,0.961428571428572,0,9408,5,47.8934,0.0,0.0,0.0,1.4398,0.0964,0.5984
no_predictive,49,normal,True,,3,0.061224489795918366,0.0,200.0,-2.0,30.0,0.0,1.0472,1.0472,100.0,22.3348,0,3,1,0,0,200,0,0,0,0.95,1.0,0.961428571428572,0,9800,5,46.5783,0.0,0.0,0.0,1.2392,0.1218,0.4923
no_predictive,50,normal,True,,3,0.061224489795918366,0.0,195.0,-2.0,30.0,0.0,0.8909,0.8909,100.0,25.1738,0,3,1,0,0,200,0,0,0,0.95,1.0,0.961428571428572,0,9555,6,48.5884,0.0,0.0,0.0,1.443,0.1031,0.598
no_predictive,51,normal,True,,3,0.061224489795918366,0.0,185.0,-2.0,30.0,0.0,1.2913,1.2913,100.0,25.3117,0,3,1,0,0,200,0,0,0,0.95,1.0,0.961428571428572,0,9065,0,47.085,0.0,0.0,0.0,1.4744,0.1108,0.6121
no_predictive,52,normal,True,,3,0.061224489795918366,0.0,200.0,-2.0,30.0,0.0,1.2612,1.2612,100.0,25.5303,0,3,1,0,0,200,0,0,0,0.95,1.0,0.961428571428572,0,9800,7,50.1764,0.0,0.0,0.0,1.442,0.1014,0.5953
no_predictive,53,normal,True,,3,0.061224489795918366,0.0,200.0,-2.0,30.0,0.0,1.2068,1.2068,100.0,23.7278,0,3,1,0,0,200,0,0,0,0.95,1.0,0.961428571428572,0,9800,4,48.2758,0.0,0.0,0.0,1.475,0.1093,0.6101
no_predictive,54,normal,True,,3,0.061224489795918366,0.0,199.0,-2.0,30.0,0.0,0.8751,0.8751,100.0,23.838,0,3,1,0,0,200,0,0,0,0.95,1.0,0.961428571428572,0,9751,2,47.1167,0.0,0.0,0.0,1.4783,0.1045,0.6182
no_predictive,55,normal,True,,3,0.061224489795918366,0.0,200.0,-2.0,30.0,0.0,0.7062,0.7062,100.00000000000001,23.3127,0,3,1,0,0,200,0,0,0,0.95,1.0,0.961428571428572,0,9800,14,49.1407,0.0,0.0,0.0,1.4063,0.1087,0.5784
no_predictive,56,normal,True,,3,0.061224489795918366,0.0,194.0,-2.0,30.0,0.0,0.8082,0.8082,100.00000000000001,24.4417,0,3,1,0,0,200,0,0,0,0.95,1.0,0.961428571428572,0,9506,2,47.0113,0.0,0.0,0.0,1.235,0.1024,0.4934
no_predictive,57,normal,True,,3,0.061224489795918366,0.0,200.0,-2.0,30.0,0.0,1.0423,1.0423,100.0,23.4153,0,3,1,0,0,200,0,0,0,0.95,1.0,0.961428571428572,0,9800,3,48.281,0.0,0.0,0.0,1.3714,0.1151,0.5596
no_predictive,58,normal,True,,3,0.061224489795918366,0.0,200.0,-2.0,30.0,0.0,1.402,1.402,100.0,23.5994,0,3,1,0,0,200,0,0,0,0.95,1.0,0.961428571428572,0,9800,16,50.0742,0.0,0.0,0.0,1.3614,0.1162,0.5586
no_predictive,59,normal,True,,3,0.061224489795918366,0.0,198.0,-2.0,30.0,0.0,0.7294,0.7294,100.0,23.3128,0,3,1,0,0,200,0,0,0,0.0,1.0,0.9420408163265311,138,9702,5,47.6984,0.0,0.0,0.0,1.2837,0.1106,0.5154
no_predictive,60,normal,True,,3,0.061224489795918366,0.0,200.0,-2.0,30.0,0.0,0.9056,0.9056,100.0,23.5794,0,3,1,0,0,200,0,0,0,0.95,1.0,0.961428571428572,0,9800,10,49.5281,0.0,0.0,0.0,1.3019,0.1037,0.5239
no_predictive,61,normal,True,,3,0.061224489795918366,0.0,197.0,-2.0,30.0,0.0,0.7925,0.7925,100.0,24.9204,0,3,1,0,0,200,0,0,0,0.95,1.0,0.961428571428572,0,9653,5,50.8345,0.0,0.0,0.0,1.4544,0.1155,0.6067
no_predictive,62,normal,True,,3,0.061224489795918366,0.0,200.0,-2.0,30.0,0.0,1.1714,1.1714,100.0,21.2815,0,3,1,0,0,200,0,0,0,0.95,1.0,0.961428571428572,0,9800,6,50.0774,0.0,0.0,0.0,1.3644,0.1065,0.5605
no_predictive,63,normal,True,,3,0.061224489795918366,0.0,200.0,-2.0,30.0,0.0,1.2096,1.2096,100.0,24.4121,0,3,1,0,0,200,0,0,0,0.95,1.0,0.961428571428572,0,9800,5,50.6004,0.0,0.0,0.0,1.4326,0.1083,0.5951
no_predictive,64,normal,True,,3,0.061224489795918366,0.0,200.0,-2.0,30.0,0.0,1.1381,1.1381,100.0,25.9645,0,3,1,0,0,200,0,0,0,0.95,1.0,0.961428571428572,0,9800,15,52.5161,0.0,0.0,0.0,1.3204,0.1115,0.5322
no_predictive,65,normal,True,,3,0.061224489795918366,0.0,200.0,-2.0,30.0,0.0,1.1927,1.1927,100.0,21.0138,0,3,1,0,0,200,0,0,0,0.95,1.0,0.961428571428572,0,9800,9,47.0281,0.0,0.0,0.0,1.235,0.1151,0.489
no_predictive,66,normal,True,,3,0.061224489795918366,0.0,200.0,-2.0,30.0,0.0,0.7152,0.7152,100.00000000000001,24.9242,0,3,1,0,0,200,0,0,0,0.95,1.0,0.961428571428572,0,9800,2,47.6156,0.0,0.0,0.0,1.2939,0.1206,0.5205
no_predictive,67,normal,True,,3,0.061224489795918366,0.0,198.0,-2.0,30.0,0.0,1.2891,1.2891,99.99999999999999,23.181,0,3,1,0,0,200,0,0,0,0.95,1.0,0.961428571428572,0,9702,0,45.8248,0.0,0.0,0.0,1.2386,0.1197,0.4962
no_predictive,68,normal,True,,3,0.061224489795918366,0.0,200.0,-2.0,30.0,0.0,1.2358,1.2358,100.0,24.6259,0,3,1,0,0,200,0,0,0,0.95,1.0,0.961428571428572,0,9800,3,49.8661,0.0,0.0,0.0,1.3886,0.1217,0.5691
no_predictive,69,normal,True,,3,0.061224489795918366,0.0,187.0,-2.0,30.0,0.0,0.6171,0.6171,100.0,22.6513,0,3,1,0,0,200,0,0,0,0.95,1.0,0.961428571428572,0,9163,0,47.3129,0.0,0.0,0.0,1.3886,0.1276,0.5637
no_predictive,70,normal,True,,3,0.061224489795918366,0.0,189.0,-2.0,30.0,0.0,0.8198,0.8198,100.00000000000001,24.4675,0,3,1,0,0,200,0,0,0,0.95,1.0,0.961428571428572,0,9261,3,47.2731,0.0,0.0,0.0,1.4938,0.1154,0.6194
no_predictive,71,normal,True,,3,0.061224489795918366,0.0,200.0,-2.0,30.0,0.0,0.7926,0.7926,99.99999999999999,24.7218,0,3,1,0,0,200,0,0,0,0.95,1.0,0.961428571428572,0,9800,1,47.3489,0.0,0.0,0.0,1.2751,0.1246,0.5074
no_predictive,72,normal,True,,3,0.061224489795918366,0.0,200.0,-2.0,30.0,0.0,0.9126,0.9126,100.0,21.2985,0,3,1,0,0,200,0,0,0,0.95,1.0,0.961428571428572,0,9800,3,46.319,0.0,0.0,0.0,1.4915,0.1111,0.6198
no_predictive,73,normal,True,,3,0.061224489795918366,0.0,200.0,-2.0,30.0,0.0,0.6601,0.6601,100.00000000000001,23.7909,0,3,1,0,0,200,0,0,0,0.95,1.0,0.961428571428572,0,9800,0,48.9011,0.0,0.0,0.0,1.4705,0.1299,0.601
no_predictive,74,normal,True,,3,0.061224489795918366,0.0,197.0,-2.0,30.0,0.0,1.1695,1.1695,100.0,24.4749,0,3,1,0,0,200,0,0,0,0.95,1.0,0.961428571428572,0,9653,1,47.5514,0.0,0.0,0.0,1.3053,0.1165,0.5296
no_predictive,75,normal,True,,3,0.061224489795918366,0.0,200.0,-2.0,30.0,0.0,0.3168,0.3168,100.0,22.4086,0,3,1,0,0,200,0,0,0,0.95,1.0,0.961428571428572,0,9800,4,47.4234,0.0,0.0,0.0,1.287,0.1151,0.5153
no_predictive,76,normal,True,,3,0.061224489795918366,0.0,200.0,-2.0,30.0,0.0,1.0125,1.0125,100.0,23.1932,0,3,1,0,0,200,0,0,0,0.95,1.0,0.961428571428572,0,9800,14,50.3037,0.0,0.0,0.0,1.4613,0.121,0.5989
no_predictive,77,normal,True,,3,0.061224489795918366,0.0,200.0,-2.0,30.0,0.0,0.607,0.607,100.0,22.4846,0,3,1,0,0,200,0,0,0,0.95,1.0,0.961428571428572,0,9800,11,50.6662,0.0,0.0,0.0,1.3098,0.1246,0.5209
no_predictive,78,normal,True,,3,0.061224489795918366,0.0,197.0,-2.0,30.0,0.0,0.8875,0.8875,100.0,23.7504,0,3,1,0,0,200,0,0,0,0.0,1.0,0.9420408163265311,147,9653,1,47.4397,0.0,0.0,0.0,1.4172,0.1346,0.5836
no_predictive,79,normal,True,,3,0.061224489795918366,0.0,200.0,-2.0,30.0,0.0,1.3205,1.3205,100.0,23.6365,0,3,1,0,0,200,0,0,0,0.95,1.0,0.961428571428572,0,9800,18,49.895,0.0,0.0,0.0,1.5108,0.1175,0.6258
no_predictive,80,normal,True,,3,0.061224489795918366,0.0,200.0,-2.0,30.0,0.0,1.5432,1.5432,100.0,24.9697,0,3,1,0,0,200,0,0,0,0.95,1.0,0.961428571428572,0,9800,11,51.0618,0.0,0.0,0.0,1.4529,0.1147,0.5993
no_predictive,81,normal,True,,3,0.061224489795918366,0.0,185.0,-2.0,30.0,0.0,1.3576,1.3576,100.0,25.297,0,3,1,0,0,200,0,0,0,0.95,1.0,0.961428571428572,0,9065,0,45.7711,0.0,0.0,0.0,1.2822,0.1246,0.5159
no_predictive,82,normal,True,,3,0.061224489795918366,0.0,200.0,-2.0,30.0,0.0,1.0253,1.0253,100.0,22.9699,0,3,1,0,0,200,0,0,0,0.95,1.0,0.961428571428572,0,9800,10,50.1315,0.0,0.0,0.0,1.7133,0.1208,0.7263
no_predictive,83,normal,True,,3,0.061224489795918366,0.0,200.0,-2.0,30.0,0.0,1.6028,1.6028,100.0,23.1421,0,3,1,0,0,200,0,0,0,0.95,1.0,0.961428571428572,0,9800,4,49.8964,0.0,0.0,0.0,1.49,0.1262,0.6126
no_predictive,84,normal,True,,3,0.061224489795918366,0.0,188.0,-2.0,30.0,0.0,0.8923,0.8923,99.99999999999999,23.2835,0,3,1,0,0,200,0,0,0,0.95,1.0,0.961428571428572,0,9212,0,47.1876,0.0,0.0,0.0,1.4116,0.1277,0.5724
no_predictive,85,normal,True,,3,0.061224489795918366,0.0,186.0,-2.0,30.0,0.0,1.1545,1.1545,100.0,26.2473,0,3,1,0,0,200,0,0,0,0.95,1.0,0.961428571428572,0,9114,0,46.0706,0.0,0.0,0.0,1.451,0.1208,0.5919
no_predictive,86,normal,True,,3,0.061224489795918366,0.0,200.0,-2.0,30.0,0.0,1.1219,1.1219,100.0,22.8948,0,3,1,0,0,200,0,0,0,0.95,1.0,0.961428571428572,0,9800,6,48.7865,0.0,0.0,0.0,1.2758,0.1134,0.5077
no_predictive,87,normal,True,,3,0.061224489795918366,0.0,200.0,-2.0,30.0,0.0,1.509,1.509,100.0,24.5552,0,3,1,0,0,200,0,0,0,0.95,1.0,0.961428571428572,0,9800,8,50.6894,0.0,0.0,0.0,1.3665,0.1181,0.5533
no_predictive,88,normal,True,,3,0.061224489795918366,0.0,195.0,-2.0,30.0,0.0,0.9009,0.9009,100.0,24.267,0,3,1,0,0,200,0,0,0,0.95,1.0,0.961428571428572,0,9555,1,48.5564,0.0,0.0,0.0,1.4474,0.1168,0.5946
no_predictive,89,normal,True,,3,0.061224489795918366,0.0,200.0,-2.0,30.0,0.0,1.2072,1.2072,100.0,22.2695,0,3,1,0,0,200,0,0,0,0.95,1.0,0.961428571428572,0,9800,0,46.3994,0.0,0.0,0.0,1.5014,0.1198,0.6269
no_predictive,90,normal,True,,3,0.061224489795918366,0.0,200.0,-2.0,30.0,0.0,1.371,1.371,100.00000000000001,25.6438,0,3,1,0,0,200,0,0,0,0.95,1.0,0.961428571428572,0,9800,8,50.3654,0.0,0.0,0.0,1.2998,0.1146,0.5255
no_predictive,91,normal,True,,3,0.061224489795918366,0.0,200.0,-2.0,30.0,0.0,0.2948,0.2948,100.0,22.7684,0,3,1,0,0,200,0,0,0,0.95,1.0,0.961428571428572,0,9800,16,50.8147,0.0,0.0,0.0,1.5953,0.1283,0.6687
no_predictive,92,normal,True,,3,0.061224489795918366,0.0,200.0,-2.0,30.0,0.0,0.6264,0.6264,100.0,23.1237,0,3,1,0,0,200,0,0,0,0.95,1.0,0.961428571428572,0,9800,1,48.256,0.0,0.0,0.0,1.4825,0.1219,0.6105
no_predictive,93,normal,True,,3,0.061224489795918366,0.0,184.0,-2.0,30.0,0.0,1.1676,1.1676,100.0,26.2487,0,3,1,0,0,200,0,0,0,0.95,1.0,0.961428571428572,0,9016,2,47.239,0.0,0.0,0.0,1.5006,0.1215,0.625
no_predictive,94,normal,True,,3,0.061224489795918366,0.0,200.0,-2.0,30.0,0.0,0.4651,0.4651,100.0,23.1812,0,3,1,0,0,200,0,0,0,0.95,1.0,0.961428571428572,0,9800,28,51.381,0.0,0.0,0.0,1.3919,0.1194,0.5658
no_predictive,95,normal,True,,3,0.061224489795918366,0.0,200.0,-2.0,30.0,0.0,1.6047,1.6047,100.0,24.9961,0,3,1,0,0,200,0,0,0,0.95,1.0,0.961428571428572,0,9800,3,48.732,0.0,0.0,0.0,1.347,0.1071,0.5455
no_predictive,96,normal,True,,3,0.061224489795918366,0.0,188.0,-2.0,30.0,0.0,1.4552,1.4552,100.0,25.0825,0,3,1,0,0,200,0,0,0,0.95,1.0,0.961428571428572,0,9212,0,46.1539,0.0,0.0,0.0,1.4477,0.1173,0.598
no_predictive,97,normal,True,,3,0.061224489795918366,0.0,200.0,-2.0,30.0,0.0,1.3939,1.3939,100.0,21.5238,0,3,1,0,0,200,0,0,0,0.95,1.0,0.961428571428572,0,9800,35,51.1172,0.0,0.0,0.0,1.4512,0.1083,0.6015
no_predictive,98,normal,True,,3,0.061224489795918366,0.0,200.0,-2.0,30.0,0.0,1.4066,1.4066,100.0,24.0971,0,3,1,0,0,200,0,0,0,0.95,1.0,0.961428571428572,0,9800,0,48.9619,0.0,0.0,0.0,1.5027,0.097,0.6327
no_predictive,99,normal,True,,3,0.061224489795918366,0.0,200.0,-2.0,30.0,0.0,0.8419,0.8419,100.0,23.1751,0,3,1,0,0,200,0,0,0,0.95,1.0,0.961428571428572,0,9800,2,47.5378,0.0,0.0,0.0,1.6035,0.1229,0.6683
no_reward,0,normal,True,,3,0.061224489795918366,0.0,199.0,-2.0,30.0,0.0,1.1336,1.1336,100.0,22.4927,0,3,1,0,0,200,0,0,0,0.95,1.0,0.961428571428572,0,9751,0,46.6306,0.0,0.0,0.0,1.4466,0.1255,0.545
no_reward,1,normal,True,,3,0.061224489795918366,0.0,198.0,-2.0,30.0,0.0,0.7504,0.7504,100.0,23.1433,0,3,1,0,0,200,0,0,0,0.95,1.0,0.961428571428572,0,9702,5,46.6815,0.0,0.0,0.0,1.494,0.1105,0.5591
no_reward,2,normal,True,,3,0.061224489795918366,0.0,195.0,-2.0,30.0,0.0,1.8762,1.8762,100.0,24.0293,0,3,1,0,0,200,0,0,0,0.0,1.0,0.9420408163265311,181,9555,0,45.3831,0.0,0.0,0.0,1.4944,0.116,0.567
no_reward,3,normal,True,,3,0.061224489795918366,0.0,193.0,-2.0,30.0,0.0,0.8582,0.8582,100.00000000000001,23.9708,0,3,1,0,0,200,0,0,0,0.95,1.0,0.961428571428572,0,9457,0,46.9146,0.0,0.0,0.0,1.6262,0.1174,0.6294
no_reward,4,normal,True,,3,0.061224489795918366,0.0,200.0,-2.0,30.0,0.0,0.6665,0.6665,100.0,23.0639,0,3,1,0,0,200,0,0,0,0.0,1.0,0.9420408163265311,156,9800,14,50.4309,0.0,0.0,0.0,1.5053,0.1241,0.5763
no_reward,5,normal,True,,3,0.061224489795918366,0.0,190.0,-2.0,30.0,0.0,0.688,0.688,100.0,22.6264,0,3,1,0,0,200,0,0,0,0.95,1.0,0.961428571428572,0,9310,0,45.0856,0.0,0.0,0.0,1.5181,0.1269,0.5821
no_reward,6,normal,True,,3,0.061224489795918366,0.0,200.0,-2.0,30.0,0.0,1.5768,1.5768,100.0,25.2729,0,3,1,0,0,200,0,0,0,0.0,1.0,0.9420408163265311,49,9800,6,49.1206,0.0,0.0,0.0,1.6495,0.1158,0.6522
no_reward,7,normal,True,,3,0.061224489795918366,0.0,200.0,-2.0,30.0,0.0,0.7101,0.7101,100.0,21.9139,0,3,1,0,0,200,0,0,0,0.0,1.0,0.9420408163265311,58,9800,7,48.079,0.0,0.0,0.0,1.4098,0.1286,0.5264
no_reward,8,normal,True,,3,0.061224489795918366,0.0,200.0,-2.0,30.0,0.0,1.141,1.141,100.0,21.9436,0,3,1,0,0,200,0,0,0,0.0,1.0,0.9420408163265311,184,9800,0,46.0081,0.0,0.0,0.0,1.6223,0.1161,0.6284
no_reward,9,normal,True,,3,0.061224489795918366,0.0,200.0,-2.0,30.0,0.0,1.356,1.356,100.0,25.0892,0,3,1,0,0,200,0,0,0,0.95,1.0,0.961428571428572,0,9800,15,50.4923,0.0,0.0,0.0,1.5305,0.1071,0.5821
no_reward,10,normal,True,,3,0.061224489795918366,0.0,200.0,-2.0,30.0,0.0,0.714,0.714,100.0,22.846,0,3,1,0,0,200,0,0,0,0.95,1.0,0.961428571428572,0,9800,5,50.5537,0.0,0.0,0.0,1.3889,0.1238,0.5201
no_reward,11,normal,True,,3,0.061224489795918366,0.0,200.0,-2.0,30.0,0.0,0.4092,0.4092,100.0,22.0113,0,3,1,0,0,200,0,0,0,0.95,1.0,0.961428571428572,0,9800,27,50.2537,0.0,0.0,0.0,1.561,0.1198,0.5958
no_reward,12,normal,True,,3,0.061224489795918366,0.0,200.0,-2.0,30.0,0.0,0.7276,0.7276,100.00000000000001,22.4484,0,3,1,0,0,200,0,0,0,0.95,1.0,0.961428571428572,0,9800,3,48.7965,0.0,0.0,0.0,1.4869,0.1212,0.5598
no_reward,13,normal,True,,3,0.061224489795918366,0.0,200.0,-2.0,30.0,0.0,0.8798,0.8798,100.0,22.5757,0,3,1,0,0,200,0,0,0,0.95,1.0,0.961428571428572,0,9800,10,48.8933,0.0,0.0,0.0,1.5574,0.112,0.5943
no_reward,14,normal,True,,3,0.061224489795918366,0.0,200.0,-2.0,30.0,0.0,0.5366,0.5366,100.0,21.6272,0,3,1,0,0,200,0,0,0,0.95,1.0,0.961428571428572,0,9800,0,47.8118,0.0,0.0,0.0,1.5946,0.1237,0.6119
no_reward,15,normal,True,,3,0.061224489795918366,0.0,200.0,-2.0,30.0,0.0,0.6703,0.6703,100.0,23.0195,0,3,1,0,0,200,0,0,0,0.95,1.0,0.961428571428572,0,9800,8,47.5828,0.0,0.0,0.0,1.5005,0.1115,0.559
no_reward,16,normal,True,,3,0.061224489795918366,0.0,200.0,-2.0,30.0,0.0,1.075,1.075,100.0,24.2934,0,3,1,0,0,200,0,0,0,0.95,1.0,0.961428571428572,0,9800,22,51.1082,0.0,0.0,0.0,1.3613,0.1142,0.4937
no_reward,17,normal,True,,3,0.061224489795918366,0.0,200.0,-2.0,30.0,0.0,1.1647,1.1647,100.0,23.6578,0,3,1,0,0,200,0,0,0,0.95,1.0,0.961428571428572,0,9800,4,48.2963,0.0,0.0,0.0,1.2848,0.1153,0.4613
no_reward,18,normal,True,,3,0.061224489795918366,0.0,194.0,-2.0,30.0,0.0,0.9428,0.9428,100.0,26.4386,0,3,1,0,0,200,0,0,0,0.95,1.0,0.961428571428572,0,9506,7,49.8722,0.0,0.0,0.0,1.5001,0.1185,0.5591
no_reward,19,normal,True,,3,0.061224489795918366,0.0,200.0,-2.0,30.0,0.0,1.394,1.394,99.99999999999999,23.2427,0,3,1,0,0,200,0,0,0,0.95,1.0,0.961428571428572,0,9800,5,48.1401,0.0,0.0,0.0,1.563,0.1012,0.5993
no_reward,20,normal,True,,3,0.061224489795918366,0.0,196.0,-2.0,30.0,0.0,1.0015,1.0015,100.0,24.7965,0,3,1,0,0,200,0,0,0,0.95,1.0,0.961428571428572,0,9604,0,47.657,0.0,0.0,0.0,1.4411,0.1167,0.5392
no_reward,21,normal,True,,3,0.061224489795918366,0.0,196.0,-2.0,30.0,0.0,1.1154,1.1154,100.0,23.4351,0,3,1,0,0,200,0,0,0,0.95,1.0,0.961428571428572,0,9604,0,46.4005,0.0,0.0,0.0,1.7387,0.1131,0.6844
no_reward,22,normal,True,,3,0.061224489795918366,0.0,196.0,-2.0,30.0,0.0,1.0244,1.0244,100.0,24.1606,0,3,1,0,0,200,0,0,0,0.95,1.0,0.961428571428572,0,9604,6,49.0843,0.0,0.0,0.0,1.502,0.1246,0.57
no_reward,23,normal,True,,3,0.061224489795918366,0.0,200.0,-2.0,30.0,0.0,0.5142,0.5142,100.0,22.0313,0,3,1,0,0,200,0,0,0,0.0,1.0,0.9420408163265311,121,9800,1,46.6135,0.0,0.0,0.0,1.4088,0.1138,0.5259
no_reward,24,normal,True,,3,0.061224489795918366,0.0,200.0,-2.0,30.0,0.0,1.0435,1.0435,100.0,23.3522,0,3,1,0,0,200,0,0,0,0.95,1.0,0.961428571428572,0,9800,8,47.3819,0.0,0.0,0.0,1.6805,0.1255,0.6605
no_reward,25,normal,True,,3,0.061224489795918366,0.0,200.0,-2.0,30.0,0.0,1.0792,1.0792,100.0,22.4021,0,3,1,0,0,200,0,0,0,0.95,1.0,0.961428571428572,0,9800,4,46.5566,0.0,0.0,0.0,1.598,0.1229,0.6195
no_reward,26,normal,True,,3,0.061224489795918366,0.0,197.0,-2.0,30.0,0.0,1.0661,1.0661,100.0,25.3064,0,3,1,0,0,200,0,0,0,0.95,1.0,0.961428571428572,0,9653,8,49.838,0.0,0.0,0.0,1.4862,0.1127,0.5611
no_reward,27,normal,True,,3,0.061224489795918366,0.0,200.0,-2.0,30.0,0.0,1.2929,1.2929,100.0,25.2621,0,3,1,0,0,200,0,0,0,0.95,1.0,0.961428571428572,0,9800,5,50.4282,0.0,0.0,0.0,1.7656,0.1245,0.6788
no_reward,28,normal,True,,3,0.061224489795918366,0.0,183.0,-2.0,30.0,0.0,1.126,1.126,100.0,26.1859,0,3,1,0,0,200,0,0,0,0.95,1.0,0.961428571428572,0,8967,0,47.389,0.0,0.0,0.0,1.6737,0.1186,0.6535
no_reward,29,normal,True,,3,0.061224489795918366,0.0,191.0,-2.0,30.0,0.0,0.8423,0.8423,99.99999999999999,23.9838,0,3,1,0,0,200,0,0,0,0.95,1.0,0.961428571428572,0,9359,4,48.1299,0.0,0.0,0.0,1.5004,0.1208,0.5695
no_reward,30,normal,True,,3,0.061224489795918366,0.0,197.0,-2.0,30.0,0.0,1.0065,1.0065,100.0,25.5188,0,3,1,0,0,200,0,0,0,0.95,1.0,0.961428571428572,0,9653,6,48.2507,0.0,0.0,0.0,1.6049,0.1139,0.6226
no_reward,31,normal,True,,3,0.061224489795918366,0.0,198.0,-2.0,30.0,0.0,0.7938,0.7938,99.99999999999999,24.573,0,3,1,0,0,200,0,0,0,0.95,1.0,0.961428571428572,0,9702,4,47.1672,0.0,0.0,0.0,1.6299,0.1119,0.6297
no_reward,32,normal,True,,3,0.061224489795918366,0.0,198.0,-2.0,30.0,0.0,0.9846,0.9846,100.0,23.5502,0,3,1,0,0,200,0,0,0,0.95,1.0,0.961428571428572,0,9702,0,48.4662,0.0,0.0,0.0,1.4541,0.1217,0.5433
no_reward,33,normal,True,,3,0.061224489795918366,0.0,200.0,-2.0,30.0,0.0,0.7927,0.7927,100.0,23.3311,0,3,1,0,0,200,0,0,0,0.95,1.0,0.961428571428572,0,9800,3,48.7021,0.0,0.0,0.0,1.5646,0.1283,0.595
no_reward,34,normal,True,,3,0.061224489795918366,0.0,200.0,-2.0,30.0,0.0,0.9592,0.9592,100.0,22.3862,0,3,1,0,0,200,0,0,0,0.95,1.0,0.961428571428572,0,9800,0,46.4368,0.0,0.0,0.0,1.5038,0.1182,0.5745
no_reward,35,normal,True,,3,0.061224489795918366,0.0,200.0,-2.0,30.0,0.0,0.7464,0.7464,100.0,22.6954,0,3,1,0,0,200,0,0,0,0.95,1.0,0.961428571428572,0,9800,5,49.1058,0.0,0.0,0.0,1.5982,0.126,0.6145
no_reward,36,normal,True,,3,0.061224489795918366,0.0,187.0,-2.0,30.0,0.0,1.5012,1.5012,100.0,25.3831,0,3,1,0,0,200,0,0,0,0.0,1.0,0.9420408163265311,123,9163,1,47.6822,0.0,0.0,0.0,1.5483,0.122,0.5955
no_reward,37,normal,True,,3,0.061224489795918366,0.0,198.0,-2.0,30.0,0.0,0.823,0.823,100.0,23.6489,0,3,1,0,0,200,0,0,0,0.95,1.0,0.961428571428572,0,9702,3,46.6599,0.0,0.0,0.0,1.4555,0.1227,0.5502
no_reward,38,normal,True,,3,0.061224489795918366,0.0,196.0,-2.0,30.0,0.0,0.6411,0.6411,100.0,25.3702,0,3,1,0,0,200,0,0,0,0.95,1.0,0.961428571428572,0,9604,6,49.5454,0.0,0.0,0.0,1.5838,0.1157,0.6108
no_reward,39,normal,True,,3,0.061224489795918366,0.0,194.0,-2.0,30.0,0.0,0.5648,0.5648,100.0,24.3546,0,3,1,0,0,200,0,0,0,0.95,1.0,0.961428571428572,0,9506,3,47.937,0.0,0.0,0.0,1.5819,0.1193,0.6113
no_reward,40,normal,True,,3,0.061224489795918366,0.0,200.0,-2.0,30.0,0.0,0.7726,0.7726,100.0,24.5175,0,3,1,0,0,200,0,0,0,0.95,1.0,0.961428571428572,0,9800,10,49.0031,0.0,0.0,0.0,1.4596,0.1135,0.5416
no_reward,41,normal,True,,3,0.061224489795918366,0.0,189.0,-2.0,30.0,0.0,0.8822,0.8822,100.0,24.4489,0,3,1,0,0,200,0,0,0,0.95,1.0,0.961428571428572,0,9261,0,46.6797,0.0,0.0,0.0,1.6593,0.1122,0.6464
no_reward,42,normal,True,,3,0.061224489795918366,0.0,200.0,-2.0,30.0,0.0,0.9513,0.9513,100.0,22.9371,0,3,1,0,0,200,0,0,0,0.95,1.0,0.961428571428572,0,9800,0,46.7206,0.0,0.0,0.0,1.7145,0.1157,0.6738
no_reward,43,normal,True,,3,0.061224489795918366,0.0,200.0,-2.0,30.0,0.0,0.9742,0.9742,100.0,25.7488,0,3,1,0,0,200,0,0,0,0.95,1.0,0.961428571428572,0,9800,8,50.5851,0.0,0.0,0.0,1.5691,0.1241,0.6051
no_reward,44,normal,True,,3,0.061224489795918366,0.0,200.0,-2.0,30.0,0.0,1.1332,1.1332,100.0,24.3049,0,3,1,0,0,200,0,0,0,0.95,1.0,0.961428571428572,0,9800,4,48.7712,0.0,0.0,0.0,1.5488,0.1152,0.592
no_reward,45,normal,True,,3,0.061224489795918366,0.0,200.0,-2.0,30.0,0.0,1.3259,1.3259,100.0,23.9698,0,3,1,0,0,200,0,0,0,0.0,1.0,0.9420408163265311,130,9800,6,47.4198,0.0,0.0,0.0,1.7012,0.1151,0.6692
no_reward,46,normal,True,,3,0.061224489795918366,0.0,197.0,-2.0,30.0,0.0,1.796,1.796,100.0,25.4984,0,3,1,0,0,200,0,0,0,0.95,1.0,0.961428571428572,0,9653,6,49.4713,0.0,0.0,0.0,1.5634,0.11,0.5986
no_reward,47,normal,True,,3,0.061224489795918366,0.0,194.0,-2.0,30.0,0.0,1.1629,1.1629,100.0,24.3987,0,3,1,0,0,200,0,0,0,0.95,1.0,0.961428571428572,0,9506,0,46.7094,0.0,0.0,0.0,1.6597,0.12,0.654
no_reward,48,normal,True,,3,0.061224489795918366,0.0,192.0,-2.0,30.0,0.0,1.0989,1.0989,100.0,24.8645,0,3,1,0,0,200,0,0,0,0.95,1.0,0.961428571428572,0,9408,5,47.8934,0.0,0.0,0.0,1.8604,0.1435,0.7327
no_reward,49,normal,True,,3,0.061224489795918366,0.0,200.0,-2.0,30.0,0.0,1.0472,1.0472,100.0,22.3348,0,3,1,0,0,200,0,0,0,0.95,1.0,0.961428571428572,0,9800,5,46.5783,0.0,0.0,0.0,1.74,0.1506,0.6833
no_reward,50,normal,True,,3,0.061224489795918366,0.0,195.0,-2.0,30.0,0.0,0.8909,0.8909,100.0,25.1738,0,3,1,0,0,200,0,0,0,0.95,1.0,0.961428571428572,0,9555,6,48.5884,0.0,0.0,0.0,1.7041,0.125,0.6732
no_reward,51,normal,True,,3,0.061224489795918366,0.0,185.0,-2.0,30.0,0.0,1.2913,1.2913,100.0,25.3117,0,3,1,0,0,200,0,0,0,0.95,1.0,0.961428571428572,0,9065,0,47.085,0.0,0.0,0.0,1.9147,0.1266,0.7515
no_reward,52,normal,True,,3,0.061224489795918366,0.0,200.0,-2.0,30.0,0.0,1.2612,1.2612,100.0,25.5303,0,3,1,0,0,200,0,0,0,0.95,1.0,0.961428571428572,0,9800,7,50.1764,0.0,0.0,0.0,1.7979,0.1268,0.701
no_reward,53,normal,True,,3,0.061224489795918366,0.0,200.0,-2.0,30.0,0.0,1.2068,1.2068,100.0,23.7278,0,3,1,0,0,200,0,0,0,0.95,1.0,0.961428571428572,0,9800,4,48.2758,0.0,0.0,0.0,1.6851,0.1331,0.6454
no_reward,54,normal,True,,3,0.061224489795918366,0.0,199.0,-2.0,30.0,0.0,0.8751,0.8751,100.0,23.838,0,3,1,0,0,200,0,0,0,0.95,1.0,0.961428571428572,0,9751,2,47.1167,0.0,0.0,0.0,1.7035,0.1434,0.6615
no_reward,55,normal,True,,3,0.061224489795918366,0.0,200.0,-2.0,30.0,0.0,0.7062,0.7062,100.00000000000001,23.3127,0,3,1,0,0,200,0,0,0,0.95,1.0,0.961428571428572,0,9800,14,49.1407,0.0,0.0,0.0,1.8683,0.1454,0.7389
no_reward,56,normal,True,,3,0.061224489795918366,0.0,194.0,-2.0,30.0,0.0,0.8082,0.8082,100.00000000000001,24.4417,0,3,1,0,0,200,0,0,0,0.95,1.0,0.961428571428572,0,9506,2,47.0113,0.0,0.0,0.0,1.8533,0.136,0.7266
no_reward,57,normal,True,,3,0.061224489795918366,0.0,200.0,-2.0,30.0,0.0,1.0423,1.0423,100.0,23.4153,0,3,1,0,0,200,0,0,0,0.95,1.0,0.961428571428572,0,9800,3,48.281,0.0,0.0,0.0,1.7846,0.1334,0.696
no_reward,58,normal,True,,3,0.061224489795918366,0.0,200.0,-2.0,30.0,0.0,1.402,1.402,100.0,23.5994,0,3,1,0,0,200,0,0,0,0.95,1.0,0.961428571428572,0,9800,16,50.0742,0.0,0.0,0.0,1.8411,0.1294,0.7213
no_reward,59,normal,True,,3,0.061224489795918366,0.0,198.0,-2.0,30.0,0.0,0.7294,0.7294,100.0,23.3128,0,3,1,0,0,200,0,0,0,0.0,1.0,0.9420408163265311,138,9702,5,47.6984,0.0,0.0,0.0,1.7767,0.1382,0.6945
no_reward,60,normal,True,,3,0.061224489795918366,0.0,200.0,-2.0,30.0,0.0,0.9056,0.9056,100.0,23.5794,0,3,1,0,0,200,0,0,0,0.95,1.0,0.961428571428572,0,9800,10,49.5281,0.0,0.0,0.0,1.6925,0.1408,0.6524
no_reward,61,normal,True,,3,0.061224489795918366,0.0,197.0,-2.0,30.0,0.0,0.7925,0.7925,100.0,24.9204,0,3,1,0,0,200,0,0,0,0.95,1.0,0.961428571428572,0,9653,5,50.8345,0.0,0.0,0.0,1.7075,0.1341,0.6581
no_reward,62,normal,True,,3,0.061224489795918366,0.0,200.0,-2.0,30.0,0.0,1.1714,1.1714,100.0,21.2815,0,3,1,0,0,200,0,0,0,0.95,1.0,0.961428571428572,0,9800,6,50.0774,0.0,0.0,0.0,1.8707,0.1426,0.741
no_reward,63,normal,True,,3,0.061224489795918366,0.0,200.0,-2.0,30.0,0.0,1.2096,1.2096,100.0,24.4121,0,3,1,0,0,200,0,0,0,0.95,1.0,0.961428571428572,0,9800,5,50.6004,0.0,0.0,0.0,1.7686,0.1435,0.699
no_reward,64,normal,True,,3,0.061224489795918366,0.0,200.0,-2.0,30.0,0.0,1.1381,1.1381,100.0,25.9645,0,3,1,0,0,200,0,0,0,0.95,1.0,0.961428571428572,0,9800,15,52.5161,0.0,0.0,0.0,1.8456,0.1394,0.7276
no_reward,65,normal,True,,3,0.061224489795918366,0.0,200.0,-2.0,30.0,0.0,1.1927,1.1927,100.0,21.0138,0,3,1,0,0,200,0,0,0,0.95,1.0,0.961428571428572,0,9800,9,47.0281,0.0,0.0,0.0,1.7984,0.1427,0.7036
no_reward,66,normal,True,,3,0.061224489795918366,0.0,200.0,-2.0,30.0,0.0,0.7152,0.7152,100.00000000000001,24.9242,0,3,1,0,0,200,0,0,0,0.95,1.0,0.961428571428572,0,9800,2,47.6156,0.0,0.0,0.0,1.7537,0.1279,0.6889
no_reward,67,normal,True,,3,0.061224489795918366,0.0,198.0,-2.0,30.0,0.0,1.2891,1.2891,99.99999999999999,23.181,0,3,1,0,0,200,0,0,0,0.95,1.0,0.961428571428572,0,9702,0,45.8248,0.0,0.0,0.0,1.8059,0.1196,0.7163
no_reward,68,normal,True,,3,0.061224489795918366,0.0,200.0,-2.0,30.0,0.0,1.2358,1.2358,100.0,24.6259,0,3,1,0,0,200,0,0,0,0.95,1.0,0.961428571428572,0,9800,3,49.8661,0.0,0.0,0.0,1.7654,0.1404,0.6769
no_reward,69,normal,True,,3,0.061224489795918366,0.0,187.0,-2.0,30.0,0.0,0.6171,0.6171,100.0,22.6513,0,3,1,0,0,200,0,0,0,0.95,1.0,0.961428571428572,0,9163,0,47.3129,0.0,0.0,0.0,1.7795,0.1347,0.6791
no_reward,70,normal,True,,3,0.061224489795918366,0.0,189.0,-2.0,30.0,0.0,0.8198,0.8198,100.00000000000001,24.4675,0,3,1,0,0,200,0,0,0,0.95,1.0,0.961428571428572,0,9261,3,47.2731,0.0,0.0,0.0,1.6828,0.1266,0.6538
no_reward,71,normal,True,,3,0.061224489795918366,0.0,200.0,-2.0,30.0,0.0,0.7926,0.7926,99.99999999999999,24.7218,0,3,1,0,0,200,0,0,0,0.95,1.0,0.961428571428572,0,9800,1,47.3489,0.0,0.0,0.0,1.7579,0.141,0.6814
no_reward,72,normal,True,,3,0.061224489795918366,0.0,200.0,-2.0,30.0,0.0,0.9126,0.9126,100.0,21.2985,0,3,1,0,0,200,0,0,0,0.95,1.0,0.961428571428572,0,9800,3,46.319,0.0,0.0,0.0,1.8578,0.1388,0.7359
no_reward,73,normal,True,,3,0.061224489795918366,0.0,200.0,-2.0,30.0,0.0,0.6601,0.6601,100.00000000000001,23.7909,0,3,1,0,0,200,0,0,0,0.95,1.0,0.961428571428572,0,9800,0,48.9011,0.0,0.0,0.0,1.7796,0.118,0.7058
no_reward,74,normal,True,,3,0.061224489795918366,0.0,197.0,-2.0,30.0,0.0,1.1695,1.1695,100.0,24.4749,0,3,1,0,0,200,0,0,0,0.95,1.0,0.961428571428572,0,9653,1,47.5514,0.0,0.0,0.0,1.744,0.1418,0.6826
no_reward,75,normal,True,,3,0.061224489795918366,0.0,200.0,-2.0,30.0,0.0,0.3168,0.3168,100.0,22.4086,0,3,1,0,0,200,0,0,0,0.95,1.0,0.961428571428572,0,9800,4,47.4234,0.0,0.0,0.0,1.9053,0.1505,0.7505
no_reward,76,normal,True,,3,0.061224489795918366,0.0,200.0,-2.0,30.0,0.0,1.0125,1.0125,100.0,23.1932,0,3,1,0,0,200,0,0,0,0.95,1.0,0.961428571428572,0,9800,14,50.3037,0.0,0.0,0.0,1.8639,0.1515,0.7353
no_reward,77,normal,True,,3,0.061224489795918366,0.0,200.0,-2.0,30.0,0.0,0.607,0.607,100.0,22.4846,0,3,1,0,0,200,0,0,0,0.95,1.0,0.961428571428572,0,9800,11,50.6662,0.0,0.0,0.0,1.5413,0.1288,0.5771
no_reward,78,normal,True,,3,0.061224489795918366,0.0,197.0,-2.0,30.0,0.0,0.8875,0.8875,100.0,23.7504,0,3,1,0,0,200,0,0,0,0.0,1.0,0.9420408163265311,147,9653,1,47.4397,0.0,0.0,0.0,1.7771,0.1255,0.7063
no_reward,79,normal,True,,3,0.061224489795918366,0.0,200.0,-2.0,30.0,0.0,1.3205,1.3205,100.0,23.6365,0,3,1,0,0,200,0,0,0,0.95,1.0,0.961428571428572,0,9800,18,49.895,0.0,0.0,0.0,1.7342,0.1322,0.6735
no_reward,80,normal,True,,3,0.061224489795918366,0.0,200.0,-2.0,30.0,0.0,1.5432,1.5432,100.0,24.9697,0,3,1,0,0,200,0,0,0,0.95,1.0,0.961428571428572,0,9800,11,51.0618,0.0,0.0,0.0,1.7292,0.1255,0.6829
no_reward,81,normal,True,,3,0.061224489795918366,0.0,185.0,-2.0,30.0,0.0,1.3576,1.3576,100.0,25.297,0,3,1,0,0,200,0,0,0,0.95,1.0,0.961428571428572,0,9065,0,45.7711,0.0,0.0,0.0,1.742,0.1413,0.6823
no_reward,82,normal,True,,3,0.061224489795918366,0.0,200.0,-2.0,30.0,0.0,1.0253,1.0253,100.0,22.9699,0,3,1,0,0,200,0,0,0,0.95,1.0,0.961428571428572,0,9800,10,50.1315,0.0,0.0,0.0,1.8695,0.1401,0.7352
no_reward,83,normal,True,,3,0.061224489795918366,0.0,200.0,-2.0,30.0,0.0,1.6028,1.6028,100.0,23.1421,0,3,1,0,0,200,0,0,0,0.95,1.0,0.961428571428572,0,9800,4,49.8964,0.0,0.0,0.0,1.7625,0.1516,0.6829
no_reward,84,normal,True,,3,0.061224489795918366,0.0,188.0,-2.0,30.0,0.0,0.8923,0.8923,99.99999999999999,23.2835,0,3,1,0,0,200,0,0,0,0.95,1.0,0.961428571428572,0,9212,0,47.1876,0.0,0.0,0.0,1.8431,0.1506,0.7287
no_reward,85,normal,True,,3,0.061224489795918366,0.0,186.0,-2.0,30.0,0.0,1.1545,1.1545,100.0,26.2473,0,3,1,0,0,200,0,0,0,0.95,1.0,0.961428571428572,0,9114,0,46.0706,0.0,0.0,0.0,1.6982,0.145,0.6574
no_reward,86,normal,True,,3,0.061224489795918366,0.0,200.0,-2.0,30.0,0.0,1.1219,1.1219,100.0,22.8948,0,3,1,0,0,200,0,0,0,0.95,1.0,0.961428571428572,0,9800,6,48.7865,0.0,0.0,0.0,1.6822,0.1275,0.6548
no_reward,87,normal,True,,3,0.061224489795918366,0.0,200.0,-2.0,30.0,0.0,1.509,1.509,100.0,24.5552,0,3,1,0,0,200,0,0,0,0.95,1.0,0.961428571428572,0,9800,8,50.6894,0.0,0.0,0.0,1.7927,0.1345,0.7001
no_reward,88,normal,True,,3,0.061224489795918366,0.0,195.0,-2.0,30.0,0.0,0.9009,0.9009,100.0,24.267,0,3,1,0,0,200,0,0,0,0.95,1.0,0.961428571428572,0,9555,1,48.5564,0.0,0.0,0.0,1.8387,0.1371,0.731
no_reward,89,normal,True,,3,0.061224489795918366,0.0,200.0,-2.0,30.0,0.0,1.2072,1.2072,100.0,22.2695,0,3,1,0,0,200,0,0,0,0.95,1.0,0.961428571428572,0,9800,0,46.3994,0.0,0.0,0.0,1.6688,0.1276,0.6443
no_reward,90,normal,True,,3,0.061224489795918366,0.0,200.0,-2.0,30.0,0.0,1.371,1.371,100.00000000000001,25.6438,0,3,1,0,0,200,0,0,0,0.95,1.0,0.961428571428572,0,9800,8,50.3654,0.0,0.0,0.0,1.678,0.1276,0.649
no_reward,91,normal,True,,3,0.061224489795918366,0.0,200.0,-2.0,30.0,0.0,0.2948,0.2948,100.0,22.7684,0,3,1,0,0,200,0,0,0,0.95,1.0,0.961428571428572,0,9800,16,50.8147,0.0,0.0,0.0,1.6292,0.1004,0.6298
no_reward,92,normal,True,,3,0.061224489795918366,0.0,200.0,-2.0,30.0,0.0,0.6264,0.6264,100.0,23.1237,0,3,1,0,0,200,0,0,0,0.95,1.0,0.961428571428572,0,9800,1,48.256,0.0,0.0,0.0,1.8451,0.1355,0.7249
no_reward,93,normal,True,,3,0.061224489795918366,0.0,184.0,-2.0,30.0,0.0,1.1676,1.1676,100.0,26.2487,0,3,1,0,0,200,0,0,0,0.95,1.0,0.961428571428572,0,9016,2,47.239,0.0,0.0,0.0,1.8375,0.1486,0.7318
no_reward,94,normal,True,,3,0.061224489795918366,0.0,200.0,-2.0,30.0,0.0,0.4651,0.4651,100.0,23.1812,0,3,1,0,0,200,0,0,0,0.95,1.0,0.961428571428572,0,9800,28,51.381,0.0,0.0,0.0,1.7871,0.1243,0.7003
no_reward,95,normal,True,,3,0.061224489795918366,0.0,200.0,-2.0,30.0,0.0,1.6047,1.6047,100.0,24.9961,0,3,1,0,0,200,0,0,0,0.95,1.0,0.961428571428572,0,9800,3,48.732,0.0,0.0,0.0,1.852,0.1379,0.73
no_reward,96,normal,True,,3,0.061224489795918366,0.0,188.0,-2.0,30.0,0.0,1.4552,1.4552,100.0,25.0825,0,3,1,0,0,200,0,0,0,0.95,1.0,0.961428571428572,0,9212,0,46.1539,0.0,0.0,0.0,1.6813,0.1426,0.6519
no_reward,97,normal,True,,3,0.061224489795918366,0.0,200.0,-2.0,30.0,0.0,1.3939,1.3939,100.0,21.5238,0,3,1,0,0,200,0,0,0,0.95,1.0,0.961428571428572,0,9800,35,51.1172,0.0,0.0,0.0,1.7817,0.1295,0.6941
no_reward,98,normal,True,,3,0.061224489795918366,0.0,200.0,-2.0,30.0,0.0,1.4066,1.4066,100.0,24.0971,0,3,1,0,0,200,0,0,0,0.95,1.0,0.961428571428572,0,9800,0,48.9619,0.0,0.0,0.0,1.7318,0.1084,0.6821
no_reward,99,normal,True,,3,0.061224489795918366,0.0,200.0,-2.0,30.0,0.0,0.8419,0.8419,100.0,23.1751,0,3,1,0,0,200,0,0,0,0.95,1.0,0.961428571428572,0,9800,2,47.5378,0.0,0.0,0.0,1.8532,0.1282,0.7285
dqn_core_only,0,normal,True,,3,0.061224489795918366,0.0,199.0,-2.0,30.0,0.0,1.1336,1.1336,100.0,22.4927,0,3,1,0,0,200,0,0,0,0.95,1.0,0.961428571428572,0,9751,0,46.6306,0.0,0.0,0.0,1.5682,0.1398,0.6432
dqn_core_only,1,normal,True,,3,0.061224489795918366,0.0,198.0,-2.0,30.0,0.0,0.7504,0.7504,100.0,23.1433,0,3,1,0,0,200,0,0,0,0.95,1.0,0.961428571428572,0,9702,5,46.6815,0.0,0.0,0.0,1.6402,0.1458,0.6796
dqn_core_only,2,normal,True,,3,0.061224489795918366,0.0,195.0,-2.0,30.0,0.0,1.8762,1.8762,100.0,24.0293,0,3,1,0,0,200,0,0,0,0.0,1.0,0.9420408163265311,181,9555,0,45.3831,0.0,0.0,0.0,1.559,0.1252,0.6462
dqn_core_only,3,normal,True,,3,0.061224489795918366,0.0,193.0,-2.0,30.0,0.0,0.8582,0.8582,100.00000000000001,23.9708,0,3,1,0,0,200,0,0,0,0.95,1.0,0.961428571428572,0,9457,0,46.9146,0.0,0.0,0.0,1.594,0.1395,0.6597
dqn_core_only,4,normal,True,,3,0.061224489795918366,0.0,200.0,-2.0,30.0,0.0,0.6665,0.6665,100.0,23.0639,0,3,1,0,0,200,0,0,0,0.0,1.0,0.9420408163265311,156,9800,14,50.4309,0.0,0.0,0.0,1.7494,0.1161,0.7372
dqn_core_only,5,normal,True,,3,0.061224489795918366,0.0,190.0,-2.0,30.0,0.0,0.688,0.688,100.0,22.6264,0,3,1,0,0,200,0,0,0,0.95,1.0,0.961428571428572,0,9310,0,45.0856,0.0,0.0,0.0,1.4517,0.1215,0.5942
dqn_core_only,6,normal,True,,3,0.061224489795918366,0.0,200.0,-2.0,30.0,0.0,1.5768,1.5768,100.0,25.2729,0,3,1,0,0,200,0,0,0,0.0,1.0,0.9420408163265311,49,9800,6,49.1206,0.0,0.0,0.0,1.6591,0.1237,0.6944
dqn_core_only,7,normal,True,,3,0.061224489795918366,0.0,200.0,-2.0,30.0,0.0,0.7101,0.7101,100.0,21.9139,0,3,1,0,0,200,0,0,0,0.0,1.0,0.9420408163265311,58,9800,7,48.079,0.0,0.0,0.0,1.487,0.1067,0.6153
dqn_core_only,8,normal,True,,3,0.061224489795918366,0.0,200.0,-2.0,30.0,0.0,1.141,1.141,100.0,21.9436,0,3,1,0,0,200,0,0,0,0.0,1.0,0.9420408163265311,184,9800,0,46.0081,0.0,0.0,0.0,1.6106,0.1286,0.6733
dqn_core_only,9,normal,True,,3,0.061224489795918366,0.0,200.0,-2.0,30.0,0.0,1.356,1.356,100.0,25.0892,0,3,1,0,0,200,0,0,0,0.95,1.0,0.961428571428572,0,9800,15,50.4923,0.0,0.0,0.0,1.5925,0.1373,0.6502
dqn_core_only,10,normal,True,,3,0.061224489795918366,0.0,200.0,-2.0,30.0,0.0,0.714,0.714,100.0,22.846,0,3,1,0,0,200,0,0,0,0.95,1.0,0.961428571428572,0,9800,5,50.5537,0.0,0.0,0.0,1.5992,0.147,0.6544
dqn_core_only,11,normal,True,,3,0.061224489795918366,0.0,200.0,-2.0,30.0,0.0,0.4092,0.4092,100.0,22.0113,0,3,1,0,0,200,0,0,0,0.95,1.0,0.961428571428572,0,9800,27,50.2537,0.0,0.0,0.0,1.5103,0.1292,0.6111
dqn_core_only,12,normal,True,,3,0.061224489795918366,0.0,200.0,-2.0,30.0,0.0,0.7276,0.7276,100.00000000000001,22.4484,0,3,1,0,0,200,0,0,0,0.95,1.0,0.961428571428572,0,9800,3,48.7965,0.0,0.0,0.0,1.7612,0.1444,0.7344
dqn_core_only,13,normal,True,,3,0.061224489795918366,0.0,200.0,-2.0,30.0,0.0,0.8798,0.8798,100.0,22.5757,0,3,1,0,0,200,0,0,0,0.95,1.0,0.961428571428572,0,9800,10,48.8933,0.0,0.0,0.0,1.7918,0.1355,0.7579
dqn_core_only,14,normal,True,,3,0.061224489795918366,0.0,200.0,-2.0,30.0,0.0,0.5366,0.5366,100.0,21.6272,0,3,1,0,0,200,0,0,0,0.95,1.0,0.961428571428572,0,9800,0,47.8118,0.0,0.0,0.0,1.6247,0.1385,0.6691
dqn_core_only,15,normal,True,,3,0.061224489795918366,0.0,200.0,-2.0,30.0,0.0,0.6703,0.6703,100.0,23.0195,0,3,1,0,0,200,0,0,0,0.95,1.0,0.961428571428572,0,9800,8,47.5828,0.0,0.0,0.0,1.6745,0.136,0.7029
dqn_core_only,16,normal,True,,3,0.061224489795918366,0.0,200.0,-2.0,30.0,0.0,1.075,1.075,100.0,24.2934,0,3,1,0,0,200,0,0,0,0.95,1.0,0.961428571428572,0,9800,22,51.1082,0.0,0.0,0.0,1.5524,0.1406,0.6303
dqn_core_only,17,normal,True,,3,0.061224489795918366,0.0,200.0,-2.0,30.0,0.0,1.1647,1.1647,100.0,23.6578,0,3,1,0,0,200,0,0,0,0.95,1.0,0.961428571428572,0,9800,4,48.2963,0.0,0.0,0.0,1.6227,0.1425,0.6626
dqn_core_only,18,normal,True,,3,0.061224489795918366,0.0,194.0,-2.0,30.0,0.0,0.9428,0.9428,100.0,26.4386,0,3,1,0,0,200,0,0,0,0.95,1.0,0.961428571428572,0,9506,7,49.8722,0.0,0.0,0.0,1.7342,0.1373,0.7061
dqn_core_only,19,normal,True,,3,0.061224489795918366,0.0,200.0,-2.0,30.0,0.0,1.394,1.394,99.99999999999999,23.2427,0,3,1,0,0,200,0,0,0,0.95,1.0,0.961428571428572,0,9800,5,48.1401,0.0,0.0,0.0,1.306,0.1152,0.5243
dqn_core_only,20,normal,True,,3,0.061224489795918366,0.0,196.0,-2.0,30.0,0.0,1.0015,1.0015,100.0,24.7965,0,3,1,0,0,200,0,0,0,0.95,1.0,0.961428571428572,0,9604,0,47.657,0.0,0.0,0.0,1.6369,0.119,0.6874
dqn_core_only,21,normal,True,,3,0.061224489795918366,0.0,196.0,-2.0,30.0,0.0,1.1154,1.1154,100.0,23.4351,0,3,1,0,0,200,0,0,0,0.95,1.0,0.961428571428572,0,9604,0,46.4005,0.0,0.0,0.0,1.3641,0.1197,0.562
dqn_core_only,22,normal,True,,3,0.061224489795918366,0.0,196.0,-2.0,30.0,0.0,1.0244,1.0244,100.0,24.1606,0,3,1,0,0,200,0,0,0,0.95,1.0,0.961428571428572,0,9604,6,49.0843,0.0,0.0,0.0,1.5216,0.1053,0.6398
dqn_core_only,23,normal,True,,3,0.061224489795918366,0.0,200.0,-2.0,30.0,0.0,0.5142,0.5142,100.0,22.0313,0,3,1,0,0,200,0,0,0,0.0,1.0,0.9420408163265311,121,9800,1,46.6135,0.0,0.0,0.0,1.5253,0.1244,0.6326
dqn_core_only,24,normal,True,,3,0.061224489795918366,0.0,200.0,-2.0,30.0,0.0,1.0435,1.0435,100.0,23.3522,0,3,1,0,0,200,0,0,0,0.95,1.0,0.961428571428572,0,9800,8,47.3819,0.0,0.0,0.0,1.6914,0.1314,0.7096
dqn_core_only,25,normal,True,,3,0.061224489795918366,0.0,200.0,-2.0,30.0,0.0,1.0792,1.0792,100.0,22.4021,0,3,1,0,0,200,0,0,0,0.95,1.0,0.961428571428572,0,9800,4,46.5566,0.0,0.0,0.0,1.5997,0.1386,0.6679
dqn_core_only,26,normal,True,,3,0.061224489795918366,0.0,197.0,-2.0,30.0,0.0,1.0661,1.0661,100.0,25.3064,0,3,1,0,0,200,0,0,0,0.95,1.0,0.961428571428572,0,9653,8,49.838,0.0,0.0,0.0,1.6883,0.1373,0.6988
dqn_core_only,27,normal,True,,3,0.061224489795918366,0.0,200.0,-2.0,30.0,0.0,1.2929,1.2929,100.0,25.2621,0,3,1,0,0,200,0,0,0,0.95,1.0,0.961428571428572,0,9800,5,50.4282,0.0,0.0,0.0,1.5461,0.1413,0.6408
dqn_core_only,28,normal,True,,3,0.061224489795918366,0.0,183.0,-2.0,30.0,0.0,1.126,1.126,100.0,26.1859,0,3,1,0,0,200,0,0,0,0.95,1.0,0.961428571428572,0,8967,0,47.389,0.0,0.0,0.0,1.475,0.1421,0.5931
dqn_core_only,29,normal,True,,3,0.061224489795918366,0.0,191.0,-2.0,30.0,0.0,0.8423,0.8423,99.99999999999999,23.9838,0,3,1,0,0,200,0,0,0,0.95,1.0,0.961428571428572,0,9359,4,48.1299,0.0,0.0,0.0,1.7781,0.1306,0.7556
dqn_core_only,30,normal,True,,3,0.061224489795918366,0.0,197.0,-2.0,30.0,0.0,1.0065,1.0065,100.0,25.5188,0,3,1,0,0,200,0,0,0,0.95,1.0,0.961428571428572,0,9653,6,48.2507,0.0,0.0,0.0,1.5241,0.1391,0.6191
dqn_core_only,31,normal,True,,3,0.061224489795918366,0.0,198.0,-2.0,30.0,0.0,0.7938,0.7938,99.99999999999999,24.573,0,3,1,0,0,200,0,0,0,0.95,1.0,0.961428571428572,0,9702,4,47.1672,0.0,0.0,0.0,1.6028,0.1264,0.6739
dqn_core_only,32,normal,True,,3,0.061224489795918366,0.0,198.0,-2.0,30.0,0.0,0.9846,0.9846,100.0,23.5502,0,3,1,0,0,200,0,0,0,0.95,1.0,0.961428571428572,0,9702,0,48.4662,0.0,0.0,0.0,1.6156,0.1424,0.6683
dqn_core_only,33,normal,True,,3,0.061224489795918366,0.0,200.0,-2.0,30.0,0.0,0.7927,0.7927,100.0,23.3311,0,3,1,0,0,200,0,0,0,0.95,1.0,0.961428571428572,0,9800,3,48.7021,0.0,0.0,0.0,1.765,0.1396,0.7396
dqn_core_only,34,normal,True,,3,0.061224489795918366,0.0,200.0,-2.0,30.0,0.0,0.9592,0.9592,100.0,22.3862,0,3,1,0,0,200,0,0,0,0.95,1.0,0.961428571428572,0,9800,0,46.4368,0.0,0.0,0.0,1.5217,0.1365,0.6247
dqn_core_only,35,normal,True,,3,0.061224489795918366,0.0,200.0,-2.0,30.0,0.0,0.7464,0.7464,100.0,22.6954,0,3,1,0,0,200,0,0,0,0.95,1.0,0.961428571428572,0,9800,5,49.1058,0.0,0.0,0.0,1.6397,0.1386,0.6807
dqn_core_only,36,normal,True,,3,0.061224489795918366,0.0,187.0,-2.0,30.0,0.0,1.5012,1.5012,100.0,25.3831,0,3,1,0,0,200,0,0,0,0.0,1.0,0.9420408163265311,123,9163,1,47.6822,0.0,0.0,0.0,1.5242,0.1346,0.6157
dqn_core_only,37,normal,True,,3,0.061224489795918366,0.0,198.0,-2.0,30.0,0.0,0.823,0.823,100.0,23.6489,0,3,1,0,0,200,0,0,0,0.95,1.0,0.961428571428572,0,9702,3,46.6599,0.0,0.0,0.0,1.5865,0.1442,0.6509
dqn_core_only,38,normal,True,,3,0.061224489795918366,0.0,196.0,-2.0,30.0,0.0,0.6411,0.6411,100.0,25.3702,0,3,1,0,0,200,0,0,0,0.95,1.0,0.961428571428572,0,9604,6,49.5454,0.0,0.0,0.0,1.6105,0.1367,0.6675
dqn_core_only,39,normal,True,,3,0.061224489795918366,0.0,194.0,-2.0,30.0,0.0,0.5648,0.5648,100.0,24.3546,0,3,1,0,0,200,0,0,0,0.95,1.0,0.961428571428572,0,9506,3,47.937,0.0,0.0,0.0,1.5115,0.136,0.6187
dqn_core_only,40,normal,True,,3,0.061224489795918366,0.0,200.0,-2.0,30.0,0.0,0.7726,0.7726,100.0,24.5175,0,3,1,0,0,200,0,0,0,0.95,1.0,0.961428571428572,0,9800,10,49.0031,0.0,0.0,0.0,1.642,0.118,0.688
dqn_core_only,41,normal,True,,3,0.061224489795918366,0.0,189.0,-2.0,30.0,0.0,0.8822,0.8822,100.0,24.4489,0,3,1,0,0,200,0,0,0,0.95,1.0,0.961428571428572,0,9261,0,46.6797,0.0,0.0,0.0,1.5755,0.1427,0.6491
dqn_core_only,42,normal,True,,3,0.061224489795918366,0.0,200.0,-2.0,30.0,0.0,0.9513,0.9513,100.0,22.9371,0,3,1,0,0,200,0,0,0,0.95,1.0,0.961428571428572,0,9800,0,46.7206,0.0,0.0,0.0,1.7656,0.1474,0.7357
dqn_core_only,43,normal,True,,3,0.061224489795918366,0.0,200.0,-2.0,30.0,0.0,0.9742,0.9742,100.0,25.7488,0,3,1,0,0,200,0,0,0,0.95,1.0,0.961428571428572,0,9800,8,50.5851,0.0,0.0,0.0,1.5286,0.1395,0.6276
dqn_core_only,44,normal,True,,3,0.061224489795918366,0.0,200.0,-2.0,30.0,0.0,1.1332,1.1332,100.0,24.3049,0,3,1,0,0,200,0,0,0,0.95,1.0,0.961428571428572,0,9800,4,48.7712,0.0,0.0,0.0,1.7398,0.1402,0.7271
dqn_core_only,45,normal,True,,3,0.061224489795918366,0.0,200.0,-2.0,30.0,0.0,1.3259,1.3259,100.0,23.9698,0,3,1,0,0,200,0,0,0,0.0,1.0,0.9420408163265311,130,9800,6,47.4198,0.0,0.0,0.0,1.5704,0.1568,0.6335
dqn_core_only,46,normal,True,,3,0.061224489795918366,0.0,197.0,-2.0,30.0,0.0,1.796,1.796,100.0,25.4984,0,3,1,0,0,200,0,0,0,0.95,1.0,0.961428571428572,0,9653,6,49.4713,0.0,0.0,0.0,1.5337,0.1404,0.6268
dqn_core_only,47,normal,True,,3,0.061224489795918366,0.0,194.0,-2.0,30.0,0.0,1.1629,1.1629,100.0,24.3987,0,3,1,0,0,200,0,0,0,0.95,1.0,0.961428571428572,0,9506,0,46.7094,0.0,0.0,0.0,1.6345,0.1119,0.6945
dqn_core_only,48,normal,True,,3,0.061224489795918366,0.0,192.0,-2.0,30.0,0.0,1.0989,1.0989,100.0,24.8645,0,3,1,0,0,200,0,0,0,0.95,1.0,0.961428571428572,0,9408,5,47.8934,0.0,0.0,0.0,1.5334,0.1417,0.6239
dqn_core_only,49,normal,True,,3,0.061224489795918366,0.0,200.0,-2.0,30.0,0.0,1.0472,1.0472,100.0,22.3348,0,3,1,0,0,200,0,0,0,0.95,1.0,0.961428571428572,0,9800,5,46.5783,0.0,0.0,0.0,1.719,0.1357,0.7253
dqn_core_only,50,normal,True,,3,0.061224489795918366,0.0,195.0,-2.0,30.0,0.0,0.8909,0.8909,100.0,25.1738,0,3,1,0,0,200,0,0,0,0.95,1.0,0.961428571428572,0,9555,6,48.5884,0.0,0.0,0.0,1.4747,0.1485,0.5972
dqn_core_only,51,normal,True,,3,0.061224489795918366,0.0,185.0,-2.0,30.0,0.0,1.2913,1.2913,100.0,25.3117,0,3,1,0,0,200,0,0,0,0.95,1.0,0.961428571428572,0,9065,0,47.085,0.0,0.0,0.0,1.544,0.1223,0.6451
dqn_core_only,52,normal,True,,3,0.061224489795918366,0.0,200.0,-2.0,30.0,0.0,1.2612,1.2612,100.0,25.5303,0,3,1,0,0,200,0,0,0,0.95,1.0,0.961428571428572,0,9800,7,50.1764,0.0,0.0,0.0,1.5944,0.1318,0.66
dqn_core_only,53,normal,True,,3,0.061224489795918366,0.0,200.0,-2.0,30.0,0.0,1.2068,1.2068,100.0,23.7278,0,3,1,0,0,200,0,0,0,0.95,1.0,0.961428571428572,0,9800,4,48.2758,0.0,0.0,0.0,1.7433,0.1294,0.7311
dqn_core_only,54,normal,True,,3,0.061224489795918366,0.0,199.0,-2.0,30.0,0.0,0.8751,0.8751,100.0,23.838,0,3,1,0,0,200,0,0,0,0.95,1.0,0.961428571428572,0,9751,2,47.1167,0.0,0.0,0.0,1.6259,0.1496,0.6728
dqn_core_only,55,normal,True,,3,0.061224489795918366,0.0,200.0,-2.0,30.0,0.0,0.7062,0.7062,100.00000000000001,23.3127,0,3,1,0,0,200,0,0,0,0.95,1.0,0.961428571428572,0,9800,14,49.1407,0.0,0.0,0.0,1.6582,0.1405,0.6908
dqn_core_only,56,normal,True,,3,0.061224489795918366,0.0,194.0,-2.0,30.0,0.0,0.8082,0.8082,100.00000000000001,24.4417,0,3,1,0,0,200,0,0,0,0.95,1.0,0.961428571428572,0,9506,2,47.0113,0.0,0.0,0.0,1.4046,0.1228,0.5755
dqn_core_only,57,normal,True,,3,0.061224489795918366,0.0,200.0,-2.0,30.0,0.0,1.0423,1.0423,100.0,23.4153,0,3,1,0,0,200,0,0,0,0.95,1.0,0.961428571428572,0,9800,3,48.281,0.0,0.0,0.0,1.7137,0.1422,0.7181
dqn_core_only,58,normal,True,,3,0.061224489795918366,0.0,200.0,-2.0,30.0,0.0,1.402,1.402,100.0,23.5994,0,3,1,0,0,200,0,0,0,0.95,1.0,0.961428571428572,0,9800,16,50.0742,0.0,0.0,0.0,1.389,0.1292,0.5658
dqn_core_only,59,normal,True,,3,0.061224489795918366,0.0,198.0,-2.0,30.0,0.0,0.7294,0.7294,100.0,23.3128,0,3,1,0,0,200,0,0,0,0.0,1.0,0.9420408163265311,138,9702,5,47.6984,0.0,0.0,0.0,1.6573,0.122,0.6884
dqn_core_only,60,normal,True,,3,0.061224489795918366,0.0,200.0,-2.0,30.0,0.0,0.9056,0.9056,100.0,23.5794,0,3,1,0,0,200,0,0,0,0.95,1.0,0.961428571428572,0,9800,10,49.5281,0.0,0.0,0.0,1.6999,0.1348,0.7094
dqn_core_only,61,normal,True,,3,0.061224489795918366,0.0,197.0,-2.0,30.0,0.0,0.7925,0.7925,100.0,24.9204,0,3,1,0,0,200,0,0,0,0.95,1.0,0.961428571428572,0,9653,5,50.8345,0.0,0.0,0.0,1.6169,0.1424,0.6704
dqn_core_only,62,normal,True,,3,0.061224489795918366,0.0,200.0,-2.0,30.0,0.0,1.1714,1.1714,100.0,21.2815,0,3,1,0,0,200,0,0,0,0.95,1.0,0.961428571428572,0,9800,6,50.0774,0.0,0.0,0.0,1.5897,0.1432,0.6466
dqn_core_only,63,normal,True,,3,0.061224489795918366,0.0,200.0,-2.0,30.0,0.0,1.2096,1.2096,100.0,24.4121,0,3,1,0,0,200,0,0,0,0.95,1.0,0.961428571428572,0,9800,5,50.6004,0.0,0.0,0.0,1.5265,0.138,0.6235
dqn_core_only,64,normal,True,,3,0.061224489795918366,0.0,200.0,-2.0,30.0,0.0,1.1381,1.1381,100.0,25.9645,0,3,1,0,0,200,0,0,0,0.95,1.0,0.961428571428572,0,9800,15,52.5161,0.0,0.0,0.0,1.5691,0.1166,0.6569
dqn_core_only,65,normal,True,,3,0.061224489795918366,0.0,200.0,-2.0,30.0,0.0,1.1927,1.1927,100.0,21.0138,0,3,1,0,0,200,0,0,0,0.95,1.0,0.961428571428572,0,9800,9,47.0281,0.0,0.0,0.0,1.5135,0.1389,0.6202
dqn_core_only,66,normal,True,,3,0.061224489795918366,0.0,200.0,-2.0,30.0,0.0,0.7152,0.7152,100.00000000000001,24.9242,0,3,1,0,0,200,0,0,0,0.95,1.0,0.961428571428572,0,9800,2,47.6156,0.0,0.0,0.0,1.7011,0.1421,0.71
dqn_core_only,67,normal,True,,3,0.061224489795918366,0.0,198.0,-2.0,30.0,0.0,1.2891,1.2891,99.99999999999999,23.181,0,3,1,0,0,200,0,0,0,0.95,1.0,0.961428571428572,0,9702,0,45.8248,0.0,0.0,0.0,1.5143,0.1395,0.6115
dqn_core_only,68,normal,True,,3,0.061224489795918366,0.0,200.0,-2.0,30.0,0.0,1.2358,1.2358,100.0,24.6259,0,3,1,0,0,200,0,0,0,0.95,1.0,0.961428571428572,0,9800,3,49.8661,0.0,0.0,0.0,1.5182,0.1191,0.6282
dqn_core_only,69,normal,True,,3,0.061224489795918366,0.0,187.0,-2.0,30.0,0.0,0.6171,0.6171,100.0,22.6513,0,3,1,0,0,200,0,0,0,0.95,1.0,0.961428571428572,0,9163,0,47.3129,0.0,0.0,0.0,1.5348,0.1262,0.634
dqn_core_only,70,normal,True,,3,0.061224489795918366,0.0,189.0,-2.0,30.0,0.0,0.8198,0.8198,100.00000000000001,24.4675,0,3,1,0,0,200,0,0,0,0.95,1.0,0.961428571428572,0,9261,3,47.2731,0.0,0.0,0.0,1.6673,0.1489,0.6917
dqn_core_only,71,normal,True,,3,0.061224489795918366,0.0,200.0,-2.0,30.0,0.0,0.7926,0.7926,99.99999999999999,24.7218,0,3,1,0,0,200,0,0,0,0.95,1.0,0.961428571428572,0,9800,1,47.3489,0.0,0.0,0.0,1.677,0.136,0.7028
dqn_core_only,72,normal,True,,3,0.061224489795918366,0.0,200.0,-2.0,30.0,0.0,0.9126,0.9126,100.0,21.2985,0,3,1,0,0,200,0,0,0,0.95,1.0,0.961428571428572,0,9800,3,46.319,0.0,0.0,0.0,1.6001,0.1339,0.6698
dqn_core_only,73,normal,True,,3,0.061224489795918366,0.0,200.0,-2.0,30.0,0.0,0.6601,0.6601,100.00000000000001,23.7909,0,3,1,0,0,200,0,0,0,0.95,1.0,0.961428571428572,0,9800,0,48.9011,0.0,0.0,0.0,1.5168,0.1352,0.619
dqn_core_only,74,normal,True,,3,0.061224489795918366,0.0,197.0,-2.0,30.0,0.0,1.1695,1.1695,100.0,24.4749,0,3,1,0,0,200,0,0,0,0.95,1.0,0.961428571428572,0,9653,1,47.5514,0.0,0.0,0.0,1.6813,0.1355,0.7033
dqn_core_only,75,normal,True,,3,0.061224489795918366,0.0,200.0,-2.0,30.0,0.0,0.3168,0.3168,100.0,22.4086,0,3,1,0,0,200,0,0,0,0.95,1.0,0.961428571428572,0,9800,4,47.4234,0.0,0.0,0.0,1.5067,0.1195,0.6244
dqn_core_only,76,normal,True,,3,0.061224489795918366,0.0,200.0,-2.0,30.0,0.0,1.0125,1.0125,100.0,23.1932,0,3,1,0,0,200,0,0,0,0.95,1.0,0.961428571428572,0,9800,14,50.3037,0.0,0.0,0.0,1.4054,0.1156,0.5826
dqn_core_only,77,normal,True,,3,0.061224489795918366,0.0,200.0,-2.0,30.0,0.0,0.607,0.607,100.0,22.4846,0,3,1,0,0,200,0,0,0,0.95,1.0,0.961428571428572,0,9800,11,50.6662,0.0,0.0,0.0,1.4056,0.1224,0.5754
dqn_core_only,78,normal,True,,3,0.061224489795918366,0.0,197.0,-2.0,30.0,0.0,0.8875,0.8875,100.0,23.7504,0,3,1,0,0,200,0,0,0,0.0,1.0,0.9420408163265311,147,9653,1,47.4397,0.0,0.0,0.0,1.4679,0.1096,0.6119
dqn_core_only,79,normal,True,,3,0.061224489795918366,0.0,200.0,-2.0,30.0,0.0,1.3205,1.3205,100.0,23.6365,0,3,1,0,0,200,0,0,0,0.95,1.0,0.961428571428572,0,9800,18,49.895,0.0,0.0,0.0,1.5705,0.1346,0.6464
dqn_core_only,80,normal,True,,3,0.061224489795918366,0.0,200.0,-2.0,30.0,0.0,1.5432,1.5432,100.0,24.9697,0,3,1,0,0,200,0,0,0,0.95,1.0,0.961428571428572,0,9800,11,51.0618,0.0,0.0,0.0,1.5935,0.138,0.6596
dqn_core_only,81,normal,True,,3,0.061224489795918366,0.0,185.0,-2.0,30.0,0.0,1.3576,1.3576,100.0,25.297,0,3,1,0,0,200,0,0,0,0.95,1.0,0.961428571428572,0,9065,0,45.7711,0.0,0.0,0.0,1.6296,0.1269,0.6724
dqn_core_only,82,normal,True,,3,0.061224489795918366,0.0,200.0,-2.0,30.0,0.0,1.0253,1.0253,100.0,22.9699,0,3,1,0,0,200,0,0,0,0.95,1.0,0.961428571428572,0,9800,10,50.1315,0.0,0.0,0.0,1.4346,0.1381,0.5754
dqn_core_only,83,normal,True,,3,0.061224489795918366,0.0,200.0,-2.0,30.0,0.0,1.6028,1.6028,100.0,23.1421,0,3,1,0,0,200,0,0,0,0.95,1.0,0.961428571428572,0,9800,4,49.8964,0.0,0.0,0.0,1.7641,0.1364,0.7395
dqn_core_only,84,normal,True,,3,0.061224489795918366,0.0,188.0,-2.0,30.0,0.0,0.8923,0.8923,99.99999999999999,23.2835,0,3,1,0,0,200,0,0,0,0.95,1.0,0.961428571428572,0,9212,0,47.1876,0.0,0.0,0.0,1.6086,0.1373,0.6584
dqn_core_only,85,normal,True,,3,0.061224489795918366,0.0,186.0,-2.0,30.0,0.0,1.1545,1.1545,100.0,26.2473,0,3,1,0,0,200,0,0,0,0.95,1.0,0.961428571428572,0,9114,0,46.0706,0.0,0.0,0.0,1.6265,0.1417,0.6751
dqn_core_only,86,normal,True,,3,0.061224489795918366,0.0,200.0,-2.0,30.0,0.0,1.1219,1.1219,100.0,22.8948,0,3,1,0,0,200,0,0,0,0.95,1.0,0.961428571428572,0,9800,6,48.7865,0.0,0.0,0.0,1.4435,0.156,0.5766
dqn_core_only,87,normal,True,,3,0.061224489795918366,0.0,200.0,-2.0,30.0,0.0,1.509,1.509,100.0,24.5552,0,3,1,0,0,200,0,0,0,0.95,1.0,0.961428571428572,0,9800,8,50.6894,0.0,0.0,0.0,1.7613,0.1454,0.7374
dqn_core_only,88,normal,True,,3,0.061224489795918366,0.0,195.0,-2.0,30.0,0.0,0.9009,0.9009,100.0,24.267,0,3,1,0,0,200,0,0,0,0.95,1.0,0.961428571428572,0,9555,1,48.5564,0.0,0.0,0.0,1.4595,0.1345,0.5901
dqn_core_only,89,normal,True,,3,0.061224489795918366,0.0,200.0,-2.0,30.0,0.0,1.2072,1.2072,100.0,22.2695,0,3,1,0,0,200,0,0,0,0.95,1.0,0.961428571428572,0,9800,0,46.3994,0.0,0.0,0.0,1.6158,0.1465,0.6703
dqn_core_only,90,normal,True,,3,0.061224489795918366,0.0,200.0,-2.0,30.0,0.0,1.371,1.371,100.00000000000001,25.6438,0,3,1,0,0,200,0,0,0,0.95,1.0,0.961428571428572,0,9800,8,50.3654,0.0,0.0,0.0,1.6843,0.1367,0.7004
dqn_core_only,91,normal,True,,3,0.061224489795918366,0.0,200.0,-2.0,30.0,0.0,0.2948,0.2948,100.0,22.7684,0,3,1,0,0,200,0,0,0,0.95,1.0,0.961428571428572,0,9800,16,50.8147,0.0,0.0,0.0,1.5436,0.1293,0.6397
dqn_core_only,92,normal,True,,3,0.061224489795918366,0.0,200.0,-2.0,30.0,0.0,0.6264,0.6264,100.0,23.1237,0,3,1,0,0,200,0,0,0,0.95,1.0,0.961428571428572,0,9800,1,48.256,0.0,0.0,0.0,1.518,0.1406,0.6294
dqn_core_only,93,normal,True,,3,0.061224489795918366,0.0,184.0,-2.0,30.0,0.0,1.1676,1.1676,100.0,26.2487,0,3,1,0,0,200,0,0,0,0.95,1.0,0.961428571428572,0,9016,2,47.239,0.0,0.0,0.0,1.3887,0.1256,0.5626
dqn_core_only,94,normal,True,,3,0.061224489795918366,0.0,200.0,-2.0,30.0,0.0,0.4651,0.4651,100.0,23.1812,0,3,1,0,0,200,0,0,0,0.95,1.0,0.961428571428572,0,9800,28,51.381,0.0,0.0,0.0,1.5133,0.1302,0.6245
dqn_core_only,95,normal,True,,3,0.061224489795918366,0.0,200.0,-2.0,30.0,0.0,1.6047,1.6047,100.0,24.9961,0,3,1,0,0,200,0,0,0,0.95,1.0,0.961428571428572,0,9800,3,48.732,0.0,0.0,0.0,1.48,0.1201,0.6191
dqn_core_only,96,normal,True,,3,0.061224489795918366,0.0,188.0,-2.0,30.0,0.0,1.4552,1.4552,100.0,25.0825,0,3,1,0,0,200,0,0,0,0.95,1.0,0.961428571428572,0,9212,0,46.1539,0.0,0.0,0.0,1.7501,0.1454,0.7363
dqn_core_only,97,normal,True,,3,0.061224489795918366,0.0,200.0,-2.0,30.0,0.0,1.3939,1.3939,100.0,21.5238,0,3,1,0,0,200,0,0,0,0.95,1.0,0.961428571428572,0,9800,35,51.1172,0.0,0.0,0.0,1.4855,0.1333,0.5992
dqn_core_only,98,normal,True,,3,0.061224489795918366,0.0,200.0,-2.0,30.0,0.0,1.4066,1.4066,100.0,24.0971,0,3,1,0,0,200,0,0,0,0.95,1.0,0.961428571428572,0,9800,0,48.9619,0.0,0.0,0.0,1.6379,0.1335,0.6759
dqn_core_only,99,normal,True,,3,0.061224489795918366,0.0,200.0,-2.0,30.0,0.0,0.8419,0.8419,100.0,23.1751,0,3,1,0,0,200,0,0,0,0.95,1.0,0.961428571428572,0,9800,2,47.5378,0.0,0.0,0.0,1.5218,0.1433,0.6158
