controller_label,seed,weather_mode,valid,invalid_reason,faults_n,saifi,saidi,maifi,asai,ens,restoration_time_seconds,critical_load_total_mw,critical_load_restored_mw,critical_load_restored_pct,total_load_mw,successful_restoration_count,n_faults,number_of_islands,isolated_nodes,switching_operations,actions_taken,illegal_actions_attempted,load_shedding_events,battery_dispatch_events,minimum_voltage_pu,maximum_voltage_pu,average_voltage_pu,voltage_violation_count,frequency_deviation_count,line_overload_count,generation_mw,operating_cost_usd,outage_cost_usd,carbon_kg,runtime_s,controller_runtime_s,power_flow_runtime_s
random,0,normal,True,,3,0.061224489795918366,0.0,197.0,-2.0,30.0,0.0,0.8954,0.8954,99.99999999999999,23.3967,0,3,1,0,0,200,0,0,0,0.95,1.0,0.961428571428572,0,9653,0,46.9767,0.0,0.0,0.0,1.4445,0.0,0.6448
random,1,normal,True,,3,0.061224489795918366,0.0,198.0,-2.0,30.0,0.0,1.4157,1.4157,100.00000000000001,23.9305,0,3,1,0,0,200,0,0,0,0.95,1.0,0.961428571428572,0,9702,4,46.7648,0.0,0.0,0.0,1.2952,0.002,0.5687
random,2,normal,True,,3,0.061224489795918366,0.0,164.0,-2.0,30.0,0.0,1.2082,1.2082,100.0,26.7407,0,3,1,0,0,200,0,0,0,0.0,1.0,0.9420408163265311,181,8036,0,45.171,0.0,0.0,0.0,2.8936,0.0,1.3156
random,3,normal,True,,3,0.061224489795918366,0.0,195.0,-2.0,30.0,0.0,1.2054,1.2054,100.0,24.42,0,3,1,0,0,200,0,0,0,0.95,1.0,0.961428571428572,0,9555,0,47.1146,0.0,0.0,0.0,1.3021,0.002,0.567
random,4,normal,True,,3,0.061224489795918366,0.0,200.0,-2.0,30.0,0.0,1.1177,1.1177,100.0,24.5651,0,3,1,0,0,200,0,0,0,0.0,1.0,0.9420408163265311,156,9800,8,50.1302,0.0,0.0,0.0,1.0241,0.0,0.4454
random,5,normal,True,,3,0.061224489795918366,0.0,177.0,-2.0,30.0,0.0,0.8262,0.8262,100.0,25.2934,0,3,1,0,0,200,0,0,0,0.95,1.0,0.961428571428572,0,8673,0,45.504,0.0,0.0,0.0,1.044,0.002,0.4513
random,6,normal,True,,3,0.061224489795918366,0.0,200.0,-2.0,30.0,0.0,1.2152,1.2152,100.0,23.8939,0,3,1,0,0,200,0,0,0,0.0,1.0,0.9420408163265311,49,9800,6,49.3847,0.0,0.0,0.0,0.9944,0.002,0.4322
random,7,normal,True,,3,0.061224489795918366,0.0,200.0,-2.0,30.0,0.0,1.2533,1.2533,100.0,23.0761,0,3,1,0,0,200,0,0,0,0.0,1.0,0.9420408163265311,58,9800,6,47.3772,0.0,0.0,0.0,1.0081,0.0,0.4366
random,8,normal,True,,3,0.061224489795918366,0.0,199.0,-2.0,30.0,0.0,1.1795,1.1795,100.0,23.5746,0,3,1,0,0,200,0,0,0,0.0,1.0,0.9420408163265311,184,9751,0,46.2481,0.0,0.0,0.0,1.111,0.002,0.4854
random,9,normal,True,,3,0.061224489795918366,0.0,200.0,-2.0,30.0,0.0,0.6889,0.6889,100.0,23.7389,0,3,1,0,0,200,0,0,0,0.95,1.0,0.961428571428572,0,9800,24,50.2661,0.0,0.0,0.0,0.9909,0.0,0.4255
random,10,normal,True,,3,0.061224489795918366,0.0,200.0,-2.0,30.0,0.0,0.8649,0.8649,100.0,23.4849,0,3,1,0,0,200,0,0,0,0.95,1.0,0.961428571428572,0,9800,7,50.5398,0.0,0.0,0.0,1.0846,0.002,0.4688
random,11,normal,True,,3,0.061224489795918366,0.0,200.0,-2.0,30.0,0.0,0.765,0.765,99.99999999999999,22.524,0,3,1,0,0,200,0,0,0,0.95,1.0,0.961428571428572,0,9800,10,49.4957,0.0,0.0,0.0,1.0123,0.005,0.4398
random,12,normal,True,,3,0.061224489795918366,0.0,200.0,-2.0,30.0,0.0,0.5263,0.5263,100.0,21.3008,0,3,1,0,0,200,0,0,0,0.95,1.0,0.961428571428572,0,9800,2,48.4296,0.0,0.0,0.0,1.0297,0.001,0.4475
random,13,normal,True,,3,0.061224489795918366,0.0,199.0,-2.0,30.0,0.0,0.8297,0.8297,100.00000000000001,25.6046,0,3,1,0,0,200,0,0,0,0.95,1.0,0.961428571428572,0,9751,5,48.2828,0.0,0.0,0.0,1.0525,0.001,0.4543
random,14,normal,True,,3,0.061224489795918366,0.0,200.0,-2.0,30.0,0.0,0.5238,0.5238,100.0,22.3601,0,3,1,0,0,200,0,0,0,0.95,1.0,0.961428571428572,0,9800,3,48.4611,0.0,0.0,0.0,1.0042,0.002,0.4377
random,15,normal,True,,3,0.061224489795918366,0.0,200.0,-2.0,30.0,0.0,0.6912,0.6912,100.0,21.3319,0,3,1,0,0,200,0,0,0,0.95,1.0,0.961428571428572,0,9800,12,48.2487,0.0,0.0,0.0,1.1228,0.001,0.4913
random,16,normal,True,,3,0.061224489795918366,0.0,200.0,-2.0,30.0,0.0,1.2004,1.2004,100.0,23.9306,0,3,1,0,0,200,0,0,0,0.95,1.0,0.961428571428572,0,9800,22,50.7262,0.0,0.0,0.0,1.0636,0.0,0.4664
random,17,normal,True,,3,0.061224489795918366,0.0,196.0,-2.0,30.0,0.0,0.9666,0.9666,100.0,24.9948,0,3,1,0,0,200,0,0,0,0.95,1.0,0.961428571428572,0,9604,4,47.0338,0.0,0.0,0.0,1.0746,0.003,0.462
random,18,normal,True,,3,0.061224489795918366,0.0,200.0,-2.0,30.0,0.0,1.0011,1.0011,100.0,24.4384,0,3,1,0,0,200,0,0,0,0.95,1.0,0.961428571428572,0,9800,8,50.0626,0.0,0.0,0.0,1.0741,0.0,0.4614
random,19,normal,True,,3,0.061224489795918366,0.0,200.0,-2.0,30.0,0.0,0.8724,0.8724,100.0,22.3945,0,3,1,0,0,200,0,0,0,0.95,1.0,0.961428571428572,0,9800,5,48.4186,0.0,0.0,0.0,1.0125,0.0,0.4358
random,20,normal,True,,3,0.061224489795918366,0.0,199.0,-2.0,30.0,0.0,0.8017,0.8017,100.0,24.3188,0,3,1,0,0,200,0,0,0,0.95,1.0,0.961428571428572,0,9751,0,48.3725,0.0,0.0,0.0,0.9806,0.001,0.4223
random,21,normal,True,,3,0.061224489795918366,0.0,184.0,-2.0,30.0,0.0,0.7834,0.7834,100.0,24.9187,0,3,1,0,0,200,0,0,0,0.95,1.0,0.961428571428572,0,9016,1,46.9249,0.0,0.0,0.0,1.0072,0.002,0.438
random,22,normal,True,,3,0.061224489795918366,0.0,200.0,-2.0,30.0,0.0,0.9275,0.9275,100.0,23.8597,0,3,1,0,0,200,0,0,0,0.95,1.0,0.961428571428572,0,9800,7,49.2941,0.0,0.0,0.0,1.0866,0.003,0.47
random,23,normal,True,,3,0.061224489795918366,0.0,200.0,-2.0,30.0,0.0,0.8333,0.8333,100.0,23.4037,0,3,1,0,0,200,0,0,0,0.0,1.0,0.9420408163265311,121,9800,0,46.6925,0.0,0.0,0.0,1.0096,0.002,0.4328
random,24,normal,True,,3,0.061224489795918366,0.0,200.0,-2.0,30.0,0.0,0.3151,0.3151,100.0,22.6485,0,3,1,0,0,200,0,0,0,0.95,1.0,0.961428571428572,0,9800,8,48.6553,0.0,0.0,0.0,1.0024,0.001,0.4349
random,25,normal,True,,3,0.061224489795918366,0.0,197.0,-2.0,30.0,0.0,0.7128,0.7128,100.0,23.8089,0,3,1,0,0,200,0,0,0,0.95,1.0,0.961428571428572,0,9653,2,46.9393,0.0,0.0,0.0,0.9564,0.001,0.408
random,26,normal,True,,3,0.061224489795918366,0.0,200.0,-2.0,30.0,0.0,0.8609,0.8609,100.00000000000001,23.8002,0,3,1,0,0,200,0,0,0,0.95,1.0,0.961428571428572,0,9800,12,50.0952,0.0,0.0,0.0,1.0296,0.0016,0.4426
random,27,normal,True,,3,0.061224489795918366,0.0,200.0,-2.0,30.0,0.0,1.4336,1.4336,100.0,24.2855,0,3,1,0,0,200,0,0,0,0.95,1.0,0.961428571428572,0,9800,6,49.6626,0.0,0.0,0.0,1.015,0.0,0.439
random,28,normal,True,,3,0.061224489795918366,0.0,188.0,-2.0,30.0,0.0,0.505,0.505,100.0,25.0084,0,3,1,0,0,200,0,0,0,0.95,1.0,0.961428571428572,0,9212,0,48.8542,0.0,0.0,0.0,1.0789,0.0,0.4605
random,29,normal,True,,3,0.061224489795918366,0.0,200.0,-2.0,30.0,0.0,0.7894,0.7894,100.0,22.5084,0,3,1,0,0,200,0,0,0,0.95,1.0,0.961428571428572,0,9800,5,48.0007,0.0,0.0,0.0,1.0239,0.002,0.4446
random,30,normal,True,,3,0.061224489795918366,0.0,200.0,-2.0,30.0,0.0,1.0312,1.0312,100.0,24.6494,0,3,1,0,0,200,0,0,0,0.95,1.0,0.961428571428572,0,9800,6,48.9553,0.0,0.0,0.0,0.9971,0.0,0.4276
random,31,normal,True,,3,0.061224489795918366,0.0,200.0,-2.0,30.0,0.0,1.1222,1.1222,100.0,22.4373,0,3,1,0,0,200,0,0,0,0.95,1.0,0.961428571428572,0,9800,5,47.3513,0.0,0.0,0.0,0.9843,0.001,0.4203
random,32,normal,True,,3,0.061224489795918366,0.0,196.0,-2.0,30.0,0.0,1.125,1.125,100.0,24.3798,0,3,1,0,0,200,0,0,0,0.95,1.0,0.961428571428572,0,9604,0,48.4782,0.0,0.0,0.0,1.0102,0.001,0.4372
random,33,normal,True,,3,0.061224489795918366,0.0,197.0,-2.0,30.0,0.0,1.1672,1.1672,100.0,25.2369,0,3,1,0,0,200,0,0,0,0.95,1.0,0.961428571428572,0,9653,6,49.3118,0.0,0.0,0.0,0.999,0.002,0.4333
random,34,normal,True,,3,0.061224489795918366,0.0,200.0,-2.0,30.0,0.0,0.8934,0.8934,100.0,22.5367,0,3,1,0,0,200,0,0,0,0.95,1.0,0.961428571428572,0,9800,1,46.8836,0.0,0.0,0.0,0.9842,0.002,0.4222
random,35,normal,True,,3,0.061224489795918366,0.0,190.0,-2.0,30.0,0.0,0.8801,0.8801,100.0,25.6076,0,3,1,0,0,200,0,0,0,0.95,1.0,0.961428571428572,0,9310,5,50.0655,0.0,0.0,0.0,0.998,0.001,0.4347
random,36,normal,True,,3,0.061224489795918366,0.0,189.0,-2.0,30.0,0.0,1.1506,1.1506,100.0,25.4398,0,3,1,0,0,200,0,0,0,0.0,1.0,0.9420408163265311,123,9261,3,48.6768,0.0,0.0,0.0,1.0872,0.0,0.473
random,37,normal,True,,3,0.061224489795918366,0.0,200.0,-2.0,30.0,0.0,0.8631,0.8631,100.0,23.1478,0,3,1,0,0,200,0,0,0,0.95,1.0,0.961428571428572,0,9800,5,46.406,0.0,0.0,0.0,1.013,0.0,0.4419
random,38,normal,True,,3,0.061224489795918366,0.0,200.0,-2.0,30.0,0.0,0.8958,0.8958,100.0,23.7319,0,3,1,0,0,200,0,0,0,0.95,1.0,0.961428571428572,0,9800,7,49.0662,0.0,0.0,0.0,1.0658,0.001,0.4588
random,39,normal,True,,3,0.061224489795918366,0.0,199.0,-2.0,30.0,0.0,0.9621,0.9621,100.0,24.8232,0,3,1,0,0,200,0,0,0,0.95,1.0,0.961428571428572,0,9751,3,48.5366,0.0,0.0,0.0,0.9811,0.003,0.4271
random,40,normal,True,,3,0.061224489795918366,0.0,200.0,-2.0,30.0,0.0,0.8325,0.8325,100.0,23.0439,0,3,1,0,0,200,0,0,0,0.95,1.0,0.961428571428572,0,9800,13,49.7628,0.0,0.0,0.0,1.0149,0.001,0.4382
random,41,normal,True,,3,0.061224489795918366,0.0,186.0,-2.0,30.0,0.0,0.9584,0.9584,100.0,24.9304,0,3,1,0,0,200,0,0,0,0.95,1.0,0.961428571428572,0,9114,0,46.5881,0.0,0.0,0.0,0.9915,0.0016,0.431
random,42,normal,True,,3,0.061224489795918366,0.0,200.0,-2.0,30.0,0.0,0.6721,0.6721,100.00000000000001,23.2719,0,3,1,0,0,200,0,0,0,0.95,1.0,0.961428571428572,0,9800,0,47.52,0.0,0.0,0.0,0.9987,0.001,0.4382
random,43,normal,True,,3,0.061224489795918366,0.0,200.0,-2.0,30.0,0.0,0.9648,0.9648,100.0,23.5102,0,3,1,0,0,200,0,0,0,0.95,1.0,0.961428571428572,0,9800,19,50.6025,0.0,0.0,0.0,1.0224,0.003,0.4371
random,44,normal,True,,3,0.061224489795918366,0.0,200.0,-2.0,30.0,0.0,0.6838,0.6838,99.99999999999999,23.7123,0,3,1,0,0,200,0,0,0,0.95,1.0,0.961428571428572,0,9800,3,48.1586,0.0,0.0,0.0,1.0232,0.001,0.4392
random,45,normal,True,,3,0.061224489795918366,0.0,200.0,-2.0,30.0,0.0,1.2941,1.2941,100.00000000000001,23.803,0,3,1,0,0,200,0,0,0,0.0,1.0,0.9420408163265311,130,9800,5,47.4275,0.0,0.0,0.0,1.237,0.001,0.5303
random,46,normal,True,,3,0.061224489795918366,0.0,200.0,-2.0,30.0,0.0,0.74,0.74,100.0,22.4812,0,3,1,0,0,200,0,0,0,0.95,1.0,0.961428571428572,0,9800,8,50.0364,0.0,0.0,0.0,1.0098,0.001,0.4342
random,47,normal,True,,3,0.061224489795918366,0.0,194.0,-2.0,30.0,0.0,0.9051,0.9051,100.0,24.2058,0,3,1,0,0,200,0,0,0,0.95,1.0,0.961428571428572,0,9506,1,45.9763,0.0,0.0,0.0,1.0331,0.001,0.4407
random,48,normal,True,,3,0.061224489795918366,0.0,194.0,-2.0,30.0,0.0,1.529,1.529,100.00000000000001,25.4019,0,3,1,0,0,200,0,0,0,0.95,1.0,0.961428571428572,0,9506,2,47.8982,0.0,0.0,0.0,0.9954,0.0,0.4329
random,49,normal,True,,3,0.061224489795918366,0.0,200.0,-2.0,30.0,0.0,1.1358,1.1358,100.0,23.2679,0,3,1,0,0,200,0,0,0,0.95,1.0,0.961428571428572,0,9800,4,46.8091,0.0,0.0,0.0,1.135,0.001,0.489
random,50,normal,True,,3,0.061224489795918366,0.0,200.0,-2.0,30.0,0.0,1.1579,1.1579,100.0,24.0943,0,3,1,0,0,200,0,0,0,0.95,1.0,0.961428571428572,0,9800,11,49.3981,0.0,0.0,0.0,1.0884,0.0,0.4767
random,51,normal,True,,3,0.061224489795918366,0.0,187.0,-2.0,30.0,0.0,1.6741,1.6741,100.0,24.0708,0,3,1,0,0,200,0,0,0,0.95,1.0,0.961428571428572,0,9163,0,47.7318,0.0,0.0,0.0,1.0904,0.0,0.475
random,52,normal,True,,3,0.061224489795918366,0.0,200.0,-2.0,30.0,0.0,0.7946,0.7946,100.00000000000001,21.3643,0,3,1,0,0,200,0,0,0,0.95,1.0,0.961428571428572,0,9800,12,50.4839,0.0,0.0,0.0,1.0836,0.002,0.4707
random,53,normal,True,,3,0.061224489795918366,0.0,200.0,-2.0,30.0,0.0,1.075,1.075,100.0,22.4504,0,3,1,0,0,200,0,0,0,0.95,1.0,0.961428571428572,0,9800,4,47.747,0.0,0.0,0.0,1.0109,0.0,0.4374
random,54,normal,True,,3,0.061224489795918366,0.0,195.0,-2.0,30.0,0.0,0.7851,0.7851,100.00000000000001,24.7774,0,3,1,0,0,200,0,0,0,0.95,1.0,0.961428571428572,0,9555,0,47.0704,0.0,0.0,0.0,0.9751,0.001,0.4209
random,55,normal,True,,3,0.061224489795918366,0.0,200.0,-2.0,30.0,0.0,0.9411,0.9411,100.0,22.1324,0,3,1,0,0,200,0,0,0,0.95,1.0,0.961428571428572,0,9800,14,49.4429,0.0,0.0,0.0,1.0144,0.001,0.4367
random,56,normal,True,,3,0.061224489795918366,0.0,200.0,-2.0,30.0,0.0,1.4217,1.4217,99.99999999999999,23.8962,0,3,1,0,0,200,0,0,0,0.95,1.0,0.961428571428572,0,9800,0,47.8145,0.0,0.0,0.0,1.052,0.002,0.4543
random,57,normal,True,,3,0.061224489795918366,0.0,200.0,-2.0,30.0,0.0,1.1236,1.1236,100.0,23.7235,0,3,1,0,0,200,0,0,0,0.95,1.0,0.961428571428572,0,9800,1,47.4878,0.0,0.0,0.0,1.0108,0.001,0.4332
random,58,normal,True,,3,0.061224489795918366,0.0,200.0,-2.0,30.0,0.0,1.241,1.241,100.0,25.927,0,3,1,0,0,200,0,0,0,0.95,1.0,0.961428571428572,0,9800,12,49.9411,0.0,0.0,0.0,1.0719,0.001,0.4636
random,59,normal,True,,3,0.061224489795918366,0.0,200.0,-2.0,30.0,0.0,0.9985,0.9985,100.0,24.4947,0,3,1,0,0,200,0,0,0,0.0,1.0,0.9420408163265311,138,9800,5,48.1087,0.0,0.0,0.0,1.1405,0.0,0.4915
random,60,normal,True,,3,0.061224489795918366,0.0,200.0,-2.0,30.0,0.0,1.4677,1.4677,99.99999999999999,25.4477,0,3,1,0,0,200,0,0,0,0.95,1.0,0.961428571428572,0,9800,8,49.6664,0.0,0.0,0.0,1.0184,0.003,0.4373
random,61,normal,True,,3,0.061224489795918366,0.0,200.0,-2.0,30.0,0.0,1.3219,1.3219,99.99999999999999,24.8542,0,3,1,0,0,200,0,0,0,0.95,1.0,0.961428571428572,0,9800,5,50.7145,0.0,0.0,0.0,1.037,0.001,0.4519
random,62,normal,True,,3,0.061224489795918366,0.0,200.0,-2.0,30.0,0.0,0.8749,0.8749,99.99999999999999,22.9321,0,3,1,0,0,200,0,0,0,0.95,1.0,0.961428571428572,0,9800,5,49.7371,0.0,0.0,0.0,1.0198,0.002,0.4408
random,63,normal,True,,3,0.061224489795918366,0.0,200.0,-2.0,30.0,0.0,1.4078,1.4078,100.0,24.3555,0,3,1,0,0,200,0,0,0,0.95,1.0,0.961428571428572,0,9800,5,50.4727,0.0,0.0,0.0,1.0381,0.0,0.4497
random,64,normal,True,,3,0.061224489795918366,0.0,200.0,-2.0,30.0,0.0,0.8531,0.8531,100.0,25.0973,0,3,1,0,0,200,0,0,0,0.95,1.0,0.961428571428572,0,9800,19,52.7795,0.0,0.0,0.0,1.0426,0.002,0.4442
random,65,normal,True,,3,0.061224489795918366,0.0,200.0,-2.0,30.0,0.0,0.9757,0.9757,100.0,22.4919,0,3,1,0,0,200,0,0,0,0.95,1.0,0.961428571428572,0,9800,4,47.4769,0.0,0.0,0.0,1.0494,0.001,0.4529
random,66,normal,True,,3,0.061224489795918366,0.0,200.0,-2.0,30.0,0.0,1.3093,1.3093,100.0,24.689,0,3,1,0,0,200,0,0,0,0.95,1.0,0.961428571428572,0,9800,2,47.5651,0.0,0.0,0.0,1.0521,0.0016,0.4561
random,67,normal,True,,3,0.061224489795918366,0.0,195.0,-2.0,30.0,0.0,0.7886,0.7886,99.99999999999999,23.0831,0,3,1,0,0,200,0,0,0,0.95,1.0,0.961428571428572,0,9555,0,45.7193,0.0,0.0,0.0,1.0184,0.0,0.4405
random,68,normal,True,,3,0.061224489795918366,0.0,195.0,-2.0,30.0,0.0,1.6631,1.6631,100.0,25.794,0,3,1,0,0,200,0,0,0,0.95,1.0,0.961428571428572,0,9555,3,49.2501,0.0,0.0,0.0,1.0738,0.002,0.4675
random,69,normal,True,,3,0.061224489795918366,0.0,187.0,-2.0,30.0,0.0,1.0825,1.0825,100.0,23.5922,0,3,1,0,0,200,0,0,0,0.95,1.0,0.961428571428572,0,9163,0,47.0356,0.0,0.0,0.0,1.0398,0.0,0.4482
random,70,normal,True,,3,0.061224489795918366,0.0,187.0,-2.0,30.0,0.0,1.1772,1.1772,100.0,24.1218,0,3,1,0,0,200,0,0,0,0.95,1.0,0.961428571428572,0,9163,3,47.5314,0.0,0.0,0.0,1.0823,0.004,0.4702
random,71,normal,True,,3,0.061224489795918366,0.0,197.0,-2.0,30.0,0.0,0.7958,0.7958,100.0,25.3446,0,3,1,0,0,200,0,0,0,0.95,1.0,0.961428571428572,0,9653,0,46.9654,0.0,0.0,0.0,1.0219,0.002,0.4466
random,72,normal,True,,3,0.061224489795918366,0.0,200.0,-2.0,30.0,0.0,1.0865,1.0865,100.0,22.8813,0,3,1,0,0,200,0,0,0,0.95,1.0,0.961428571428572,0,9800,1,46.498,0.0,0.0,0.0,1.0361,0.001,0.4472
random,73,normal,True,,3,0.061224489795918366,0.0,200.0,-2.0,30.0,0.0,0.8089,0.8089,100.0,22.9868,0,3,1,0,0,200,0,0,0,0.95,1.0,0.961428571428572,0,9800,0,48.5506,0.0,0.0,0.0,1.174,0.001,0.5019
random,74,normal,True,,3,0.061224489795918366,0.0,192.0,-2.0,30.0,0.0,1.0399,1.0399,100.0,25.0256,0,3,1,0,0,200,0,0,0,0.95,1.0,0.961428571428572,0,9408,0,46.8867,0.0,0.0,0.0,1.2291,0.0,0.5358
random,75,normal,True,,3,0.061224489795918366,0.0,200.0,-2.0,30.0,0.0,0.6748,0.6748,100.00000000000001,22.7455,0,3,1,0,0,200,0,0,0,0.95,1.0,0.961428571428572,0,9800,5,47.3025,0.0,0.0,0.0,1.078,0.001,0.4595
random,76,normal,True,,3,0.061224489795918366,0.0,200.0,-2.0,30.0,0.0,0.4787,0.4787,100.0,20.6774,0,3,1,0,0,200,0,0,0,0.95,1.0,0.961428571428572,0,9800,21,49.9394,0.0,0.0,0.0,1.1295,0.0,0.4869
random,77,normal,True,,3,0.061224489795918366,0.0,200.0,-2.0,30.0,0.0,0.7626,0.7626,100.0,22.6013,0,3,1,0,0,200,0,0,0,0.95,1.0,0.961428571428572,0,9800,15,50.6415,0.0,0.0,0.0,1.068,0.0,0.4638
random,78,normal,True,,3,0.061224489795918366,0.0,192.0,-2.0,30.0,0.0,1.524,1.524,100.0,24.5284,0,3,1,0,0,200,0,0,0,0.0,1.0,0.9420408163265311,147,9408,0,47.1074,0.0,0.0,0.0,1.0312,0.0,0.4436
random,79,normal,True,,3,0.061224489795918366,0.0,200.0,-2.0,30.0,0.0,0.9848,0.9848,100.0,24.4501,0,3,1,0,0,200,0,0,0,0.95,1.0,0.961428571428572,0,9800,22,50.688,0.0,0.0,0.0,1.1097,0.003,0.4802
random,80,normal,True,,3,0.061224489795918366,0.0,196.0,-2.0,30.0,0.0,1.0756,1.0756,100.0,26.0419,0,3,1,0,0,200,0,0,0,0.95,1.0,0.961428571428572,0,9604,8,50.5024,0.0,0.0,0.0,1.1224,0.001,0.4888
random,81,normal,True,,3,0.061224489795918366,0.0,199.0,-2.0,30.0,0.0,1.0473,1.0473,100.0,22.2835,0,3,1,0,0,200,0,0,0,0.95,1.0,0.961428571428572,0,9751,0,45.4951,0.0,0.0,0.0,1.2562,0.0,0.5564
random,82,normal,True,,3,0.061224489795918366,0.0,195.0,-2.0,30.0,0.0,1.1102,1.1102,100.0,24.7922,0,3,1,0,0,200,0,0,0,0.95,1.0,0.961428571428572,0,9555,6,49.5967,0.0,0.0,0.0,1.1745,0.001,0.518
random,83,normal,True,,3,0.061224489795918366,0.0,200.0,-2.0,30.0,0.0,1.2088,1.2088,100.0,24.5239,0,3,1,0,0,200,0,0,0,0.95,1.0,0.961428571428572,0,9800,5,50.9859,0.0,0.0,0.0,1.0811,0.0,0.4679
random,84,normal,True,,3,0.061224489795918366,0.0,187.0,-2.0,30.0,0.0,0.7905,0.7905,100.0,23.6009,0,3,1,0,0,200,0,0,0,0.95,1.0,0.961428571428572,0,9163,0,46.959,0.0,0.0,0.0,1.2174,0.003,0.5441
random,85,normal,True,,3,0.061224489795918366,0.0,182.0,-2.0,30.0,0.0,0.9602,0.9602,100.0,26.3231,0,3,1,0,0,200,0,0,0,0.95,1.0,0.961428571428572,0,8918,0,46.3118,0.0,0.0,0.0,1.1471,0.0015,0.5067
random,86,normal,True,,3,0.061224489795918366,0.0,200.0,-2.0,30.0,0.0,1.1051,1.1051,100.0,22.5982,0,3,1,0,0,200,0,0,0,0.95,1.0,0.961428571428572,0,9800,4,48.8187,0.0,0.0,0.0,1.1439,0.001,0.5094
random,87,normal,True,,3,0.061224489795918366,0.0,200.0,-2.0,30.0,0.0,1.2037,1.2037,100.0,24.0273,0,3,1,0,0,200,0,0,0,0.95,1.0,0.961428571428572,0,9800,7,50.0888,0.0,0.0,0.0,1.1504,0.002,0.511
random,88,normal,True,,3,0.061224489795918366,0.0,187.0,-2.0,30.0,0.0,1.2227,1.2227,100.0,25.8627,0,3,1,0,0,200,0,0,0,0.95,1.0,0.961428571428572,0,9163,0,48.3166,0.0,0.0,0.0,1.1668,0.002,0.5221
random,89,normal,True,,3,0.061224489795918366,0.0,188.0,-2.0,30.0,0.0,1.3291,1.3291,100.00000000000001,24.6598,0,3,1,0,0,200,0,0,0,0.95,1.0,0.961428571428572,0,9212,1,46.4268,0.0,0.0,0.0,1.1166,0.0,0.4866
random,90,normal,True,,3,0.061224489795918366,0.0,200.0,-2.0,30.0,0.0,1.2803,1.2803,99.99999999999999,23.3259,0,3,1,0,0,200,0,0,0,0.95,1.0,0.961428571428572,0,9800,12,50.8078,0.0,0.0,0.0,1.1326,0.001,0.4954
random,91,normal,True,,3,0.061224489795918366,0.0,197.0,-2.0,30.0,0.0,0.9013,0.9013,100.0,25.5656,0,3,1,0,0,200,0,0,0,0.95,1.0,0.961428571428572,0,9653,6,49.5697,0.0,0.0,0.0,1.2757,0.001,0.5556
random,92,normal,True,,3,0.061224489795918366,0.0,189.0,-2.0,30.0,0.0,0.8485,0.8485,100.0,25.7943,0,3,1,0,0,200,0,0,0,0.95,1.0,0.961428571428572,0,9261,1,48.5996,0.0,0.0,0.0,1.7149,0.002,0.7728
random,93,normal,True,,3,0.061224489795918366,0.0,186.0,-2.0,30.0,0.0,1.3318,1.3318,100.0,25.3236,0,3,1,0,0,200,0,0,0,0.95,1.0,0.961428571428572,0,9114,3,47.9447,0.0,0.0,0.0,1.1781,0.001,0.5183
random,94,normal,True,,3,0.061224489795918366,0.0,200.0,-2.0,30.0,0.0,1.1033,1.1033,100.0,25.0079,0,3,1,0,0,200,0,0,0,0.95,1.0,0.961428571428572,0,9800,11,51.5234,0.0,0.0,0.0,1.2901,0.001,0.5761
random,95,normal,True,,3,0.061224489795918366,0.0,200.0,-2.0,30.0,0.0,1.0179,1.0179,100.0,24.0149,0,3,1,0,0,200,0,0,0,0.95,1.0,0.961428571428572,0,9800,4,47.6062,0.0,0.0,0.0,1.3272,0.0,0.5904
random,96,normal,True,,3,0.061224489795918366,0.0,200.0,-2.0,30.0,0.0,1.415,1.415,99.99999999999999,24.3293,0,3,1,0,0,200,0,0,0,0.95,1.0,0.961428571428572,0,9800,3,47.3677,0.0,0.0,0.0,1.0678,0.001,0.4647
random,97,normal,True,,3,0.061224489795918366,0.0,200.0,-2.0,30.0,0.0,0.525,0.525,100.0,22.2192,0,3,1,0,0,200,0,0,0,0.95,1.0,0.961428571428572,0,9800,35,51.2306,0.0,0.0,0.0,1.1885,0.001,0.5237
random,98,normal,True,,3,0.061224489795918366,0.0,193.0,-2.0,30.0,0.0,1.2556,1.2556,100.0,24.6005,0,3,1,0,0,200,0,0,0,0.95,1.0,0.961428571428572,0,9457,1,48.1801,0.0,0.0,0.0,1.1861,0.002,0.5264
random,99,normal,True,,3,0.061224489795918366,0.0,189.0,-2.0,30.0,0.0,1.1138,1.1138,100.0,24.9228,0,3,1,0,0,200,0,0,0,0.95,1.0,0.961428571428572,0,9261,0,46.698,0.0,0.0,0.0,1.108,0.0,0.4911
persistence,0,normal,True,,3,0.061224489795918366,0.0,197.0,-2.0,30.0,0.0,0.8954,0.8954,99.99999999999999,23.3967,0,3,1,0,0,0,0,0,0,0.95,1.0,0.961428571428572,0,9653,0,46.9767,0.0,0.0,0.0,1.3106,0.0,0.5889
persistence,1,normal,True,,3,0.061224489795918366,0.0,198.0,-2.0,30.0,0.0,1.4157,1.4157,100.00000000000001,23.9305,0,3,1,0,0,0,0,0,0,0.95,1.0,0.961428571428572,0,9702,4,46.7648,0.0,0.0,0.0,1.1301,0.0,0.504
persistence,2,normal,True,,3,0.061224489795918366,0.0,164.0,-2.0,30.0,0.0,1.2082,1.2082,100.0,26.7407,0,3,1,0,0,0,0,0,0,0.0,1.0,0.9420408163265311,181,8036,0,45.171,0.0,0.0,0.0,1.1817,0.0,0.5164
persistence,3,normal,True,,3,0.061224489795918366,0.0,195.0,-2.0,30.0,0.0,1.2054,1.2054,100.0,24.42,0,3,1,0,0,0,0,0,0,0.95,1.0,0.961428571428572,0,9555,0,47.1146,0.0,0.0,0.0,1.1377,0.0,0.503
persistence,4,normal,True,,3,0.061224489795918366,0.0,200.0,-2.0,30.0,0.0,1.1177,1.1177,100.0,24.5651,0,3,1,0,0,0,0,0,0,0.0,1.0,0.9420408163265311,156,9800,8,50.1302,0.0,0.0,0.0,1.0714,0.0,0.467
persistence,5,normal,True,,3,0.061224489795918366,0.0,177.0,-2.0,30.0,0.0,0.8262,0.8262,100.0,25.2934,0,3,1,0,0,0,0,0,0,0.95,1.0,0.961428571428572,0,8673,0,45.504,0.0,0.0,0.0,0.9723,0.0,0.4222
persistence,6,normal,True,,3,0.061224489795918366,0.0,200.0,-2.0,30.0,0.0,1.2152,1.2152,100.0,23.8939,0,3,1,0,0,0,0,0,0,0.0,1.0,0.9420408163265311,49,9800,6,49.3847,0.0,0.0,0.0,1.146,0.0,0.5125
persistence,7,normal,True,,3,0.061224489795918366,0.0,200.0,-2.0,30.0,0.0,1.2533,1.2533,100.0,23.0761,0,3,1,0,0,0,0,0,0,0.0,1.0,0.9420408163265311,58,9800,6,47.3772,0.0,0.0,0.0,1.1468,0.0,0.5156
persistence,8,normal,True,,3,0.061224489795918366,0.0,199.0,-2.0,30.0,0.0,1.1795,1.1795,100.0,23.5746,0,3,1,0,0,0,0,0,0,0.0,1.0,0.9420408163265311,184,9751,0,46.2481,0.0,0.0,0.0,1.0982,0.001,0.4792
persistence,9,normal,True,,3,0.061224489795918366,0.0,200.0,-2.0,30.0,0.0,0.6889,0.6889,100.0,23.7389,0,3,1,0,0,0,0,0,0,0.95,1.0,0.961428571428572,0,9800,24,50.2661,0.0,0.0,0.0,1.0898,0.0,0.483
persistence,10,normal,True,,3,0.061224489795918366,0.0,200.0,-2.0,30.0,0.0,0.8649,0.8649,100.0,23.4849,0,3,1,0,0,0,0,0,0,0.95,1.0,0.961428571428572,0,9800,7,50.5398,0.0,0.0,0.0,1.1471,0.0,0.5069
persistence,11,normal,True,,3,0.061224489795918366,0.0,200.0,-2.0,30.0,0.0,0.765,0.765,99.99999999999999,22.524,0,3,1,0,0,0,0,0,0,0.95,1.0,0.961428571428572,0,9800,10,49.4957,0.0,0.0,0.0,1.1387,0.0,0.5062
persistence,12,normal,True,,3,0.061224489795918366,0.0,200.0,-2.0,30.0,0.0,0.5263,0.5263,100.0,21.3008,0,3,1,0,0,0,0,0,0,0.95,1.0,0.961428571428572,0,9800,2,48.4296,0.0,0.0,0.0,1.1634,0.0,0.5154
persistence,13,normal,True,,3,0.061224489795918366,0.0,199.0,-2.0,30.0,0.0,0.8297,0.8297,100.00000000000001,25.6046,0,3,1,0,0,0,0,0,0,0.95,1.0,0.961428571428572,0,9751,5,48.2828,0.0,0.0,0.0,1.1914,0.0,0.5212
persistence,14,normal,True,,3,0.061224489795918366,0.0,200.0,-2.0,30.0,0.0,0.5238,0.5238,100.0,22.3601,0,3,1,0,0,0,0,0,0,0.95,1.0,0.961428571428572,0,9800,3,48.4611,0.0,0.0,0.0,1.08,0.0,0.4729
persistence,15,normal,True,,3,0.061224489795918366,0.0,200.0,-2.0,30.0,0.0,0.6912,0.6912,100.0,21.3319,0,3,1,0,0,0,0,0,0,0.95,1.0,0.961428571428572,0,9800,12,48.2487,0.0,0.0,0.0,1.2371,0.001,0.5501
persistence,16,normal,True,,3,0.061224489795918366,0.0,200.0,-2.0,30.0,0.0,1.2004,1.2004,100.0,23.9306,0,3,1,0,0,0,0,0,0,0.95,1.0,0.961428571428572,0,9800,22,50.7262,0.0,0.0,0.0,1.2043,0.0,0.5301
persistence,17,normal,True,,3,0.061224489795918366,0.0,196.0,-2.0,30.0,0.0,0.9666,0.9666,100.0,24.9948,0,3,1,0,0,0,0,0,0,0.95,1.0,0.961428571428572,0,9604,4,47.0338,0.0,0.0,0.0,1.089,0.0,0.4786
persistence,18,normal,True,,3,0.061224489795918366,0.0,200.0,-2.0,30.0,0.0,1.0011,1.0011,100.0,24.4384,0,3,1,0,0,0,0,0,0,0.95,1.0,0.961428571428572,0,9800,8,50.0626,0.0,0.0,0.0,1.082,0.0,0.473
persistence,19,normal,True,,3,0.061224489795918366,0.0,200.0,-2.0,30.0,0.0,0.8724,0.8724,100.0,22.3945,0,3,1,0,0,0,0,0,0,0.95,1.0,0.961428571428572,0,9800,5,48.4186,0.0,0.0,0.0,1.0804,0.001,0.4802
persistence,20,normal,True,,3,0.061224489795918366,0.0,199.0,-2.0,30.0,0.0,0.8017,0.8017,100.0,24.3188,0,3,1,0,0,0,0,0,0,0.95,1.0,0.961428571428572,0,9751,0,48.3725,0.0,0.0,0.0,1.2307,0.0,0.54
persistence,21,normal,True,,3,0.061224489795918366,0.0,184.0,-2.0,30.0,0.0,0.7834,0.7834,100.0,24.9187,0,3,1,0,0,0,0,0,0,0.95,1.0,0.961428571428572,0,9016,1,46.9249,0.0,0.0,0.0,1.1592,0.0,0.5121
persistence,22,normal,True,,3,0.061224489795918366,0.0,200.0,-2.0,30.0,0.0,0.9275,0.9275,100.0,23.8597,0,3,1,0,0,0,0,0,0,0.95,1.0,0.961428571428572,0,9800,7,49.2941,0.0,0.0,0.0,1.1336,0.0,0.4955
persistence,23,normal,True,,3,0.061224489795918366,0.0,200.0,-2.0,30.0,0.0,0.8333,0.8333,100.0,23.4037,0,3,1,0,0,0,0,0,0,0.0,1.0,0.9420408163265311,121,9800,0,46.6925,0.0,0.0,0.0,1.1762,0.001,0.52
persistence,24,normal,True,,3,0.061224489795918366,0.0,200.0,-2.0,30.0,0.0,0.3151,0.3151,100.0,22.6485,0,3,1,0,0,0,0,0,0,0.95,1.0,0.961428571428572,0,9800,8,48.6553,0.0,0.0,0.0,1.0966,0.0,0.4815
persistence,25,normal,True,,3,0.061224489795918366,0.0,197.0,-2.0,30.0,0.0,0.7128,0.7128,100.0,23.8089,0,3,1,0,0,0,0,0,0,0.95,1.0,0.961428571428572,0,9653,2,46.9393,0.0,0.0,0.0,1.1496,0.0,0.5119
persistence,26,normal,True,,3,0.061224489795918366,0.0,200.0,-2.0,30.0,0.0,0.8609,0.8609,100.00000000000001,23.8002,0,3,1,0,0,0,0,0,0,0.95,1.0,0.961428571428572,0,9800,12,50.0952,0.0,0.0,0.0,1.0723,0.001,0.4675
persistence,27,normal,True,,3,0.061224489795918366,0.0,200.0,-2.0,30.0,0.0,1.4336,1.4336,100.0,24.2855,0,3,1,0,0,0,0,0,0,0.95,1.0,0.961428571428572,0,9800,6,49.6626,0.0,0.0,0.0,1.1366,0.0,0.4985
persistence,28,normal,True,,3,0.061224489795918366,0.0,188.0,-2.0,30.0,0.0,0.505,0.505,100.0,25.0084,0,3,1,0,0,0,0,0,0,0.95,1.0,0.961428571428572,0,9212,0,48.8542,0.0,0.0,0.0,1.0182,0.0,0.4428
persistence,29,normal,True,,3,0.061224489795918366,0.0,200.0,-2.0,30.0,0.0,0.7894,0.7894,100.0,22.5084,0,3,1,0,0,0,0,0,0,0.95,1.0,0.961428571428572,0,9800,5,48.0007,0.0,0.0,0.0,1.0933,0.0,0.4797
persistence,30,normal,True,,3,0.061224489795918366,0.0,200.0,-2.0,30.0,0.0,1.0312,1.0312,100.0,24.6494,0,3,1,0,0,0,0,0,0,0.95,1.0,0.961428571428572,0,9800,6,48.9553,0.0,0.0,0.0,1.0788,0.002,0.4747
persistence,31,normal,True,,3,0.061224489795918366,0.0,200.0,-2.0,30.0,0.0,1.1222,1.1222,100.0,22.4373,0,3,1,0,0,0,0,0,0,0.95,1.0,0.961428571428572,0,9800,5,47.3513,0.0,0.0,0.0,1.1938,0.0,0.5284
persistence,32,normal,True,,3,0.061224489795918366,0.0,196.0,-2.0,30.0,0.0,1.125,1.125,100.0,24.3798,0,3,1,0,0,0,0,0,0,0.95,1.0,0.961428571428572,0,9604,0,48.4782,0.0,0.0,0.0,1.074,0.0,0.4663
persistence,33,normal,True,,3,0.061224489795918366,0.0,197.0,-2.0,30.0,0.0,1.1672,1.1672,100.0,25.2369,0,3,1,0,0,0,0,0,0,0.95,1.0,0.961428571428572,0,9653,6,49.3118,0.0,0.0,0.0,1.1485,0.0,0.5171
persistence,34,normal,True,,3,0.061224489795918366,0.0,200.0,-2.0,30.0,0.0,0.8934,0.8934,100.0,22.5367,0,3,1,0,0,0,0,0,0,0.95,1.0,0.961428571428572,0,9800,1,46.8836,0.0,0.0,0.0,1.0922,0.001,0.4746
persistence,35,normal,True,,3,0.061224489795918366,0.0,190.0,-2.0,30.0,0.0,0.8801,0.8801,100.0,25.6076,0,3,1,0,0,0,0,0,0,0.95,1.0,0.961428571428572,0,9310,5,50.0655,0.0,0.0,0.0,1.0882,0.0,0.4843
persistence,36,normal,True,,3,0.061224489795918366,0.0,189.0,-2.0,30.0,0.0,1.1506,1.1506,100.0,25.4398,0,3,1,0,0,0,0,0,0,0.0,1.0,0.9420408163265311,123,9261,3,48.6768,0.0,0.0,0.0,1.1919,0.0,0.5301
persistence,37,normal,True,,3,0.061224489795918366,0.0,200.0,-2.0,30.0,0.0,0.8631,0.8631,100.0,23.1478,0,3,1,0,0,0,0,0,0,0.95,1.0,0.961428571428572,0,9800,5,46.406,0.0,0.0,0.0,1.2156,0.0,0.5361
persistence,38,normal,True,,3,0.061224489795918366,0.0,200.0,-2.0,30.0,0.0,0.8958,0.8958,100.0,23.7319,0,3,1,0,0,0,0,0,0,0.95,1.0,0.961428571428572,0,9800,7,49.0662,0.0,0.0,0.0,1.2847,0.0,0.5785
persistence,39,normal,True,,3,0.061224489795918366,0.0,199.0,-2.0,30.0,0.0,0.9621,0.9621,100.0,24.8232,0,3,1,0,0,0,0,0,0,0.95,1.0,0.961428571428572,0,9751,3,48.5366,0.0,0.0,0.0,1.1617,0.0,0.5143
persistence,40,normal,True,,3,0.061224489795918366,0.0,200.0,-2.0,30.0,0.0,0.8325,0.8325,100.0,23.0439,0,3,1,0,0,0,0,0,0,0.95,1.0,0.961428571428572,0,9800,13,49.7628,0.0,0.0,0.0,1.1539,0.0,0.5107
persistence,41,normal,True,,3,0.061224489795918366,0.0,186.0,-2.0,30.0,0.0,0.9584,0.9584,100.0,24.9304,0,3,1,0,0,0,0,0,0,0.95,1.0,0.961428571428572,0,9114,0,46.5881,0.0,0.0,0.0,1.1314,0.0,0.4973
persistence,42,normal,True,,3,0.061224489795918366,0.0,200.0,-2.0,30.0,0.0,0.6721,0.6721,100.00000000000001,23.2719,0,3,1,0,0,0,0,0,0,0.95,1.0,0.961428571428572,0,9800,0,47.52,0.0,0.0,0.0,1.2497,0.0,0.5567
persistence,43,normal,True,,3,0.061224489795918366,0.0,200.0,-2.0,30.0,0.0,0.9648,0.9648,100.0,23.5102,0,3,1,0,0,0,0,0,0,0.95,1.0,0.961428571428572,0,9800,19,50.6025,0.0,0.0,0.0,1.3014,0.0,0.5825
persistence,44,normal,True,,3,0.061224489795918366,0.0,200.0,-2.0,30.0,0.0,0.6838,0.6838,99.99999999999999,23.7123,0,3,1,0,0,0,0,0,0,0.95,1.0,0.961428571428572,0,9800,3,48.1586,0.0,0.0,0.0,1.1019,0.0,0.4846
persistence,45,normal,True,,3,0.061224489795918366,0.0,200.0,-2.0,30.0,0.0,1.2941,1.2941,100.00000000000001,23.803,0,3,1,0,0,0,0,0,0,0.0,1.0,0.9420408163265311,130,9800,5,47.4275,0.0,0.0,0.0,1.1521,0.0,0.5097
persistence,46,normal,True,,3,0.061224489795918366,0.0,200.0,-2.0,30.0,0.0,0.74,0.74,100.0,22.4812,0,3,1,0,0,0,0,0,0,0.95,1.0,0.961428571428572,0,9800,8,50.0364,0.0,0.0,0.0,1.0814,0.0,0.4719
persistence,47,normal,True,,3,0.061224489795918366,0.0,194.0,-2.0,30.0,0.0,0.9051,0.9051,100.0,24.2058,0,3,1,0,0,0,0,0,0,0.95,1.0,0.961428571428572,0,9506,1,45.9763,0.0,0.0,0.0,1.1961,0.0,0.5247
persistence,48,normal,True,,3,0.061224489795918366,0.0,194.0,-2.0,30.0,0.0,1.529,1.529,100.00000000000001,25.4019,0,3,1,0,0,0,0,0,0,0.95,1.0,0.961428571428572,0,9506,2,47.8982,0.0,0.0,0.0,1.1958,0.001,0.5318
persistence,49,normal,True,,3,0.061224489795918366,0.0,200.0,-2.0,30.0,0.0,1.1358,1.1358,100.0,23.2679,0,3,1,0,0,0,0,0,0,0.95,1.0,0.961428571428572,0,9800,4,46.8091,0.0,0.0,0.0,1.0323,0.0012,0.4481
persistence,50,normal,True,,3,0.061224489795918366,0.0,200.0,-2.0,30.0,0.0,1.1579,1.1579,100.0,24.0943,0,3,1,0,0,0,0,0,0,0.95,1.0,0.961428571428572,0,9800,11,49.3981,0.0,0.0,0.0,1.2067,0.0,0.5346
persistence,51,normal,True,,3,0.061224489795918366,0.0,187.0,-2.0,30.0,0.0,1.6741,1.6741,100.0,24.0708,0,3,1,0,0,0,0,0,0,0.95,1.0,0.961428571428572,0,9163,0,47.7318,0.0,0.0,0.0,1.2189,0.001,0.5407
persistence,52,normal,True,,3,0.061224489795918366,0.0,200.0,-2.0,30.0,0.0,0.7946,0.7946,100.00000000000001,21.3643,0,3,1,0,0,0,0,0,0,0.95,1.0,0.961428571428572,0,9800,12,50.4839,0.0,0.0,0.0,1.1501,0.0,0.5134
persistence,53,normal,True,,3,0.061224489795918366,0.0,200.0,-2.0,30.0,0.0,1.075,1.075,100.0,22.4504,0,3,1,0,0,0,0,0,0,0.95,1.0,0.961428571428572,0,9800,4,47.747,0.0,0.0,0.0,1.3123,0.001,0.5794
persistence,54,normal,True,,3,0.061224489795918366,0.0,195.0,-2.0,30.0,0.0,0.7851,0.7851,100.00000000000001,24.7774,0,3,1,0,0,0,0,0,0,0.95,1.0,0.961428571428572,0,9555,0,47.0704,0.0,0.0,0.0,1.1009,0.0,0.485
persistence,55,normal,True,,3,0.061224489795918366,0.0,200.0,-2.0,30.0,0.0,0.9411,0.9411,100.0,22.1324,0,3,1,0,0,0,0,0,0,0.95,1.0,0.961428571428572,0,9800,14,49.4429,0.0,0.0,0.0,1.2338,0.001,0.5527
persistence,56,normal,True,,3,0.061224489795918366,0.0,200.0,-2.0,30.0,0.0,1.4217,1.4217,99.99999999999999,23.8962,0,3,1,0,0,0,0,0,0,0.95,1.0,0.961428571428572,0,9800,0,47.8145,0.0,0.0,0.0,1.1438,0.001,0.5023
persistence,57,normal,True,,3,0.061224489795918366,0.0,200.0,-2.0,30.0,0.0,1.1236,1.1236,100.0,23.7235,0,3,1,0,0,0,0,0,0,0.95,1.0,0.961428571428572,0,9800,1,47.4878,0.0,0.0,0.0,1.2587,0.0,0.5667
persistence,58,normal,True,,3,0.061224489795918366,0.0,200.0,-2.0,30.0,0.0,1.241,1.241,100.0,25.927,0,3,1,0,0,0,0,0,0,0.95,1.0,0.961428571428572,0,9800,12,49.9411,0.0,0.0,0.0,1.2031,0.0,0.5397
persistence,59,normal,True,,3,0.061224489795918366,0.0,200.0,-2.0,30.0,0.0,0.9985,0.9985,100.0,24.4947,0,3,1,0,0,0,0,0,0,0.0,1.0,0.9420408163265311,138,9800,5,48.1087,0.0,0.0,0.0,1.0721,0.001,0.4742
persistence,60,normal,True,,3,0.061224489795918366,0.0,200.0,-2.0,30.0,0.0,1.4677,1.4677,99.99999999999999,25.4477,0,3,1,0,0,0,0,0,0,0.95,1.0,0.961428571428572,0,9800,8,49.6664,0.0,0.0,0.0,1.1956,0.0,0.5281
persistence,61,normal,True,,3,0.061224489795918366,0.0,200.0,-2.0,30.0,0.0,1.3219,1.3219,99.99999999999999,24.8542,0,3,1,0,0,0,0,0,0,0.95,1.0,0.961428571428572,0,9800,5,50.7145,0.0,0.0,0.0,1.498,0.0,0.6615
persistence,62,normal,True,,3,0.061224489795918366,0.0,200.0,-2.0,30.0,0.0,0.8749,0.8749,99.99999999999999,22.9321,0,3,1,0,0,0,0,0,0,0.95,1.0,0.961428571428572,0,9800,5,49.7371,0.0,0.0,0.0,1.1268,0.0,0.4976
persistence,63,normal,True,,3,0.061224489795918366,0.0,200.0,-2.0,30.0,0.0,1.4078,1.4078,100.0,24.3555,0,3,1,0,0,0,0,0,0,0.95,1.0,0.961428571428572,0,9800,5,50.4727,0.0,0.0,0.0,1.0955,0.0,0.4815
persistence,64,normal,True,,3,0.061224489795918366,0.0,200.0,-2.0,30.0,0.0,0.8531,0.8531,100.0,25.0973,0,3,1,0,0,0,0,0,0,0.95,1.0,0.961428571428572,0,9800,19,52.7795,0.0,0.0,0.0,1.3662,0.0,0.616
persistence,65,normal,True,,3,0.061224489795918366,0.0,200.0,-2.0,30.0,0.0,0.9757,0.9757,100.0,22.4919,0,3,1,0,0,0,0,0,0,0.95,1.0,0.961428571428572,0,9800,4,47.4769,0.0,0.0,0.0,1.1433,0.0,0.5046
persistence,66,normal,True,,3,0.061224489795918366,0.0,200.0,-2.0,30.0,0.0,1.3093,1.3093,100.0,24.689,0,3,1,0,0,0,0,0,0,0.95,1.0,0.961428571428572,0,9800,2,47.5651,0.0,0.0,0.0,1.2886,0.0,0.572
persistence,67,normal,True,,3,0.061224489795918366,0.0,195.0,-2.0,30.0,0.0,0.7886,0.7886,99.99999999999999,23.0831,0,3,1,0,0,0,0,0,0,0.95,1.0,0.961428571428572,0,9555,0,45.7193,0.0,0.0,0.0,1.3153,0.001,0.5827
persistence,68,normal,True,,3,0.061224489795918366,0.0,195.0,-2.0,30.0,0.0,1.6631,1.6631,100.0,25.794,0,3,1,0,0,0,0,0,0,0.95,1.0,0.961428571428572,0,9555,3,49.2501,0.0,0.0,0.0,1.1346,0.0,0.4951
persistence,69,normal,True,,3,0.061224489795918366,0.0,187.0,-2.0,30.0,0.0,1.0825,1.0825,100.0,23.5922,0,3,1,0,0,0,0,0,0,0.95,1.0,0.961428571428572,0,9163,0,47.0356,0.0,0.0,0.0,1.0982,0.0,0.483
persistence,70,normal,True,,3,0.061224489795918366,0.0,187.0,-2.0,30.0,0.0,1.1772,1.1772,100.0,24.1218,0,3,1,0,0,0,0,0,0,0.95,1.0,0.961428571428572,0,9163,3,47.5314,0.0,0.0,0.0,1.0986,0.0,0.4839
persistence,71,normal,True,,3,0.061224489795918366,0.0,197.0,-2.0,30.0,0.0,0.7958,0.7958,100.0,25.3446,0,3,1,0,0,0,0,0,0,0.95,1.0,0.961428571428572,0,9653,0,46.9654,0.0,0.0,0.0,1.151,0.0,0.5106
persistence,72,normal,True,,3,0.061224489795918366,0.0,200.0,-2.0,30.0,0.0,1.0865,1.0865,100.0,22.8813,0,3,1,0,0,0,0,0,0,0.95,1.0,0.961428571428572,0,9800,1,46.498,0.0,0.0,0.0,1.2684,0.0,0.5573
persistence,73,normal,True,,3,0.061224489795918366,0.0,200.0,-2.0,30.0,0.0,0.8089,0.8089,100.0,22.9868,0,3,1,0,0,0,0,0,0,0.95,1.0,0.961428571428572,0,9800,0,48.5506,0.0,0.0,0.0,1.1026,0.0,0.4884
persistence,74,normal,True,,3,0.061224489795918366,0.0,192.0,-2.0,30.0,0.0,1.0399,1.0399,100.0,25.0256,0,3,1,0,0,0,0,0,0,0.95,1.0,0.961428571428572,0,9408,0,46.8867,0.0,0.0,0.0,1.1131,0.0,0.4891
persistence,75,normal,True,,3,0.061224489795918366,0.0,200.0,-2.0,30.0,0.0,0.6748,0.6748,100.00000000000001,22.7455,0,3,1,0,0,0,0,0,0,0.95,1.0,0.961428571428572,0,9800,5,47.3025,0.0,0.0,0.0,1.0824,0.001,0.4746
persistence,76,normal,True,,3,0.061224489795918366,0.0,200.0,-2.0,30.0,0.0,0.4787,0.4787,100.0,20.6774,0,3,1,0,0,0,0,0,0,0.95,1.0,0.961428571428572,0,9800,21,49.9394,0.0,0.0,0.0,1.2615,0.0,0.5583
persistence,77,normal,True,,3,0.061224489795918366,0.0,200.0,-2.0,30.0,0.0,0.7626,0.7626,100.0,22.6013,0,3,1,0,0,0,0,0,0,0.95,1.0,0.961428571428572,0,9800,15,50.6415,0.0,0.0,0.0,1.2209,0.001,0.5438
persistence,78,normal,True,,3,0.061224489795918366,0.0,192.0,-2.0,30.0,0.0,1.524,1.524,100.0,24.5284,0,3,1,0,0,0,0,0,0,0.0,1.0,0.9420408163265311,147,9408,0,47.1074,0.0,0.0,0.0,1.1692,0.0,0.5159
persistence,79,normal,True,,3,0.061224489795918366,0.0,200.0,-2.0,30.0,0.0,0.9848,0.9848,100.0,24.4501,0,3,1,0,0,0,0,0,0,0.95,1.0,0.961428571428572,0,9800,22,50.688,0.0,0.0,0.0,1.1559,0.0,0.5089
persistence,80,normal,True,,3,0.061224489795918366,0.0,196.0,-2.0,30.0,0.0,1.0756,1.0756,100.0,26.0419,0,3,1,0,0,0,0,0,0,0.95,1.0,0.961428571428572,0,9604,8,50.5024,0.0,0.0,0.0,1.2274,0.001,0.55
persistence,81,normal,True,,3,0.061224489795918366,0.0,199.0,-2.0,30.0,0.0,1.0473,1.0473,100.0,22.2835,0,3,1,0,0,0,0,0,0,0.95,1.0,0.961428571428572,0,9751,0,45.4951,0.0,0.0,0.0,1.1558,0.0,0.5153
persistence,82,normal,True,,3,0.061224489795918366,0.0,195.0,-2.0,30.0,0.0,1.1102,1.1102,100.0,24.7922,0,3,1,0,0,0,0,0,0,0.95,1.0,0.961428571428572,0,9555,6,49.5967,0.0,0.0,0.0,1.148,0.0,0.5114
persistence,83,normal,True,,3,0.061224489795918366,0.0,200.0,-2.0,30.0,0.0,1.2088,1.2088,100.0,24.5239,0,3,1,0,0,0,0,0,0,0.95,1.0,0.961428571428572,0,9800,5,50.9859,0.0,0.0,0.0,1.1424,0.0,0.5034
persistence,84,normal,True,,3,0.061224489795918366,0.0,187.0,-2.0,30.0,0.0,0.7905,0.7905,100.0,23.6009,0,3,1,0,0,0,0,0,0,0.95,1.0,0.961428571428572,0,9163,0,46.959,0.0,0.0,0.0,1.217,0.0,0.5451
persistence,85,normal,True,,3,0.061224489795918366,0.0,182.0,-2.0,30.0,0.0,0.9602,0.9602,100.0,26.3231,0,3,1,0,0,0,0,0,0,0.95,1.0,0.961428571428572,0,8918,0,46.3118,0.0,0.0,0.0,1.1303,0.0,0.4971
persistence,86,normal,True,,3,0.061224489795918366,0.0,200.0,-2.0,30.0,0.0,1.1051,1.1051,100.0,22.5982,0,3,1,0,0,0,0,0,0,0.95,1.0,0.961428571428572,0,9800,4,48.8187,0.0,0.0,0.0,1.2539,0.0,0.5669
persistence,87,normal,True,,3,0.061224489795918366,0.0,200.0,-2.0,30.0,0.0,1.2037,1.2037,100.0,24.0273,0,3,1,0,0,0,0,0,0,0.95,1.0,0.961428571428572,0,9800,7,50.0888,0.0,0.0,0.0,1.1678,0.0,0.5142
persistence,88,normal,True,,3,0.061224489795918366,0.0,187.0,-2.0,30.0,0.0,1.2227,1.2227,100.0,25.8627,0,3,1,0,0,0,0,0,0,0.95,1.0,0.961428571428572,0,9163,0,48.3166,0.0,0.0,0.0,1.2079,0.0,0.5308
persistence,89,normal,True,,3,0.061224489795918366,0.0,188.0,-2.0,30.0,0.0,1.3291,1.3291,100.00000000000001,24.6598,0,3,1,0,0,0,0,0,0,0.95,1.0,0.961428571428572,0,9212,1,46.4268,0.0,0.0,0.0,1.2454,0.0,0.5537
persistence,90,normal,True,,3,0.061224489795918366,0.0,200.0,-2.0,30.0,0.0,1.2803,1.2803,99.99999999999999,23.3259,0,3,1,0,0,0,0,0,0,0.95,1.0,0.961428571428572,0,9800,12,50.8078,0.0,0.0,0.0,1.3086,0.0,0.5877
persistence,91,normal,True,,3,0.061224489795918366,0.0,197.0,-2.0,30.0,0.0,0.9013,0.9013,100.0,25.5656,0,3,1,0,0,0,0,0,0,0.95,1.0,0.961428571428572,0,9653,6,49.5697,0.0,0.0,0.0,1.2562,0.0,0.5579
persistence,92,normal,True,,3,0.061224489795918366,0.0,189.0,-2.0,30.0,0.0,0.8485,0.8485,100.0,25.7943,0,3,1,0,0,0,0,0,0,0.95,1.0,0.961428571428572,0,9261,1,48.5996,0.0,0.0,0.0,1.3061,0.0,0.5822
persistence,93,normal,True,,3,0.061224489795918366,0.0,186.0,-2.0,30.0,0.0,1.3318,1.3318,100.0,25.3236,0,3,1,0,0,0,0,0,0,0.95,1.0,0.961428571428572,0,9114,3,47.9447,0.0,0.0,0.0,1.2575,0.0,0.5624
persistence,94,normal,True,,3,0.061224489795918366,0.0,200.0,-2.0,30.0,0.0,1.1033,1.1033,100.0,25.0079,0,3,1,0,0,0,0,0,0,0.95,1.0,0.961428571428572,0,9800,11,51.5234,0.0,0.0,0.0,1.2153,0.0,0.5403
persistence,95,normal,True,,3,0.061224489795918366,0.0,200.0,-2.0,30.0,0.0,1.0179,1.0179,100.0,24.0149,0,3,1,0,0,0,0,0,0,0.95,1.0,0.961428571428572,0,9800,4,47.6062,0.0,0.0,0.0,1.3107,0.0,0.5867
persistence,96,normal,True,,3,0.061224489795918366,0.0,200.0,-2.0,30.0,0.0,1.415,1.415,99.99999999999999,24.3293,0,3,1,0,0,0,0,0,0,0.95,1.0,0.961428571428572,0,9800,3,47.3677,0.0,0.0,0.0,1.1473,0.002,0.5094
persistence,97,normal,True,,3,0.061224489795918366,0.0,200.0,-2.0,30.0,0.0,0.525,0.525,100.0,22.2192,0,3,1,0,0,0,0,0,0,0.95,1.0,0.961428571428572,0,9800,35,51.2306,0.0,0.0,0.0,1.1549,0.0,0.5137
persistence,98,normal,True,,3,0.061224489795918366,0.0,193.0,-2.0,30.0,0.0,1.2556,1.2556,100.0,24.6005,0,3,1,0,0,0,0,0,0,0.95,1.0,0.961428571428572,0,9457,1,48.1801,0.0,0.0,0.0,1.1451,0.0,0.5128
persistence,99,normal,True,,3,0.061224489795918366,0.0,189.0,-2.0,30.0,0.0,1.1138,1.1138,100.0,24.9228,0,3,1,0,0,0,0,0,0,0.95,1.0,0.961428571428572,0,9261,0,46.698,0.0,0.0,0.0,1.315,0.0,0.5915
rule_based,0,normal,True,,3,0.061224489795918366,0.0,197.0,-2.0,30.0,0.0,0.8954,0.8954,99.99999999999999,23.3967,0,3,1,0,0,200,0,0,0,0.95,1.0,0.961428571428572,0,9653,0,46.9767,0.0,0.0,0.0,1.2996,0.0484,0.5596
rule_based,1,normal,True,,3,0.061224489795918366,0.0,198.0,-2.0,30.0,0.0,1.4157,1.4157,100.00000000000001,23.9305,0,3,1,0,0,200,0,0,0,0.95,1.0,0.961428571428572,0,9702,4,46.7648,0.0,0.0,0.0,1.2459,0.002,0.5517
rule_based,2,normal,True,,3,0.061224489795918366,0.0,164.0,-2.0,30.0,0.0,1.2082,1.2082,100.0,26.7407,0,3,1,0,0,200,0,0,0,0.0,1.0,0.9420408163265311,181,8036,0,45.171,0.0,0.0,0.0,1.2415,0.004,0.5512
rule_based,3,normal,True,,3,0.061224489795918366,0.0,195.0,-2.0,30.0,0.0,1.2054,1.2054,100.0,24.42,0,3,1,0,0,200,0,0,0,0.95,1.0,0.961428571428572,0,9555,0,47.1146,0.0,0.0,0.0,1.2402,0.004,0.5498
rule_based,4,normal,True,,3,0.061224489795918366,0.0,200.0,-2.0,30.0,0.0,1.1177,1.1177,100.0,24.5651,0,3,1,0,0,200,0,0,0,0.0,1.0,0.9420408163265311,156,9800,8,50.1302,0.0,0.0,0.0,0.985,0.005,0.4149
rule_based,5,normal,True,,3,0.061224489795918366,0.0,177.0,-2.0,30.0,0.0,0.8262,0.8262,100.0,25.2934,0,3,1,0,0,200,0,0,0,0.95,1.0,0.961428571428572,0,8673,0,45.504,0.0,0.0,0.0,1.1788,0.005,0.5185
rule_based,6,normal,True,,3,0.061224489795918366,0.0,200.0,-2.0,30.0,0.0,1.2152,1.2152,100.0,23.8939,0,3,1,0,0,200,0,0,0,0.0,1.0,0.9420408163265311,49,9800,6,49.3847,0.0,0.0,0.0,1.2206,0.001,0.5169
rule_based,7,normal,True,,3,0.061224489795918366,0.0,200.0,-2.0,30.0,0.0,1.2533,1.2533,100.0,23.0761,0,3,1,0,0,200,0,0,0,0.0,1.0,0.9420408163265311,58,9800,6,47.3772,0.0,0.0,0.0,1.052,0.006,0.4531
rule_based,8,normal,True,,3,0.061224489795918366,0.0,199.0,-2.0,30.0,0.0,1.1795,1.1795,100.0,23.5746,0,3,1,0,0,200,0,0,0,0.0,1.0,0.9420408163265311,184,9751,0,46.2481,0.0,0.0,0.0,1.2123,0.002,0.5332
rule_based,9,normal,True,,3,0.061224489795918366,0.0,200.0,-2.0,30.0,0.0,0.6889,0.6889,100.0,23.7389,0,3,1,0,0,200,0,0,0,0.95,1.0,0.961428571428572,0,9800,24,50.2661,0.0,0.0,0.0,1.1688,0.0041,0.5136
rule_based,10,normal,True,,3,0.061224489795918366,0.0,200.0,-2.0,30.0,0.0,0.8649,0.8649,100.0,23.4849,0,3,1,0,0,200,0,0,0,0.95,1.0,0.961428571428572,0,9800,7,50.5398,0.0,0.0,0.0,1.2398,0.007,0.5501
rule_based,11,normal,True,,3,0.061224489795918366,0.0,200.0,-2.0,30.0,0.0,0.765,0.765,99.99999999999999,22.524,0,3,1,0,0,200,0,0,0,0.95,1.0,0.961428571428572,0,9800,10,49.4957,0.0,0.0,0.0,1.2406,0.002,0.5512
rule_based,12,normal,True,,3,0.061224489795918366,0.0,200.0,-2.0,30.0,0.0,0.5263,0.5263,100.0,21.3008,0,3,1,0,0,200,0,0,0,0.95,1.0,0.961428571428572,0,9800,2,48.4296,0.0,0.0,0.0,1.0932,0.003,0.4726
rule_based,13,normal,True,,3,0.061224489795918366,0.0,199.0,-2.0,30.0,0.0,0.8297,0.8297,100.00000000000001,25.6046,0,3,1,0,0,200,0,0,0,0.95,1.0,0.961428571428572,0,9751,5,48.2828,0.0,0.0,0.0,1.2111,0.0061,0.5282
rule_based,14,normal,True,,3,0.061224489795918366,0.0,200.0,-2.0,30.0,0.0,0.5238,0.5238,100.0,22.3601,0,3,1,0,0,200,0,0,0,0.95,1.0,0.961428571428572,0,9800,3,48.4611,0.0,0.0,0.0,1.2263,0.005,0.5406
rule_based,15,normal,True,,3,0.061224489795918366,0.0,200.0,-2.0,30.0,0.0,0.6912,0.6912,100.0,21.3319,0,3,1,0,0,200,0,0,0,0.95,1.0,0.961428571428572,0,9800,12,48.2487,0.0,0.0,0.0,1.166,0.009,0.5178
rule_based,16,normal,True,,3,0.061224489795918366,0.0,200.0,-2.0,30.0,0.0,1.2004,1.2004,100.0,23.9306,0,3,1,0,0,200,0,0,0,0.95,1.0,0.961428571428572,0,9800,22,50.7262,0.0,0.0,0.0,1.151,0.007,0.5095
rule_based,17,normal,True,,3,0.061224489795918366,0.0,196.0,-2.0,30.0,0.0,0.9666,0.9666,100.0,24.9948,0,3,1,0,0,200,0,0,0,0.95,1.0,0.961428571428572,0,9604,4,47.0338,0.0,0.0,0.0,1.276,0.005,0.5674
rule_based,18,normal,True,,3,0.061224489795918366,0.0,200.0,-2.0,30.0,0.0,1.0011,1.0011,100.0,24.4384,0,3,1,0,0,200,0,0,0,0.95,1.0,0.961428571428572,0,9800,8,50.0626,0.0,0.0,0.0,1.2192,0.0031,0.5452
rule_based,19,normal,True,,3,0.061224489795918366,0.0,200.0,-2.0,30.0,0.0,0.8724,0.8724,100.0,22.3945,0,3,1,0,0,200,0,0,0,0.95,1.0,0.961428571428572,0,9800,5,48.4186,0.0,0.0,0.0,1.0249,0.004,0.4446
rule_based,20,normal,True,,3,0.061224489795918366,0.0,199.0,-2.0,30.0,0.0,0.8017,0.8017,100.0,24.3188,0,3,1,0,0,200,0,0,0,0.95,1.0,0.961428571428572,0,9751,0,48.3725,0.0,0.0,0.0,1.2378,0.001,0.5536
rule_based,21,normal,True,,3,0.061224489795918366,0.0,184.0,-2.0,30.0,0.0,0.7834,0.7834,100.0,24.9187,0,3,1,0,0,200,0,0,0,0.95,1.0,0.961428571428572,0,9016,1,46.9249,0.0,0.0,0.0,1.1397,0.004,0.5027
rule_based,22,normal,True,,3,0.061224489795918366,0.0,200.0,-2.0,30.0,0.0,0.9275,0.9275,100.0,23.8597,0,3,1,0,0,200,0,0,0,0.95,1.0,0.961428571428572,0,9800,7,49.2941,0.0,0.0,0.0,1.2078,0.0081,0.5334
rule_based,23,normal,True,,3,0.061224489795918366,0.0,200.0,-2.0,30.0,0.0,0.8333,0.8333,100.0,23.4037,0,3,1,0,0,200,0,0,0,0.0,1.0,0.9420408163265311,121,9800,0,46.6925,0.0,0.0,0.0,1.2683,0.0061,0.5631
rule_based,24,normal,True,,3,0.061224489795918366,0.0,200.0,-2.0,30.0,0.0,0.3151,0.3151,100.0,22.6485,0,3,1,0,0,200,0,0,0,0.95,1.0,0.961428571428572,0,9800,8,48.6553,0.0,0.0,0.0,1.1559,0.004,0.5075
rule_based,25,normal,True,,3,0.061224489795918366,0.0,197.0,-2.0,30.0,0.0,0.7128,0.7128,100.0,23.8089,0,3,1,0,0,200,0,0,0,0.95,1.0,0.961428571428572,0,9653,2,46.9393,0.0,0.0,0.0,1.187,0.007,0.5224
rule_based,26,normal,True,,3,0.061224489795918366,0.0,200.0,-2.0,30.0,0.0,0.8609,0.8609,100.00000000000001,23.8002,0,3,1,0,0,200,0,0,0,0.95,1.0,0.961428571428572,0,9800,12,50.0952,0.0,0.0,0.0,1.2194,0.002,0.5352
rule_based,27,normal,True,,3,0.061224489795918366,0.0,200.0,-2.0,30.0,0.0,1.4336,1.4336,100.0,24.2855,0,3,1,0,0,200,0,0,0,0.95,1.0,0.961428571428572,0,9800,6,49.6626,0.0,0.0,0.0,1.102,0.005,0.4742
rule_based,28,normal,True,,3,0.061224489795918366,0.0,188.0,-2.0,30.0,0.0,0.505,0.505,100.0,25.0084,0,3,1,0,0,200,0,0,0,0.95,1.0,0.961428571428572,0,9212,0,48.8542,0.0,0.0,0.0,1.0979,0.003,0.4798
rule_based,29,normal,True,,3,0.061224489795918366,0.0,200.0,-2.0,30.0,0.0,0.7894,0.7894,100.0,22.5084,0,3,1,0,0,200,0,0,0,0.95,1.0,0.961428571428572,0,9800,5,48.0007,0.0,0.0,0.0,1.165,0.005,0.5135
rule_based,30,normal,True,,3,0.061224489795918366,0.0,200.0,-2.0,30.0,0.0,1.0312,1.0312,100.0,24.6494,0,3,1,0,0,200,0,0,0,0.95,1.0,0.961428571428572,0,9800,6,48.9553,0.0,0.0,0.0,1.297,0.003,0.5825
rule_based,31,normal,True,,3,0.061224489795918366,0.0,200.0,-2.0,30.0,0.0,1.1222,1.1222,100.0,22.4373,0,3,1,0,0,200,0,0,0,0.95,1.0,0.961428571428572,0,9800,5,47.3513,0.0,0.0,0.0,1.2388,0.003,0.551
rule_based,32,normal,True,,3,0.061224489795918366,0.0,196.0,-2.0,30.0,0.0,1.125,1.125,100.0,24.3798,0,3,1,0,0,200,0,0,0,0.95,1.0,0.961428571428572,0,9604,0,48.4782,0.0,0.0,0.0,1.157,0.004,0.5096
rule_based,33,normal,True,,3,0.061224489795918366,0.0,197.0,-2.0,30.0,0.0,1.1672,1.1672,100.0,25.2369,0,3,1,0,0,200,0,0,0,0.95,1.0,0.961428571428572,0,9653,6,49.3118,0.0,0.0,0.0,1.2159,0.003,0.5351
rule_based,34,normal,True,,3,0.061224489795918366,0.0,200.0,-2.0,30.0,0.0,0.8934,0.8934,100.0,22.5367,0,3,1,0,0,200,0,0,0,0.95,1.0,0.961428571428572,0,9800,1,46.8836,0.0,0.0,0.0,1.3937,0.005,0.6277
rule_based,35,normal,True,,3,0.061224489795918366,0.0,190.0,-2.0,30.0,0.0,0.8801,0.8801,100.0,25.6076,0,3,1,0,0,200,0,0,0,0.95,1.0,0.961428571428572,0,9310,5,50.0655,0.0,0.0,0.0,1.1505,0.003,0.5066
rule_based,36,normal,True,,3,0.061224489795918366,0.0,189.0,-2.0,30.0,0.0,1.1506,1.1506,100.0,25.4398,0,3,1,0,0,200,0,0,0,0.0,1.0,0.9420408163265311,123,9261,3,48.6768,0.0,0.0,0.0,1.1375,0.0081,0.491
rule_based,37,normal,True,,3,0.061224489795918366,0.0,200.0,-2.0,30.0,0.0,0.8631,0.8631,100.0,23.1478,0,3,1,0,0,200,0,0,0,0.95,1.0,0.961428571428572,0,9800,5,46.406,0.0,0.0,0.0,1.1588,0.0026,0.5105
rule_based,38,normal,True,,3,0.061224489795918366,0.0,200.0,-2.0,30.0,0.0,0.8958,0.8958,100.0,23.7319,0,3,1,0,0,200,0,0,0,0.95,1.0,0.961428571428572,0,9800,7,49.0662,0.0,0.0,0.0,1.161,0.0046,0.5099
rule_based,39,normal,True,,3,0.061224489795918366,0.0,199.0,-2.0,30.0,0.0,0.9621,0.9621,100.0,24.8232,0,3,1,0,0,200,0,0,0,0.95,1.0,0.961428571428572,0,9751,3,48.5366,0.0,0.0,0.0,1.3071,0.005,0.5815
rule_based,40,normal,True,,3,0.061224489795918366,0.0,200.0,-2.0,30.0,0.0,0.8325,0.8325,100.0,23.0439,0,3,1,0,0,200,0,0,0,0.95,1.0,0.961428571428572,0,9800,13,49.7628,0.0,0.0,0.0,1.1299,0.0077,0.4945
rule_based,41,normal,True,,3,0.061224489795918366,0.0,186.0,-2.0,30.0,0.0,0.9584,0.9584,100.0,24.9304,0,3,1,0,0,200,0,0,0,0.95,1.0,0.961428571428572,0,9114,0,46.5881,0.0,0.0,0.0,1.2499,0.002,0.5602
rule_based,42,normal,True,,3,0.061224489795918366,0.0,200.0,-2.0,30.0,0.0,0.6721,0.6721,100.00000000000001,23.2719,0,3,1,0,0,200,0,0,0,0.95,1.0,0.961428571428572,0,9800,0,47.52,0.0,0.0,0.0,1.24,0.005,0.5471
rule_based,43,normal,True,,3,0.061224489795918366,0.0,200.0,-2.0,30.0,0.0,0.9648,0.9648,100.0,23.5102,0,3,1,0,0,200,0,0,0,0.95,1.0,0.961428571428572,0,9800,19,50.6025,0.0,0.0,0.0,1.2859,0.004,0.5643
rule_based,44,normal,True,,3,0.061224489795918366,0.0,200.0,-2.0,30.0,0.0,0.6838,0.6838,99.99999999999999,23.7123,0,3,1,0,0,200,0,0,0,0.95,1.0,0.961428571428572,0,9800,3,48.1586,0.0,0.0,0.0,1.2494,0.004,0.5561
rule_based,45,normal,True,,3,0.061224489795918366,0.0,200.0,-2.0,30.0,0.0,1.2941,1.2941,100.00000000000001,23.803,0,3,1,0,0,200,0,0,0,0.0,1.0,0.9420408163265311,130,9800,5,47.4275,0.0,0.0,0.0,1.2943,0.011,0.5673
rule_based,46,normal,True,,3,0.061224489795918366,0.0,200.0,-2.0,30.0,0.0,0.74,0.74,100.0,22.4812,0,3,1,0,0,200,0,0,0,0.95,1.0,0.961428571428572,0,9800,8,50.0364,0.0,0.0,0.0,1.1308,0.004,0.4982
rule_based,47,normal,True,,3,0.061224489795918366,0.0,194.0,-2.0,30.0,0.0,0.9051,0.9051,100.0,24.2058,0,3,1,0,0,200,0,0,0,0.95,1.0,0.961428571428572,0,9506,1,45.9763,0.0,0.0,0.0,1.1777,0.005,0.5198
rule_based,48,normal,True,,3,0.061224489795918366,0.0,194.0,-2.0,30.0,0.0,1.529,1.529,100.00000000000001,25.4019,0,3,1,0,0,200,0,0,0,0.95,1.0,0.961428571428572,0,9506,2,47.8982,0.0,0.0,0.0,1.138,0.009,0.4923
rule_based,49,normal,True,,3,0.061224489795918366,0.0,200.0,-2.0,30.0,0.0,1.1358,1.1358,100.0,23.2679,0,3,1,0,0,200,0,0,0,0.95,1.0,0.961428571428572,0,9800,4,46.8091,0.0,0.0,0.0,1.1523,0.005,0.4997
rule_based,50,normal,True,,3,0.061224489795918366,0.0,200.0,-2.0,30.0,0.0,1.1579,1.1579,100.0,24.0943,0,3,1,0,0,200,0,0,0,0.95,1.0,0.961428571428572,0,9800,11,49.3981,0.0,0.0,0.0,1.2237,0.007,0.5448
rule_based,51,normal,True,,3,0.061224489795918366,0.0,187.0,-2.0,30.0,0.0,1.6741,1.6741,100.0,24.0708,0,3,1,0,0,200,0,0,0,0.95,1.0,0.961428571428572,0,9163,0,47.7318,0.0,0.0,0.0,1.2055,0.005,0.5343
rule_based,52,normal,True,,3,0.061224489795918366,0.0,200.0,-2.0,30.0,0.0,0.7946,0.7946,100.00000000000001,21.3643,0,3,1,0,0,200,0,0,0,0.95,1.0,0.961428571428572,0,9800,12,50.4839,0.0,0.0,0.0,1.1208,0.002,0.4953
rule_based,53,normal,True,,3,0.061224489795918366,0.0,200.0,-2.0,30.0,0.0,1.075,1.075,100.0,22.4504,0,3,1,0,0,200,0,0,0,0.95,1.0,0.961428571428572,0,9800,4,47.747,0.0,0.0,0.0,1.1176,0.005,0.4894
rule_based,54,normal,True,,3,0.061224489795918366,0.0,195.0,-2.0,30.0,0.0,0.7851,0.7851,100.00000000000001,24.7774,0,3,1,0,0,200,0,0,0,0.95,1.0,0.961428571428572,0,9555,0,47.0704,0.0,0.0,0.0,1.206,0.006,0.5295
rule_based,55,normal,True,,3,0.061224489795918366,0.0,200.0,-2.0,30.0,0.0,0.9411,0.9411,100.0,22.1324,0,3,1,0,0,200,0,0,0,0.95,1.0,0.961428571428572,0,9800,14,49.4429,0.0,0.0,0.0,1.1856,0.0061,0.5225
rule_based,56,normal,True,,3,0.061224489795918366,0.0,200.0,-2.0,30.0,0.0,1.4217,1.4217,99.99999999999999,23.8962,0,3,1,0,0,200,0,0,0,0.95,1.0,0.961428571428572,0,9800,0,47.8145,0.0,0.0,0.0,1.1631,0.004,0.5151
rule_based,57,normal,True,,3,0.061224489795918366,0.0,200.0,-2.0,30.0,0.0,1.1236,1.1236,100.0,23.7235,0,3,1,0,0,200,0,0,0,0.95,1.0,0.961428571428572,0,9800,1,47.4878,0.0,0.0,0.0,1.2387,0.004,0.5494
rule_based,58,normal,True,,3,0.061224489795918366,0.0,200.0,-2.0,30.0,0.0,1.241,1.241,100.0,25.927,0,3,1,0,0,200,0,0,0,0.95,1.0,0.961428571428572,0,9800,12,49.9411,0.0,0.0,0.0,1.1435,0.003,0.5029
rule_based,59,normal,True,,3,0.061224489795918366,0.0,200.0,-2.0,30.0,0.0,0.9985,0.9985,100.0,24.4947,0,3,1,0,0,200,0,0,0,0.0,1.0,0.9420408163265311,138,9800,5,48.1087,0.0,0.0,0.0,1.2312,0.0081,0.5454
rule_based,60,normal,True,,3,0.061224489795918366,0.0,200.0,-2.0,30.0,0.0,1.4677,1.4677,99.99999999999999,25.4477,0,3,1,0,0,200,0,0,0,0.95,1.0,0.961428571428572,0,9800,8,49.6664,0.0,0.0,0.0,1.2343,0.007,0.5463
rule_based,61,normal,True,,3,0.061224489795918366,0.0,200.0,-2.0,30.0,0.0,1.3219,1.3219,99.99999999999999,24.8542,0,3,1,0,0,200,0,0,0,0.95,1.0,0.961428571428572,0,9800,5,50.7145,0.0,0.0,0.0,1.177,0.004,0.5195
rule_based,62,normal,True,,3,0.061224489795918366,0.0,200.0,-2.0,30.0,0.0,0.8749,0.8749,99.99999999999999,22.9321,0,3,1,0,0,200,0,0,0,0.95,1.0,0.961428571428572,0,9800,5,49.7371,0.0,0.0,0.0,1.2396,0.005,0.5518
rule_based,63,normal,True,,3,0.061224489795918366,0.0,200.0,-2.0,30.0,0.0,1.4078,1.4078,100.0,24.3555,0,3,1,0,0,200,0,0,0,0.95,1.0,0.961428571428572,0,9800,5,50.4727,0.0,0.0,0.0,1.2051,0.004,0.5336
rule_based,64,normal,True,,3,0.061224489795918366,0.0,200.0,-2.0,30.0,0.0,0.8531,0.8531,100.0,25.0973,0,3,1,0,0,200,0,0,0,0.95,1.0,0.961428571428572,0,9800,19,52.7795,0.0,0.0,0.0,1.1406,0.0005,0.5028
rule_based,65,normal,True,,3,0.061224489795918366,0.0,200.0,-2.0,30.0,0.0,0.9757,0.9757,100.0,22.4919,0,3,1,0,0,200,0,0,0,0.95,1.0,0.961428571428572,0,9800,4,47.4769,0.0,0.0,0.0,1.0863,0.002,0.4761
rule_based,66,normal,True,,3,0.061224489795918366,0.0,200.0,-2.0,30.0,0.0,1.3093,1.3093,100.0,24.689,0,3,1,0,0,200,0,0,0,0.95,1.0,0.961428571428572,0,9800,2,47.5651,0.0,0.0,0.0,1.2352,0.003,0.5508
rule_based,67,normal,True,,3,0.061224489795918366,0.0,195.0,-2.0,30.0,0.0,0.7886,0.7886,99.99999999999999,23.0831,0,3,1,0,0,200,0,0,0,0.95,1.0,0.961428571428572,0,9555,0,45.7193,0.0,0.0,0.0,1.0874,0.0086,0.4686
rule_based,68,normal,True,,3,0.061224489795918366,0.0,195.0,-2.0,30.0,0.0,1.6631,1.6631,100.0,25.794,0,3,1,0,0,200,0,0,0,0.95,1.0,0.961428571428572,0,9555,3,49.2501,0.0,0.0,0.0,1.135,0.004,0.4993
rule_based,69,normal,True,,3,0.061224489795918366,0.0,187.0,-2.0,30.0,0.0,1.0825,1.0825,100.0,23.5922,0,3,1,0,0,200,0,0,0,0.95,1.0,0.961428571428572,0,9163,0,47.0356,0.0,0.0,0.0,1.1673,0.002,0.5168
rule_based,70,normal,True,,3,0.061224489795918366,0.0,187.0,-2.0,30.0,0.0,1.1772,1.1772,100.0,24.1218,0,3,1,0,0,200,0,0,0,0.95,1.0,0.961428571428572,0,9163,3,47.5314,0.0,0.0,0.0,1.5772,0.006,0.7199
rule_based,71,normal,True,,3,0.061224489795918366,0.0,197.0,-2.0,30.0,0.0,0.7958,0.7958,100.0,25.3446,0,3,1,0,0,200,0,0,0,0.95,1.0,0.961428571428572,0,9653,0,46.9654,0.0,0.0,0.0,1.1736,0.002,0.5229
rule_based,72,normal,True,,3,0.061224489795918366,0.0,200.0,-2.0,30.0,0.0,1.0865,1.0865,100.0,22.8813,0,3,1,0,0,200,0,0,0,0.95,1.0,0.961428571428572,0,9800,1,46.498,0.0,0.0,0.0,1.0997,0.0014,0.4829
rule_based,73,normal,True,,3,0.061224489795918366,0.0,200.0,-2.0,30.0,0.0,0.8089,0.8089,100.0,22.9868,0,3,1,0,0,200,0,0,0,0.95,1.0,0.961428571428572,0,9800,0,48.5506,0.0,0.0,0.0,1.1824,0.003,0.5177
rule_based,74,normal,True,,3,0.061224489795918366,0.0,192.0,-2.0,30.0,0.0,1.0399,1.0399,100.0,25.0256,0,3,1,0,0,200,0,0,0,0.95,1.0,0.961428571428572,0,9408,0,46.8867,0.0,0.0,0.0,1.155,0.006,0.5056
rule_based,75,normal,True,,3,0.061224489795918366,0.0,200.0,-2.0,30.0,0.0,0.6748,0.6748,100.00000000000001,22.7455,0,3,1,0,0,200,0,0,0,0.95,1.0,0.961428571428572,0,9800,5,47.3025,0.0,0.0,0.0,1.3218,0.003,0.5908
rule_based,76,normal,True,,3,0.061224489795918366,0.0,200.0,-2.0,30.0,0.0,0.4787,0.4787,100.0,20.6774,0,3,1,0,0,200,0,0,0,0.95,1.0,0.961428571428572,0,9800,21,49.9394,0.0,0.0,0.0,1.2006,0.003,0.5309
rule_based,77,normal,True,,3,0.061224489795918366,0.0,200.0,-2.0,30.0,0.0,0.7626,0.7626,100.0,22.6013,0,3,1,0,0,200,0,0,0,0.95,1.0,0.961428571428572,0,9800,15,50.6415,0.0,0.0,0.0,1.1017,0.002,0.4855
rule_based,78,normal,True,,3,0.061224489795918366,0.0,192.0,-2.0,30.0,0.0,1.524,1.524,100.0,24.5284,0,3,1,0,0,200,0,0,0,0.0,1.0,0.9420408163265311,147,9408,0,47.1074,0.0,0.0,0.0,1.1654,0.0106,0.5138
rule_based,79,normal,True,,3,0.061224489795918366,0.0,200.0,-2.0,30.0,0.0,0.9848,0.9848,100.0,24.4501,0,3,1,0,0,200,0,0,0,0.95,1.0,0.961428571428572,0,9800,22,50.688,0.0,0.0,0.0,1.2667,0.006,0.5627
rule_based,80,normal,True,,3,0.061224489795918366,0.0,196.0,-2.0,30.0,0.0,1.0756,1.0756,100.0,26.0419,0,3,1,0,0,200,0,0,0,0.95,1.0,0.961428571428572,0,9604,8,50.5024,0.0,0.0,0.0,1.0855,0.004,0.4752
rule_based,81,normal,True,,3,0.061224489795918366,0.0,199.0,-2.0,30.0,0.0,1.0473,1.0473,100.0,22.2835,0,3,1,0,0,200,0,0,0,0.95,1.0,0.961428571428572,0,9751,0,45.4951,0.0,0.0,0.0,1.24,0.0028,0.5551
rule_based,82,normal,True,,3,0.061224489795918366,0.0,195.0,-2.0,30.0,0.0,1.1102,1.1102,100.0,24.7922,0,3,1,0,0,200,0,0,0,0.95,1.0,0.961428571428572,0,9555,6,49.5967,0.0,0.0,0.0,1.1909,0.001,0.5298
rule_based,83,normal,True,,3,0.061224489795918366,0.0,200.0,-2.0,30.0,0.0,1.2088,1.2088,100.0,24.5239,0,3,1,0,0,200,0,0,0,0.95,1.0,0.961428571428572,0,9800,5,50.9859,0.0,0.0,0.0,1.1655,0.006,0.4979
rule_based,84,normal,True,,3,0.061224489795918366,0.0,187.0,-2.0,30.0,0.0,0.7905,0.7905,100.0,23.6009,0,3,1,0,0,200,0,0,0,0.95,1.0,0.961428571428572,0,9163,0,46.959,0.0,0.0,0.0,1.4027,0.006,0.6132
rule_based,85,normal,True,,3,0.061224489795918366,0.0,182.0,-2.0,30.0,0.0,0.9602,0.9602,100.0,26.3231,0,3,1,0,0,200,0,0,0,0.95,1.0,0.961428571428572,0,8918,0,46.3118,0.0,0.0,0.0,1.2465,0.006,0.552
rule_based,86,normal,True,,3,0.061224489795918366,0.0,200.0,-2.0,30.0,0.0,1.1051,1.1051,100.0,22.5982,0,3,1,0,0,200,0,0,0,0.95,1.0,0.961428571428572,0,9800,4,48.8187,0.0,0.0,0.0,1.1144,0.006,0.4913
rule_based,87,normal,True,,3,0.061224489795918366,0.0,200.0,-2.0,30.0,0.0,1.2037,1.2037,100.0,24.0273,0,3,1,0,0,200,0,0,0,0.95,1.0,0.961428571428572,0,9800,7,50.0888,0.0,0.0,0.0,1.1259,0.0055,0.4931
rule_based,88,normal,True,,3,0.061224489795918366,0.0,187.0,-2.0,30.0,0.0,1.2227,1.2227,100.0,25.8627,0,3,1,0,0,200,0,0,0,0.95,1.0,0.961428571428572,0,9163,0,48.3166,0.0,0.0,0.0,1.2802,0.007,0.5705
rule_based,89,normal,True,,3,0.061224489795918366,0.0,188.0,-2.0,30.0,0.0,1.3291,1.3291,100.00000000000001,24.6598,0,3,1,0,0,200,0,0,0,0.95,1.0,0.961428571428572,0,9212,1,46.4268,0.0,0.0,0.0,1.1491,0.002,0.5117
rule_based,90,normal,True,,3,0.061224489795918366,0.0,200.0,-2.0,30.0,0.0,1.2803,1.2803,99.99999999999999,23.3259,0,3,1,0,0,200,0,0,0,0.95,1.0,0.961428571428572,0,9800,12,50.8078,0.0,0.0,0.0,1.2582,0.003,0.5633
rule_based,91,normal,True,,3,0.061224489795918366,0.0,197.0,-2.0,30.0,0.0,0.9013,0.9013,100.0,25.5656,0,3,1,0,0,200,0,0,0,0.95,1.0,0.961428571428572,0,9653,6,49.5697,0.0,0.0,0.0,1.1654,0.006,0.5105
rule_based,92,normal,True,,3,0.061224489795918366,0.0,189.0,-2.0,30.0,0.0,0.8485,0.8485,100.0,25.7943,0,3,1,0,0,200,0,0,0,0.95,1.0,0.961428571428572,0,9261,1,48.5996,0.0,0.0,0.0,1.3122,0.001,0.586
rule_based,93,normal,True,,3,0.061224489795918366,0.0,186.0,-2.0,30.0,0.0,1.3318,1.3318,100.0,25.3236,0,3,1,0,0,200,0,0,0,0.95,1.0,0.961428571428572,0,9114,3,47.9447,0.0,0.0,0.0,1.0886,0.0052,0.4814
rule_based,94,normal,True,,3,0.061224489795918366,0.0,200.0,-2.0,30.0,0.0,1.1033,1.1033,100.0,25.0079,0,3,1,0,0,200,0,0,0,0.95,1.0,0.961428571428572,0,9800,11,51.5234,0.0,0.0,0.0,1.1656,0.003,0.5108
rule_based,95,normal,True,,3,0.061224489795918366,0.0,200.0,-2.0,30.0,0.0,1.0179,1.0179,100.0,24.0149,0,3,1,0,0,200,0,0,0,0.95,1.0,0.961428571428572,0,9800,4,47.6062,0.0,0.0,0.0,1.32,0.003,0.5915
rule_based,96,normal,True,,3,0.061224489795918366,0.0,200.0,-2.0,30.0,0.0,1.415,1.415,99.99999999999999,24.3293,0,3,1,0,0,200,0,0,0,0.95,1.0,0.961428571428572,0,9800,3,47.3677,0.0,0.0,0.0,1.1962,0.0045,0.5267
rule_based,97,normal,True,,3,0.061224489795918366,0.0,200.0,-2.0,30.0,0.0,0.525,0.525,100.0,22.2192,0,3,1,0,0,200,0,0,0,0.95,1.0,0.961428571428572,0,9800,35,51.2306,0.0,0.0,0.0,1.2284,0.0077,0.5456
rule_based,98,normal,True,,3,0.061224489795918366,0.0,193.0,-2.0,30.0,0.0,1.2556,1.2556,100.0,24.6005,0,3,1,0,0,200,0,0,0,0.95,1.0,0.961428571428572,0,9457,1,48.1801,0.0,0.0,0.0,1.587,0.0096,0.7042
rule_based,99,normal,True,,3,0.061224489795918366,0.0,189.0,-2.0,30.0,0.0,1.1138,1.1138,100.0,24.9228,0,3,1,0,0,200,0,0,0,0.95,1.0,0.961428571428572,0,9261,0,46.698,0.0,0.0,0.0,1.1666,0.008,0.5105
dqn_core_only,0,normal,True,,3,0.061224489795918366,0.0,199.0,-2.0,30.0,0.0,1.1336,1.1336,100.0,22.4927,0,3,1,0,0,200,0,0,0,0.95,1.0,0.961428571428572,0,9751,0,46.6306,0.0,0.0,0.0,1.4215,0.1839,0.5514
dqn_core_only,1,normal,True,,3,0.061224489795918366,0.0,198.0,-2.0,30.0,0.0,0.7504,0.7504,100.0,23.1433,0,3,1,0,0,200,0,0,0,0.95,1.0,0.961428571428572,0,9702,5,46.6815,0.0,0.0,0.0,1.4271,0.1167,0.5903
dqn_core_only,2,normal,True,,3,0.061224489795918366,0.0,195.0,-2.0,30.0,0.0,1.8762,1.8762,100.0,24.0293,0,3,1,0,0,200,0,0,0,0.0,1.0,0.9420408163265311,181,9555,0,45.3831,0.0,0.0,0.0,1.3354,0.1379,0.5395
dqn_core_only,3,normal,True,,3,0.061224489795918366,0.0,193.0,-2.0,30.0,0.0,0.8582,0.8582,100.00000000000001,23.9708,0,3,1,0,0,200,0,0,0,0.95,1.0,0.961428571428572,0,9457,0,46.9146,0.0,0.0,0.0,1.3463,0.1141,0.5525
dqn_core_only,4,normal,True,,3,0.061224489795918366,0.0,200.0,-2.0,30.0,0.0,0.6665,0.6665,100.0,23.0639,0,3,1,0,0,200,0,0,0,0.0,1.0,0.9420408163265311,156,9800,14,50.4309,0.0,0.0,0.0,1.3465,0.1198,0.5555
dqn_core_only,5,normal,True,,3,0.061224489795918366,0.0,190.0,-2.0,30.0,0.0,0.688,0.688,100.0,22.6264,0,3,1,0,0,200,0,0,0,0.95,1.0,0.961428571428572,0,9310,0,45.0856,0.0,0.0,0.0,1.4645,0.1234,0.5982
dqn_core_only,6,normal,True,,3,0.061224489795918366,0.0,200.0,-2.0,30.0,0.0,1.5768,1.5768,100.0,25.2729,0,3,1,0,0,200,0,0,0,0.0,1.0,0.9420408163265311,49,9800,6,49.1206,0.0,0.0,0.0,1.2776,0.102,0.5219
dqn_core_only,7,normal,True,,3,0.061224489795918366,0.0,200.0,-2.0,30.0,0.0,0.7101,0.7101,100.0,21.9139,0,3,1,0,0,200,0,0,0,0.0,1.0,0.9420408163265311,58,9800,7,48.079,0.0,0.0,0.0,1.3638,0.1239,0.5541
dqn_core_only,8,normal,True,,3,0.061224489795918366,0.0,200.0,-2.0,30.0,0.0,1.141,1.141,100.0,21.9436,0,3,1,0,0,200,0,0,0,0.0,1.0,0.9420408163265311,184,9800,0,46.0081,0.0,0.0,0.0,1.3965,0.1118,0.5799
dqn_core_only,9,normal,True,,3,0.061224489795918366,0.0,200.0,-2.0,30.0,0.0,1.356,1.356,100.0,25.0892,0,3,1,0,0,200,0,0,0,0.95,1.0,0.961428571428572,0,9800,15,50.4923,0.0,0.0,0.0,1.2325,0.1102,0.4941
dqn_core_only,10,normal,True,,3,0.061224489795918366,0.0,200.0,-2.0,30.0,0.0,0.714,0.714,100.0,22.846,0,3,1,0,0,200,0,0,0,0.95,1.0,0.961428571428572,0,9800,5,50.5537,0.0,0.0,0.0,1.4411,0.1129,0.6053
dqn_core_only,11,normal,True,,3,0.061224489795918366,0.0,200.0,-2.0,30.0,0.0,0.4092,0.4092,100.0,22.0113,0,3,1,0,0,200,0,0,0,0.95,1.0,0.961428571428572,0,9800,27,50.2537,0.0,0.0,0.0,1.3835,0.1072,0.5714
dqn_core_only,12,normal,True,,3,0.061224489795918366,0.0,200.0,-2.0,30.0,0.0,0.7276,0.7276,100.00000000000001,22.4484,0,3,1,0,0,200,0,0,0,0.95,1.0,0.961428571428572,0,9800,3,48.7965,0.0,0.0,0.0,1.2124,0.1189,0.4857
dqn_core_only,13,normal,True,,3,0.061224489795918366,0.0,200.0,-2.0,30.0,0.0,0.8798,0.8798,100.0,22.5757,0,3,1,0,0,200,0,0,0,0.95,1.0,0.961428571428572,0,9800,10,48.8933,0.0,0.0,0.0,1.368,0.1273,0.5607
dqn_core_only,14,normal,True,,3,0.061224489795918366,0.0,200.0,-2.0,30.0,0.0,0.5366,0.5366,100.0,21.6272,0,3,1,0,0,200,0,0,0,0.95,1.0,0.961428571428572,0,9800,0,47.8118,0.0,0.0,0.0,1.2925,0.1199,0.5228
dqn_core_only,15,normal,True,,3,0.061224489795918366,0.0,200.0,-2.0,30.0,0.0,0.6703,0.6703,100.0,23.0195,0,3,1,0,0,200,0,0,0,0.95,1.0,0.961428571428572,0,9800,8,47.5828,0.0,0.0,0.0,1.5067,0.1188,0.6286
dqn_core_only,16,normal,True,,3,0.061224489795918366,0.0,200.0,-2.0,30.0,0.0,1.075,1.075,100.0,24.2934,0,3,1,0,0,200,0,0,0,0.95,1.0,0.961428571428572,0,9800,22,51.1082,0.0,0.0,0.0,1.4264,0.1163,0.5897
dqn_core_only,17,normal,True,,3,0.061224489795918366,0.0,200.0,-2.0,30.0,0.0,1.1647,1.1647,100.0,23.6578,0,3,1,0,0,200,0,0,0,0.95,1.0,0.961428571428572,0,9800,4,48.2963,0.0,0.0,0.0,1.3984,0.1132,0.5791
dqn_core_only,18,normal,True,,3,0.061224489795918366,0.0,194.0,-2.0,30.0,0.0,0.9428,0.9428,100.0,26.4386,0,3,1,0,0,200,0,0,0,0.95,1.0,0.961428571428572,0,9506,7,49.8722,0.0,0.0,0.0,1.3481,0.1143,0.5504
dqn_core_only,19,normal,True,,3,0.061224489795918366,0.0,200.0,-2.0,30.0,0.0,1.394,1.394,99.99999999999999,23.2427,0,3,1,0,0,200,0,0,0,0.95,1.0,0.961428571428572,0,9800,5,48.1401,0.0,0.0,0.0,1.2083,0.106,0.4862
dqn_core_only,20,normal,True,,3,0.061224489795918366,0.0,196.0,-2.0,30.0,0.0,1.0015,1.0015,100.0,24.7965,0,3,1,0,0,200,0,0,0,0.95,1.0,0.961428571428572,0,9604,0,47.657,0.0,0.0,0.0,1.3557,0.1052,0.5592
dqn_core_only,21,normal,True,,3,0.061224489795918366,0.0,196.0,-2.0,30.0,0.0,1.1154,1.1154,100.0,23.4351,0,3,1,0,0,200,0,0,0,0.95,1.0,0.961428571428572,0,9604,0,46.4005,0.0,0.0,0.0,1.5413,0.1105,0.6492
dqn_core_only,22,normal,True,,3,0.061224489795918366,0.0,196.0,-2.0,30.0,0.0,1.0244,1.0244,100.0,24.1606,0,3,1,0,0,200,0,0,0,0.95,1.0,0.961428571428572,0,9604,6,49.0843,0.0,0.0,0.0,1.4333,0.1268,0.588
dqn_core_only,23,normal,True,,3,0.061224489795918366,0.0,200.0,-2.0,30.0,0.0,0.5142,0.5142,100.0,22.0313,0,3,1,0,0,200,0,0,0,0.0,1.0,0.9420408163265311,121,9800,1,46.6135,0.0,0.0,0.0,1.2947,0.1031,0.5279
dqn_core_only,24,normal,True,,3,0.061224489795918366,0.0,200.0,-2.0,30.0,0.0,1.0435,1.0435,100.0,23.3522,0,3,1,0,0,200,0,0,0,0.95,1.0,0.961428571428572,0,9800,8,47.3819,0.0,0.0,0.0,1.4146,0.124,0.5815
dqn_core_only,25,normal,True,,3,0.061224489795918366,0.0,200.0,-2.0,30.0,0.0,1.0792,1.0792,100.0,22.4021,0,3,1,0,0,200,0,0,0,0.95,1.0,0.961428571428572,0,9800,4,46.5566,0.0,0.0,0.0,1.3561,0.1183,0.5583
dqn_core_only,26,normal,True,,3,0.061224489795918366,0.0,197.0,-2.0,30.0,0.0,1.0661,1.0661,100.0,25.3064,0,3,1,0,0,200,0,0,0,0.95,1.0,0.961428571428572,0,9653,8,49.838,0.0,0.0,0.0,1.3331,0.1158,0.5425
dqn_core_only,27,normal,True,,3,0.061224489795918366,0.0,200.0,-2.0,30.0,0.0,1.2929,1.2929,100.0,25.2621,0,3,1,0,0,200,0,0,0,0.95,1.0,0.961428571428572,0,9800,5,50.4282,0.0,0.0,0.0,1.2969,0.1124,0.527
dqn_core_only,28,normal,True,,3,0.061224489795918366,0.0,183.0,-2.0,30.0,0.0,1.126,1.126,100.0,26.1859,0,3,1,0,0,200,0,0,0,0.95,1.0,0.961428571428572,0,8967,0,47.389,0.0,0.0,0.0,1.465,0.1255,0.6141
dqn_core_only,29,normal,True,,3,0.061224489795918366,0.0,191.0,-2.0,30.0,0.0,0.8423,0.8423,99.99999999999999,23.9838,0,3,1,0,0,200,0,0,0,0.95,1.0,0.961428571428572,0,9359,4,48.1299,0.0,0.0,0.0,1.4365,0.1228,0.5914
dqn_core_only,30,normal,True,,3,0.061224489795918366,0.0,197.0,-2.0,30.0,0.0,1.0065,1.0065,100.0,25.5188,0,3,1,0,0,200,0,0,0,0.95,1.0,0.961428571428572,0,9653,6,48.2507,0.0,0.0,0.0,1.2721,0.1258,0.5082
dqn_core_only,31,normal,True,,3,0.061224489795918366,0.0,198.0,-2.0,30.0,0.0,0.7938,0.7938,99.99999999999999,24.573,0,3,1,0,0,200,0,0,0,0.95,1.0,0.961428571428572,0,9702,4,47.1672,0.0,0.0,0.0,1.3932,0.1228,0.5664
dqn_core_only,32,normal,True,,3,0.061224489795918366,0.0,198.0,-2.0,30.0,0.0,0.9846,0.9846,100.0,23.5502,0,3,1,0,0,200,0,0,0,0.95,1.0,0.961428571428572,0,9702,0,48.4662,0.0,0.0,0.0,1.4947,0.1081,0.6244
dqn_core_only,33,normal,True,,3,0.061224489795918366,0.0,200.0,-2.0,30.0,0.0,0.7927,0.7927,100.0,23.3311,0,3,1,0,0,200,0,0,0,0.95,1.0,0.961428571428572,0,9800,3,48.7021,0.0,0.0,0.0,1.318,0.1181,0.5331
dqn_core_only,34,normal,True,,3,0.061224489795918366,0.0,200.0,-2.0,30.0,0.0,0.9592,0.9592,100.0,22.3862,0,3,1,0,0,200,0,0,0,0.95,1.0,0.961428571428572,0,9800,0,46.4368,0.0,0.0,0.0,1.3091,0.1069,0.5276
dqn_core_only,35,normal,True,,3,0.061224489795918366,0.0,200.0,-2.0,30.0,0.0,0.7464,0.7464,100.0,22.6954,0,3,1,0,0,200,0,0,0,0.95,1.0,0.961428571428572,0,9800,5,49.1058,0.0,0.0,0.0,1.4936,0.0973,0.6175
dqn_core_only,36,normal,True,,3,0.061224489795918366,0.0,187.0,-2.0,30.0,0.0,1.5012,1.5012,100.0,25.3831,0,3,1,0,0,200,0,0,0,0.0,1.0,0.9420408163265311,123,9163,1,47.6822,0.0,0.0,0.0,1.2986,0.1036,0.5278
dqn_core_only,37,normal,True,,3,0.061224489795918366,0.0,198.0,-2.0,30.0,0.0,0.823,0.823,100.0,23.6489,0,3,1,0,0,200,0,0,0,0.95,1.0,0.961428571428572,0,9702,3,46.6599,0.0,0.0,0.0,1.3604,0.1184,0.5598
dqn_core_only,38,normal,True,,3,0.061224489795918366,0.0,196.0,-2.0,30.0,0.0,0.6411,0.6411,100.0,25.3702,0,3,1,0,0,200,0,0,0,0.95,1.0,0.961428571428572,0,9604,6,49.5454,0.0,0.0,0.0,1.5654,0.1027,0.662
dqn_core_only,39,normal,True,,3,0.061224489795918366,0.0,194.0,-2.0,30.0,0.0,0.5648,0.5648,100.0,24.3546,0,3,1,0,0,200,0,0,0,0.95,1.0,0.961428571428572,0,9506,3,47.937,0.0,0.0,0.0,1.2705,0.1152,0.5132
dqn_core_only,40,normal,True,,3,0.061224489795918366,0.0,200.0,-2.0,30.0,0.0,0.7726,0.7726,100.0,24.5175,0,3,1,0,0,200,0,0,0,0.95,1.0,0.961428571428572,0,9800,10,49.0031,0.0,0.0,0.0,1.4211,0.1172,0.582
dqn_core_only,41,normal,True,,3,0.061224489795918366,0.0,189.0,-2.0,30.0,0.0,0.8822,0.8822,100.0,24.4489,0,3,1,0,0,200,0,0,0,0.95,1.0,0.961428571428572,0,9261,0,46.6797,0.0,0.0,0.0,1.3584,0.1153,0.5549
dqn_core_only,42,normal,True,,3,0.061224489795918366,0.0,200.0,-2.0,30.0,0.0,0.9513,0.9513,100.0,22.9371,0,3,1,0,0,200,0,0,0,0.95,1.0,0.961428571428572,0,9800,0,46.7206,0.0,0.0,0.0,1.2901,0.0972,0.5212
dqn_core_only,43,normal,True,,3,0.061224489795918366,0.0,200.0,-2.0,30.0,0.0,0.9742,0.9742,100.0,25.7488,0,3,1,0,0,200,0,0,0,0.95,1.0,0.961428571428572,0,9800,8,50.5851,0.0,0.0,0.0,1.3934,0.1036,0.5711
dqn_core_only,44,normal,True,,3,0.061224489795918366,0.0,200.0,-2.0,30.0,0.0,1.1332,1.1332,100.0,24.3049,0,3,1,0,0,200,0,0,0,0.95,1.0,0.961428571428572,0,9800,4,48.7712,0.0,0.0,0.0,1.456,0.1191,0.6063
dqn_core_only,45,normal,True,,3,0.061224489795918366,0.0,200.0,-2.0,30.0,0.0,1.3259,1.3259,100.0,23.9698,0,3,1,0,0,200,0,0,0,0.0,1.0,0.9420408163265311,130,9800,6,47.4198,0.0,0.0,0.0,1.3328,0.1298,0.5399
dqn_core_only,46,normal,True,,3,0.061224489795918366,0.0,197.0,-2.0,30.0,0.0,1.796,1.796,100.0,25.4984,0,3,1,0,0,200,0,0,0,0.95,1.0,0.961428571428572,0,9653,6,49.4713,0.0,0.0,0.0,1.3615,0.1226,0.5538
dqn_core_only,47,normal,True,,3,0.061224489795918366,0.0,194.0,-2.0,30.0,0.0,1.1629,1.1629,100.0,24.3987,0,3,1,0,0,200,0,0,0,0.95,1.0,0.961428571428572,0,9506,0,46.7094,0.0,0.0,0.0,1.4666,0.1333,0.6055
dqn_core_only,48,normal,True,,3,0.061224489795918366,0.0,192.0,-2.0,30.0,0.0,1.0989,1.0989,100.0,24.8645,0,3,1,0,0,200,0,0,0,0.95,1.0,0.961428571428572,0,9408,5,47.8934,0.0,0.0,0.0,1.2698,0.1266,0.5107
dqn_core_only,49,normal,True,,3,0.061224489795918366,0.0,200.0,-2.0,30.0,0.0,1.0472,1.0472,100.0,22.3348,0,3,1,0,0,200,0,0,0,0.95,1.0,0.961428571428572,0,9800,5,46.5783,0.0,0.0,0.0,1.4227,0.1117,0.5847
dqn_core_only,50,normal,True,,3,0.061224489795918366,0.0,195.0,-2.0,30.0,0.0,0.8909,0.8909,100.0,25.1738,0,3,1,0,0,200,0,0,0,0.95,1.0,0.961428571428572,0,9555,6,48.5884,0.0,0.0,0.0,1.5174,0.1183,0.6306
dqn_core_only,51,normal,True,,3,0.061224489795918366,0.0,185.0,-2.0,30.0,0.0,1.2913,1.2913,100.0,25.3117,0,3,1,0,0,200,0,0,0,0.95,1.0,0.961428571428572,0,9065,0,47.085,0.0,0.0,0.0,1.4063,0.1347,0.5698
dqn_core_only,52,normal,True,,3,0.061224489795918366,0.0,200.0,-2.0,30.0,0.0,1.2612,1.2612,100.0,25.5303,0,3,1,0,0,200,0,0,0,0.95,1.0,0.961428571428572,0,9800,7,50.1764,0.0,0.0,0.0,1.4336,0.1162,0.5917
dqn_core_only,53,normal,True,,3,0.061224489795918366,0.0,200.0,-2.0,30.0,0.0,1.2068,1.2068,100.0,23.7278,0,3,1,0,0,200,0,0,0,0.95,1.0,0.961428571428572,0,9800,4,48.2758,0.0,0.0,0.0,1.567,0.1165,0.6609
dqn_core_only,54,normal,True,,3,0.061224489795918366,0.0,199.0,-2.0,30.0,0.0,0.8751,0.8751,100.0,23.838,0,3,1,0,0,200,0,0,0,0.95,1.0,0.961428571428572,0,9751,2,47.1167,0.0,0.0,0.0,1.4657,0.1197,0.6098
dqn_core_only,55,normal,True,,3,0.061224489795918366,0.0,200.0,-2.0,30.0,0.0,0.7062,0.7062,100.00000000000001,23.3127,0,3,1,0,0,200,0,0,0,0.95,1.0,0.961428571428572,0,9800,14,49.1407,0.0,0.0,0.0,1.3198,0.1045,0.5424
dqn_core_only,56,normal,True,,3,0.061224489795918366,0.0,194.0,-2.0,30.0,0.0,0.8082,0.8082,100.00000000000001,24.4417,0,3,1,0,0,200,0,0,0,0.95,1.0,0.961428571428572,0,9506,2,47.0113,0.0,0.0,0.0,1.3045,0.1321,0.5219
dqn_core_only,57,normal,True,,3,0.061224489795918366,0.0,200.0,-2.0,30.0,0.0,1.0423,1.0423,100.0,23.4153,0,3,1,0,0,200,0,0,0,0.95,1.0,0.961428571428572,0,9800,3,48.281,0.0,0.0,0.0,1.3297,0.1237,0.5373
dqn_core_only,58,normal,True,,3,0.061224489795918366,0.0,200.0,-2.0,30.0,0.0,1.402,1.402,100.0,23.5994,0,3,1,0,0,200,0,0,0,0.95,1.0,0.961428571428572,0,9800,16,50.0742,0.0,0.0,0.0,1.3508,0.1115,0.5525
dqn_core_only,59,normal,True,,3,0.061224489795918366,0.0,198.0,-2.0,30.0,0.0,0.7294,0.7294,100.0,23.3128,0,3,1,0,0,200,0,0,0,0.0,1.0,0.9420408163265311,138,9702,5,47.6984,0.0,0.0,0.0,1.3601,0.1226,0.5571
dqn_core_only,60,normal,True,,3,0.061224489795918366,0.0,200.0,-2.0,30.0,0.0,0.9056,0.9056,100.0,23.5794,0,3,1,0,0,200,0,0,0,0.95,1.0,0.961428571428572,0,9800,10,49.5281,0.0,0.0,0.0,1.4584,0.1182,0.6033
dqn_core_only,61,normal,True,,3,0.061224489795918366,0.0,197.0,-2.0,30.0,0.0,0.7925,0.7925,100.0,24.9204,0,3,1,0,0,200,0,0,0,0.95,1.0,0.961428571428572,0,9653,5,50.8345,0.0,0.0,0.0,1.2571,0.133,0.506
dqn_core_only,62,normal,True,,3,0.061224489795918366,0.0,200.0,-2.0,30.0,0.0,1.1714,1.1714,100.0,21.2815,0,3,1,0,0,200,0,0,0,0.95,1.0,0.961428571428572,0,9800,6,50.0774,0.0,0.0,0.0,1.3794,0.1182,0.5609
dqn_core_only,63,normal,True,,3,0.061224489795918366,0.0,200.0,-2.0,30.0,0.0,1.2096,1.2096,100.0,24.4121,0,3,1,0,0,200,0,0,0,0.95,1.0,0.961428571428572,0,9800,5,50.6004,0.0,0.0,0.0,1.464,0.1171,0.6055
dqn_core_only,64,normal,True,,3,0.061224489795918366,0.0,200.0,-2.0,30.0,0.0,1.1381,1.1381,100.0,25.9645,0,3,1,0,0,200,0,0,0,0.95,1.0,0.961428571428572,0,9800,15,52.5161,0.0,0.0,0.0,1.2727,0.1286,0.5121
dqn_core_only,65,normal,True,,3,0.061224489795918366,0.0,200.0,-2.0,30.0,0.0,1.1927,1.1927,100.0,21.0138,0,3,1,0,0,200,0,0,0,0.95,1.0,0.961428571428572,0,9800,9,47.0281,0.0,0.0,0.0,1.3359,0.1069,0.5448
dqn_core_only,66,normal,True,,3,0.061224489795918366,0.0,200.0,-2.0,30.0,0.0,0.7152,0.7152,100.00000000000001,24.9242,0,3,1,0,0,200,0,0,0,0.95,1.0,0.961428571428572,0,9800,2,47.6156,0.0,0.0,0.0,1.4474,0.1194,0.6029
dqn_core_only,67,normal,True,,3,0.061224489795918366,0.0,198.0,-2.0,30.0,0.0,1.2891,1.2891,99.99999999999999,23.181,0,3,1,0,0,200,0,0,0,0.95,1.0,0.961428571428572,0,9702,0,45.8248,0.0,0.0,0.0,1.4437,0.1269,0.5992
dqn_core_only,68,normal,True,,3,0.061224489795918366,0.0,200.0,-2.0,30.0,0.0,1.2358,1.2358,100.0,24.6259,0,3,1,0,0,200,0,0,0,0.95,1.0,0.961428571428572,0,9800,3,49.8661,0.0,0.0,0.0,1.4749,0.1259,0.6107
dqn_core_only,69,normal,True,,3,0.061224489795918366,0.0,187.0,-2.0,30.0,0.0,0.6171,0.6171,100.0,22.6513,0,3,1,0,0,200,0,0,0,0.95,1.0,0.961428571428572,0,9163,0,47.3129,0.0,0.0,0.0,1.433,0.1274,0.5903
dqn_core_only,70,normal,True,,3,0.061224489795918366,0.0,189.0,-2.0,30.0,0.0,0.8198,0.8198,100.00000000000001,24.4675,0,3,1,0,0,200,0,0,0,0.95,1.0,0.961428571428572,0,9261,3,47.2731,0.0,0.0,0.0,1.3044,0.1186,0.5256
dqn_core_only,71,normal,True,,3,0.061224489795918366,0.0,200.0,-2.0,30.0,0.0,0.7926,0.7926,99.99999999999999,24.7218,0,3,1,0,0,200,0,0,0,0.95,1.0,0.961428571428572,0,9800,1,47.3489,0.0,0.0,0.0,1.4282,0.1266,0.5877
dqn_core_only,72,normal,True,,3,0.061224489795918366,0.0,200.0,-2.0,30.0,0.0,0.9126,0.9126,100.0,21.2985,0,3,1,0,0,200,0,0,0,0.95,1.0,0.961428571428572,0,9800,3,46.319,0.0,0.0,0.0,1.384,0.1151,0.568
dqn_core_only,73,normal,True,,3,0.061224489795918366,0.0,200.0,-2.0,30.0,0.0,0.6601,0.6601,100.00000000000001,23.7909,0,3,1,0,0,200,0,0,0,0.95,1.0,0.961428571428572,0,9800,0,48.9011,0.0,0.0,0.0,1.3678,0.114,0.5623
dqn_core_only,74,normal,True,,3,0.061224489795918366,0.0,197.0,-2.0,30.0,0.0,1.1695,1.1695,100.0,24.4749,0,3,1,0,0,200,0,0,0,0.95,1.0,0.961428571428572,0,9653,1,47.5514,0.0,0.0,0.0,1.6272,0.1334,0.6812
dqn_core_only,75,normal,True,,3,0.061224489795918366,0.0,200.0,-2.0,30.0,0.0,0.3168,0.3168,100.0,22.4086,0,3,1,0,0,200,0,0,0,0.95,1.0,0.961428571428572,0,9800,4,47.4234,0.0,0.0,0.0,1.2296,0.1129,0.4945
dqn_core_only,76,normal,True,,3,0.061224489795918366,0.0,200.0,-2.0,30.0,0.0,1.0125,1.0125,100.0,23.1932,0,3,1,0,0,200,0,0,0,0.95,1.0,0.961428571428572,0,9800,14,50.3037,0.0,0.0,0.0,1.4941,0.11,0.6256
dqn_core_only,77,normal,True,,3,0.061224489795918366,0.0,200.0,-2.0,30.0,0.0,0.607,0.607,100.0,22.4846,0,3,1,0,0,200,0,0,0,0.95,1.0,0.961428571428572,0,9800,11,50.6662,0.0,0.0,0.0,1.454,0.1202,0.6031
dqn_core_only,78,normal,True,,3,0.061224489795918366,0.0,197.0,-2.0,30.0,0.0,0.8875,0.8875,100.0,23.7504,0,3,1,0,0,200,0,0,0,0.0,1.0,0.9420408163265311,147,9653,1,47.4397,0.0,0.0,0.0,1.2802,0.1352,0.5126
dqn_core_only,79,normal,True,,3,0.061224489795918366,0.0,200.0,-2.0,30.0,0.0,1.3205,1.3205,100.0,23.6365,0,3,1,0,0,200,0,0,0,0.95,1.0,0.961428571428572,0,9800,18,49.895,0.0,0.0,0.0,1.3932,0.1157,0.5741
dqn_core_only,80,normal,True,,3,0.061224489795918366,0.0,200.0,-2.0,30.0,0.0,1.5432,1.5432,100.0,24.9697,0,3,1,0,0,200,0,0,0,0.95,1.0,0.961428571428572,0,9800,11,51.0618,0.0,0.0,0.0,1.4226,0.1075,0.5973
dqn_core_only,81,normal,True,,3,0.061224489795918366,0.0,185.0,-2.0,30.0,0.0,1.3576,1.3576,100.0,25.297,0,3,1,0,0,200,0,0,0,0.95,1.0,0.961428571428572,0,9065,0,45.7711,0.0,0.0,0.0,1.4463,0.1125,0.602
dqn_core_only,82,normal,True,,3,0.061224489795918366,0.0,200.0,-2.0,30.0,0.0,1.0253,1.0253,100.0,22.9699,0,3,1,0,0,200,0,0,0,0.95,1.0,0.961428571428572,0,9800,10,50.1315,0.0,0.0,0.0,1.3636,0.1098,0.5592
dqn_core_only,83,normal,True,,3,0.061224489795918366,0.0,200.0,-2.0,30.0,0.0,1.6028,1.6028,100.0,23.1421,0,3,1,0,0,200,0,0,0,0.95,1.0,0.961428571428572,0,9800,4,49.8964,0.0,0.0,0.0,1.4634,0.1076,0.6094
dqn_core_only,84,normal,True,,3,0.061224489795918366,0.0,188.0,-2.0,30.0,0.0,0.8923,0.8923,99.99999999999999,23.2835,0,3,1,0,0,200,0,0,0,0.95,1.0,0.961428571428572,0,9212,0,47.1876,0.0,0.0,0.0,1.4687,0.1423,0.5964
dqn_core_only,85,normal,True,,3,0.061224489795918366,0.0,186.0,-2.0,30.0,0.0,1.1545,1.1545,100.0,26.2473,0,3,1,0,0,200,0,0,0,0.95,1.0,0.961428571428572,0,9114,0,46.0706,0.0,0.0,0.0,1.3588,0.1287,0.555
dqn_core_only,86,normal,True,,3,0.061224489795918366,0.0,200.0,-2.0,30.0,0.0,1.1219,1.1219,100.0,22.8948,0,3,1,0,0,200,0,0,0,0.95,1.0,0.961428571428572,0,9800,6,48.7865,0.0,0.0,0.0,1.6541,0.124,0.6907
dqn_core_only,87,normal,True,,3,0.061224489795918366,0.0,200.0,-2.0,30.0,0.0,1.509,1.509,100.0,24.5552,0,3,1,0,0,200,0,0,0,0.95,1.0,0.961428571428572,0,9800,8,50.6894,0.0,0.0,0.0,1.6757,0.1337,0.6826
dqn_core_only,88,normal,True,,3,0.061224489795918366,0.0,195.0,-2.0,30.0,0.0,0.9009,0.9009,100.0,24.267,0,3,1,0,0,200,0,0,0,0.95,1.0,0.961428571428572,0,9555,1,48.5564,0.0,0.0,0.0,1.436,0.1212,0.5967
dqn_core_only,89,normal,True,,3,0.061224489795918366,0.0,200.0,-2.0,30.0,0.0,1.2072,1.2072,100.0,22.2695,0,3,1,0,0,200,0,0,0,0.95,1.0,0.961428571428572,0,9800,0,46.3994,0.0,0.0,0.0,1.3961,0.1247,0.5685
dqn_core_only,90,normal,True,,3,0.061224489795918366,0.0,200.0,-2.0,30.0,0.0,1.371,1.371,100.00000000000001,25.6438,0,3,1,0,0,200,0,0,0,0.95,1.0,0.961428571428572,0,9800,8,50.3654,0.0,0.0,0.0,1.2906,0.1293,0.5175
dqn_core_only,91,normal,True,,3,0.061224489795918366,0.0,200.0,-2.0,30.0,0.0,0.2948,0.2948,100.0,22.7684,0,3,1,0,0,200,0,0,0,0.95,1.0,0.961428571428572,0,9800,16,50.8147,0.0,0.0,0.0,1.4329,0.1145,0.5938
dqn_core_only,92,normal,True,,3,0.061224489795918366,0.0,200.0,-2.0,30.0,0.0,0.6264,0.6264,100.0,23.1237,0,3,1,0,0,200,0,0,0,0.95,1.0,0.961428571428572,0,9800,1,48.256,0.0,0.0,0.0,1.3006,0.1124,0.5295
dqn_core_only,93,normal,True,,3,0.061224489795918366,0.0,184.0,-2.0,30.0,0.0,1.1676,1.1676,100.0,26.2487,0,3,1,0,0,200,0,0,0,0.95,1.0,0.961428571428572,0,9016,2,47.239,0.0,0.0,0.0,1.4131,0.1051,0.5836
dqn_core_only,94,normal,True,,3,0.061224489795918366,0.0,200.0,-2.0,30.0,0.0,0.4651,0.4651,100.0,23.1812,0,3,1,0,0,200,0,0,0,0.95,1.0,0.961428571428572,0,9800,28,51.381,0.0,0.0,0.0,1.421,0.1095,0.5808
dqn_core_only,95,normal,True,,3,0.061224489795918366,0.0,200.0,-2.0,30.0,0.0,1.6047,1.6047,100.0,24.9961,0,3,1,0,0,200,0,0,0,0.95,1.0,0.961428571428572,0,9800,3,48.732,0.0,0.0,0.0,1.3769,0.1179,0.5641
dqn_core_only,96,normal,True,,3,0.061224489795918366,0.0,188.0,-2.0,30.0,0.0,1.4552,1.4552,100.0,25.0825,0,3,1,0,0,200,0,0,0,0.95,1.0,0.961428571428572,0,9212,0,46.1539,0.0,0.0,0.0,1.2946,0.1099,0.5252
dqn_core_only,97,normal,True,,3,0.061224489795918366,0.0,200.0,-2.0,30.0,0.0,1.3939,1.3939,100.0,21.5238,0,3,1,0,0,200,0,0,0,0.95,1.0,0.961428571428572,0,9800,35,51.1172,0.0,0.0,0.0,1.4447,0.1283,0.5998
dqn_core_only,98,normal,True,,3,0.061224489795918366,0.0,200.0,-2.0,30.0,0.0,1.4066,1.4066,100.0,24.0971,0,3,1,0,0,200,0,0,0,0.95,1.0,0.961428571428572,0,9800,0,48.9619,0.0,0.0,0.0,1.403,0.1257,0.5686
dqn_core_only,99,normal,True,,3,0.061224489795918366,0.0,200.0,-2.0,30.0,0.0,0.8419,0.8419,100.0,23.1751,0,3,1,0,0,200,0,0,0,0.95,1.0,0.961428571428572,0,9800,2,47.5378,0.0,0.0,0.0,1.3617,0.1056,0.554
full_stack,0,normal,True,,3,0.061224489795918366,0.0,199.0,-2.0,30.0,0.0,1.1336,1.1336,100.0,22.4927,0,3,1,0,0,200,0,0,0,0.95,1.0,0.961428571428572,0,9751,0,46.6306,0.0,0.0,0.0,1.737,0.1101,0.6778
full_stack,1,normal,True,,3,0.061224489795918366,0.0,198.0,-2.0,30.0,0.0,0.7504,0.7504,100.0,23.1433,0,3,1,0,0,200,0,0,0,0.95,1.0,0.961428571428572,0,9702,5,46.6815,0.0,0.0,0.0,1.7495,0.1475,0.6676
full_stack,2,normal,True,,3,0.061224489795918366,0.0,195.0,-2.0,30.0,0.0,1.8762,1.8762,100.0,24.0293,0,3,1,0,0,200,0,0,0,0.0,1.0,0.9420408163265311,181,9555,0,45.3831,0.0,0.0,0.0,1.5438,0.1098,0.5918
full_stack,3,normal,True,,3,0.061224489795918366,0.0,193.0,-2.0,30.0,0.0,0.8582,0.8582,100.00000000000001,23.9708,0,3,1,0,0,200,0,0,0,0.95,1.0,0.961428571428572,0,9457,0,46.9146,0.0,0.0,0.0,1.4943,0.1091,0.5717
full_stack,4,normal,True,,3,0.061224489795918366,0.0,200.0,-2.0,30.0,0.0,0.6665,0.6665,100.0,23.0639,0,3,1,0,0,200,0,0,0,0.0,1.0,0.9420408163265311,156,9800,14,50.4309,0.0,0.0,0.0,1.847,0.1374,0.722
full_stack,5,normal,True,,3,0.061224489795918366,0.0,190.0,-2.0,30.0,0.0,0.688,0.688,100.0,22.6264,0,3,1,0,0,200,0,0,0,0.95,1.0,0.961428571428572,0,9310,0,45.0856,0.0,0.0,0.0,1.3974,0.1139,0.5257
full_stack,6,normal,True,,3,0.061224489795918366,0.0,200.0,-2.0,30.0,0.0,1.5768,1.5768,100.0,25.2729,0,3,1,0,0,200,0,0,0,0.0,1.0,0.9420408163265311,49,9800,6,49.1206,0.0,0.0,0.0,1.5135,0.119,0.5736
full_stack,7,normal,True,,3,0.061224489795918366,0.0,200.0,-2.0,30.0,0.0,0.7101,0.7101,100.0,21.9139,0,3,1,0,0,200,0,0,0,0.0,1.0,0.9420408163265311,58,9800,7,48.079,0.0,0.0,0.0,1.5938,0.1068,0.6149
full_stack,8,normal,True,,3,0.061224489795918366,0.0,200.0,-2.0,30.0,0.0,1.141,1.141,100.0,21.9436,0,3,1,0,0,200,0,0,0,0.0,1.0,0.9420408163265311,184,9800,0,46.0081,0.0,0.0,0.0,1.6526,0.116,0.6505
full_stack,9,normal,True,,3,0.061224489795918366,0.0,200.0,-2.0,30.0,0.0,1.356,1.356,100.0,25.0892,0,3,1,0,0,200,0,0,0,0.95,1.0,0.961428571428572,0,9800,15,50.4923,0.0,0.0,0.0,1.5385,0.1192,0.5934
full_stack,10,normal,True,,3,0.061224489795918366,0.0,200.0,-2.0,30.0,0.0,0.714,0.714,100.0,22.846,0,3,1,0,0,200,0,0,0,0.95,1.0,0.961428571428572,0,9800,5,50.5537,0.0,0.0,0.0,1.5749,0.1085,0.6089
full_stack,11,normal,True,,3,0.061224489795918366,0.0,200.0,-2.0,30.0,0.0,0.4092,0.4092,100.0,22.0113,0,3,1,0,0,200,0,0,0,0.95,1.0,0.961428571428572,0,9800,27,50.2537,0.0,0.0,0.0,1.5449,0.1126,0.5937
full_stack,12,normal,True,,3,0.061224489795918366,0.0,200.0,-2.0,30.0,0.0,0.7276,0.7276,100.00000000000001,22.4484,0,3,1,0,0,200,0,0,0,0.95,1.0,0.961428571428572,0,9800,3,48.7965,0.0,0.0,0.0,1.7236,0.1161,0.6784
full_stack,13,normal,True,,3,0.061224489795918366,0.0,200.0,-2.0,30.0,0.0,0.8798,0.8798,100.0,22.5757,0,3,1,0,0,200,0,0,0,0.95,1.0,0.961428571428572,0,9800,10,48.8933,0.0,0.0,0.0,1.6385,0.1087,0.6301
full_stack,14,normal,True,,3,0.061224489795918366,0.0,200.0,-2.0,30.0,0.0,0.5366,0.5366,100.0,21.6272,0,3,1,0,0,200,0,0,0,0.95,1.0,0.961428571428572,0,9800,0,47.8118,0.0,0.0,0.0,1.5246,0.1051,0.5756
full_stack,15,normal,True,,3,0.061224489795918366,0.0,200.0,-2.0,30.0,0.0,0.6703,0.6703,100.0,23.0195,0,3,1,0,0,200,0,0,0,0.95,1.0,0.961428571428572,0,9800,8,47.5828,0.0,0.0,0.0,1.5372,0.1081,0.5897
full_stack,16,normal,True,,3,0.061224489795918366,0.0,200.0,-2.0,30.0,0.0,1.075,1.075,100.0,24.2934,0,3,1,0,0,200,0,0,0,0.95,1.0,0.961428571428572,0,9800,22,51.1082,0.0,0.0,0.0,1.6643,0.1142,0.6543
full_stack,17,normal,True,,3,0.061224489795918366,0.0,200.0,-2.0,30.0,0.0,1.1647,1.1647,100.0,23.6578,0,3,1,0,0,200,0,0,0,0.95,1.0,0.961428571428572,0,9800,4,48.2963,0.0,0.0,0.0,1.7117,0.1316,0.6695
full_stack,18,normal,True,,3,0.061224489795918366,0.0,194.0,-2.0,30.0,0.0,0.9428,0.9428,100.0,26.4386,0,3,1,0,0,200,0,0,0,0.95,1.0,0.961428571428572,0,9506,7,49.8722,0.0,0.0,0.0,1.5395,0.1416,0.5786
full_stack,19,normal,True,,3,0.061224489795918366,0.0,200.0,-2.0,30.0,0.0,1.394,1.394,99.99999999999999,23.2427,0,3,1,0,0,200,0,0,0,0.95,1.0,0.961428571428572,0,9800,5,48.1401,0.0,0.0,0.0,1.7502,0.1303,0.6821
full_stack,20,normal,True,,3,0.061224489795918366,0.0,196.0,-2.0,30.0,0.0,1.0015,1.0015,100.0,24.7965,0,3,1,0,0,200,0,0,0,0.95,1.0,0.961428571428572,0,9604,0,47.657,0.0,0.0,0.0,1.6214,0.1035,0.6282
full_stack,21,normal,True,,3,0.061224489795918366,0.0,196.0,-2.0,30.0,0.0,1.1154,1.1154,100.0,23.4351,0,3,1,0,0,200,0,0,0,0.95,1.0,0.961428571428572,0,9604,0,46.4005,0.0,0.0,0.0,1.5951,0.1128,0.6121
full_stack,22,normal,True,,3,0.061224489795918366,0.0,196.0,-2.0,30.0,0.0,1.0244,1.0244,100.0,24.1606,0,3,1,0,0,200,0,0,0,0.95,1.0,0.961428571428572,0,9604,6,49.0843,0.0,0.0,0.0,1.9064,0.1283,0.7654
full_stack,23,normal,True,,3,0.061224489795918366,0.0,200.0,-2.0,30.0,0.0,0.5142,0.5142,100.0,22.0313,0,3,1,0,0,200,0,0,0,0.0,1.0,0.9420408163265311,121,9800,1,46.6135,0.0,0.0,0.0,1.762,0.1391,0.684
full_stack,24,normal,True,,3,0.061224489795918366,0.0,200.0,-2.0,30.0,0.0,1.0435,1.0435,100.0,23.3522,0,3,1,0,0,200,0,0,0,0.95,1.0,0.961428571428572,0,9800,8,47.3819,0.0,0.0,0.0,1.3923,0.0996,0.516
full_stack,25,normal,True,,3,0.061224489795918366,0.0,200.0,-2.0,30.0,0.0,1.0792,1.0792,100.0,22.4021,0,3,1,0,0,200,0,0,0,0.95,1.0,0.961428571428572,0,9800,4,46.5566,0.0,0.0,0.0,1.6705,0.1319,0.6631
full_stack,26,normal,True,,3,0.061224489795918366,0.0,197.0,-2.0,30.0,0.0,1.0661,1.0661,100.0,25.3064,0,3,1,0,0,200,0,0,0,0.95,1.0,0.961428571428572,0,9653,8,49.838,0.0,0.0,0.0,1.4537,0.1183,0.56
full_stack,27,normal,True,,3,0.061224489795918366,0.0,200.0,-2.0,30.0,0.0,1.2929,1.2929,100.0,25.2621,0,3,1,0,0,200,0,0,0,0.95,1.0,0.961428571428572,0,9800,5,50.4282,0.0,0.0,0.0,1.5657,0.1096,0.6037
full_stack,28,normal,True,,3,0.061224489795918366,0.0,183.0,-2.0,30.0,0.0,1.126,1.126,100.0,26.1859,0,3,1,0,0,200,0,0,0,0.95,1.0,0.961428571428572,0,8967,0,47.389,0.0,0.0,0.0,1.6308,0.1244,0.6424
full_stack,29,normal,True,,3,0.061224489795918366,0.0,191.0,-2.0,30.0,0.0,0.8423,0.8423,99.99999999999999,23.9838,0,3,1,0,0,200,0,0,0,0.95,1.0,0.961428571428572,0,9359,4,48.1299,0.0,0.0,0.0,1.5889,0.1126,0.6134
full_stack,30,normal,True,,3,0.061224489795918366,0.0,197.0,-2.0,30.0,0.0,1.0065,1.0065,100.0,25.5188,0,3,1,0,0,200,0,0,0,0.95,1.0,0.961428571428572,0,9653,6,48.2507,0.0,0.0,0.0,1.6398,0.1237,0.646
full_stack,31,normal,True,,3,0.061224489795918366,0.0,198.0,-2.0,30.0,0.0,0.7938,0.7938,99.99999999999999,24.573,0,3,1,0,0,200,0,0,0,0.95,1.0,0.961428571428572,0,9702,4,47.1672,0.0,0.0,0.0,1.7476,0.1382,0.6805
full_stack,32,normal,True,,3,0.061224489795918366,0.0,198.0,-2.0,30.0,0.0,0.9846,0.9846,100.0,23.5502,0,3,1,0,0,200,0,0,0,0.95,1.0,0.961428571428572,0,9702,0,48.4662,0.0,0.0,0.0,1.6889,0.1273,0.6672
full_stack,33,normal,True,,3,0.061224489795918366,0.0,200.0,-2.0,30.0,0.0,0.7927,0.7927,100.0,23.3311,0,3,1,0,0,200,0,0,0,0.95,1.0,0.961428571428572,0,9800,3,48.7021,0.0,0.0,0.0,1.8792,0.1425,0.7382
full_stack,34,normal,True,,3,0.061224489795918366,0.0,200.0,-2.0,30.0,0.0,0.9592,0.9592,100.0,22.3862,0,3,1,0,0,200,0,0,0,0.95,1.0,0.961428571428572,0,9800,0,46.4368,0.0,0.0,0.0,1.5569,0.1011,0.5921
full_stack,35,normal,True,,3,0.061224489795918366,0.0,200.0,-2.0,30.0,0.0,0.7464,0.7464,100.0,22.6954,0,3,1,0,0,200,0,0,0,0.95,1.0,0.961428571428572,0,9800,5,49.1058,0.0,0.0,0.0,1.7222,0.1424,0.6786
full_stack,36,normal,True,,3,0.061224489795918366,0.0,187.0,-2.0,30.0,0.0,1.5012,1.5012,100.0,25.3831,0,3,1,0,0,200,0,0,0,0.0,1.0,0.9420408163265311,123,9163,1,47.6822,0.0,0.0,0.0,1.8269,0.1363,0.7237
full_stack,37,normal,True,,3,0.061224489795918366,0.0,198.0,-2.0,30.0,0.0,0.823,0.823,100.0,23.6489,0,3,1,0,0,200,0,0,0,0.95,1.0,0.961428571428572,0,9702,3,46.6599,0.0,0.0,0.0,1.5265,0.1243,0.5746
full_stack,38,normal,True,,3,0.061224489795918366,0.0,196.0,-2.0,30.0,0.0,0.6411,0.6411,100.0,25.3702,0,3,1,0,0,200,0,0,0,0.95,1.0,0.961428571428572,0,9604,6,49.5454,0.0,0.0,0.0,1.469,0.1229,0.5585
full_stack,39,normal,True,,3,0.061224489795918366,0.0,194.0,-2.0,30.0,0.0,0.5648,0.5648,100.0,24.3546,0,3,1,0,0,200,0,0,0,0.95,1.0,0.961428571428572,0,9506,3,47.937,0.0,0.0,0.0,1.5445,0.1089,0.5962
full_stack,40,normal,True,,3,0.061224489795918366,0.0,200.0,-2.0,30.0,0.0,0.7726,0.7726,100.0,24.5175,0,3,1,0,0,200,0,0,0,0.95,1.0,0.961428571428572,0,9800,10,49.0031,0.0,0.0,0.0,1.8119,0.1342,0.688
full_stack,41,normal,True,,3,0.061224489795918366,0.0,189.0,-2.0,30.0,0.0,0.8822,0.8822,100.0,24.4489,0,3,1,0,0,200,0,0,0,0.95,1.0,0.961428571428572,0,9261,0,46.6797,0.0,0.0,0.0,1.4712,0.1091,0.5523
full_stack,42,normal,True,,3,0.061224489795918366,0.0,200.0,-2.0,30.0,0.0,0.9513,0.9513,100.0,22.9371,0,3,1,0,0,200,0,0,0,0.95,1.0,0.961428571428572,0,9800,0,46.7206,0.0,0.0,0.0,1.4541,0.1261,0.5504
full_stack,43,normal,True,,3,0.061224489795918366,0.0,200.0,-2.0,30.0,0.0,0.9742,0.9742,100.0,25.7488,0,3,1,0,0,200,0,0,0,0.95,1.0,0.961428571428572,0,9800,8,50.5851,0.0,0.0,0.0,1.6343,0.1097,0.6316
full_stack,44,normal,True,,3,0.061224489795918366,0.0,200.0,-2.0,30.0,0.0,1.1332,1.1332,100.0,24.3049,0,3,1,0,0,200,0,0,0,0.95,1.0,0.961428571428572,0,9800,4,48.7712,0.0,0.0,0.0,1.3708,0.1292,0.5148
full_stack,45,normal,True,,3,0.061224489795918366,0.0,200.0,-2.0,30.0,0.0,1.3259,1.3259,100.0,23.9698,0,3,1,0,0,200,0,0,0,0.0,1.0,0.9420408163265311,130,9800,6,47.4198,0.0,0.0,0.0,1.4504,0.1079,0.55
full_stack,46,normal,True,,3,0.061224489795918366,0.0,197.0,-2.0,30.0,0.0,1.796,1.796,100.0,25.4984,0,3,1,0,0,200,0,0,0,0.95,1.0,0.961428571428572,0,9653,6,49.4713,0.0,0.0,0.0,1.5216,0.1182,0.576
full_stack,47,normal,True,,3,0.061224489795918366,0.0,194.0,-2.0,30.0,0.0,1.1629,1.1629,100.0,24.3987,0,3,1,0,0,200,0,0,0,0.95,1.0,0.961428571428572,0,9506,0,46.7094,0.0,0.0,0.0,1.4971,0.1318,0.5658
full_stack,48,normal,True,,3,0.061224489795918366,0.0,192.0,-2.0,30.0,0.0,1.0989,1.0989,100.0,24.8645,0,3,1,0,0,200,0,0,0,0.95,1.0,0.961428571428572,0,9408,5,47.8934,0.0,0.0,0.0,1.5632,0.1239,0.6009
full_stack,49,normal,True,,3,0.061224489795918366,0.0,200.0,-2.0,30.0,0.0,1.0472,1.0472,100.0,22.3348,0,3,1,0,0,200,0,0,0,0.95,1.0,0.961428571428572,0,9800,5,46.5783,0.0,0.0,0.0,1.5957,0.1187,0.6146
full_stack,50,normal,True,,3,0.061224489795918366,0.0,195.0,-2.0,30.0,0.0,0.8909,0.8909,100.0,25.1738,0,3,1,0,0,200,0,0,0,0.95,1.0,0.961428571428572,0,9555,6,48.5884,0.0,0.0,0.0,1.3883,0.1267,0.5237
full_stack,51,normal,True,,3,0.061224489795918366,0.0,185.0,-2.0,30.0,0.0,1.2913,1.2913,100.0,25.3117,0,3,1,0,0,200,0,0,0,0.95,1.0,0.961428571428572,0,9065,0,47.085,0.0,0.0,0.0,1.5318,0.1192,0.5925
full_stack,52,normal,True,,3,0.061224489795918366,0.0,200.0,-2.0,30.0,0.0,1.2612,1.2612,100.0,25.5303,0,3,1,0,0,200,0,0,0,0.95,1.0,0.961428571428572,0,9800,7,50.1764,0.0,0.0,0.0,1.643,0.1146,0.6408
full_stack,53,normal,True,,3,0.061224489795918366,0.0,200.0,-2.0,30.0,0.0,1.2068,1.2068,100.0,23.7278,0,3,1,0,0,200,0,0,0,0.95,1.0,0.961428571428572,0,9800,4,48.2758,0.0,0.0,0.0,1.4386,0.1195,0.5425
full_stack,54,normal,True,,3,0.061224489795918366,0.0,199.0,-2.0,30.0,0.0,0.8751,0.8751,100.0,23.838,0,3,1,0,0,200,0,0,0,0.95,1.0,0.961428571428572,0,9751,2,47.1167,0.0,0.0,0.0,1.6307,0.1274,0.637
full_stack,55,normal,True,,3,0.061224489795918366,0.0,200.0,-2.0,30.0,0.0,0.7062,0.7062,100.00000000000001,23.3127,0,3,1,0,0,200,0,0,0,0.95,1.0,0.961428571428572,0,9800,14,49.1407,0.0,0.0,0.0,1.3841,0.1277,0.5121
full_stack,56,normal,True,,3,0.061224489795918366,0.0,194.0,-2.0,30.0,0.0,0.8082,0.8082,100.00000000000001,24.4417,0,3,1,0,0,200,0,0,0,0.95,1.0,0.961428571428572,0,9506,2,47.0113,0.0,0.0,0.0,1.8135,0.119,0.7165
full_stack,57,normal,True,,3,0.061224489795918366,0.0,200.0,-2.0,30.0,0.0,1.0423,1.0423,100.0,23.4153,0,3,1,0,0,200,0,0,0,0.95,1.0,0.961428571428572,0,9800,3,48.281,0.0,0.0,0.0,1.6316,0.1205,0.6357
full_stack,58,normal,True,,3,0.061224489795918366,0.0,200.0,-2.0,30.0,0.0,1.402,1.402,100.0,23.5994,0,3,1,0,0,200,0,0,0,0.95,1.0,0.961428571428572,0,9800,16,50.0742,0.0,0.0,0.0,1.5687,0.1269,0.601
full_stack,59,normal,True,,3,0.061224489795918366,0.0,198.0,-2.0,30.0,0.0,0.7294,0.7294,100.0,23.3128,0,3,1,0,0,200,0,0,0,0.0,1.0,0.9420408163265311,138,9702,5,47.6984,0.0,0.0,0.0,1.6098,0.1141,0.6211
full_stack,60,normal,True,,3,0.061224489795918366,0.0,200.0,-2.0,30.0,0.0,0.9056,0.9056,100.0,23.5794,0,3,1,0,0,200,0,0,0,0.95,1.0,0.961428571428572,0,9800,10,49.5281,0.0,0.0,0.0,1.5864,0.1132,0.608
full_stack,61,normal,True,,3,0.061224489795918366,0.0,197.0,-2.0,30.0,0.0,0.7925,0.7925,100.0,24.9204,0,3,1,0,0,200,0,0,0,0.95,1.0,0.961428571428572,0,9653,5,50.8345,0.0,0.0,0.0,1.4026,0.1214,0.5321
full_stack,62,normal,True,,3,0.061224489795918366,0.0,200.0,-2.0,30.0,0.0,1.1714,1.1714,100.0,21.2815,0,3,1,0,0,200,0,0,0,0.95,1.0,0.961428571428572,0,9800,6,50.0774,0.0,0.0,0.0,1.5963,0.1166,0.6147
full_stack,63,normal,True,,3,0.061224489795918366,0.0,200.0,-2.0,30.0,0.0,1.2096,1.2096,100.0,24.4121,0,3,1,0,0,200,0,0,0,0.95,1.0,0.961428571428572,0,9800,5,50.6004,0.0,0.0,0.0,1.5124,0.1184,0.5733
full_stack,64,normal,True,,3,0.061224489795918366,0.0,200.0,-2.0,30.0,0.0,1.1381,1.1381,100.0,25.9645,0,3,1,0,0,200,0,0,0,0.95,1.0,0.961428571428572,0,9800,15,52.5161,0.0,0.0,0.0,1.4565,0.105,0.5499
full_stack,65,normal,True,,3,0.061224489795918366,0.0,200.0,-2.0,30.0,0.0,1.1927,1.1927,100.0,21.0138,0,3,1,0,0,200,0,0,0,0.95,1.0,0.961428571428572,0,9800,9,47.0281,0.0,0.0,0.0,1.5115,0.1085,0.5717
full_stack,66,normal,True,,3,0.061224489795918366,0.0,200.0,-2.0,30.0,0.0,0.7152,0.7152,100.00000000000001,24.9242,0,3,1,0,0,200,0,0,0,0.95,1.0,0.961428571428572,0,9800,2,47.6156,0.0,0.0,0.0,1.3263,0.1141,0.4802
full_stack,67,normal,True,,3,0.061224489795918366,0.0,198.0,-2.0,30.0,0.0,1.2891,1.2891,99.99999999999999,23.181,0,3,1,0,0,200,0,0,0,0.95,1.0,0.961428571428572,0,9702,0,45.8248,0.0,0.0,0.0,1.6531,0.1284,0.6478
full_stack,68,normal,True,,3,0.061224489795918366,0.0,200.0,-2.0,30.0,0.0,1.2358,1.2358,100.0,24.6259,0,3,1,0,0,200,0,0,0,0.95,1.0,0.961428571428572,0,9800,3,49.8661,0.0,0.0,0.0,1.7042,0.1537,0.648
full_stack,69,normal,True,,3,0.061224489795918366,0.0,187.0,-2.0,30.0,0.0,0.6171,0.6171,100.0,22.6513,0,3,1,0,0,200,0,0,0,0.95,1.0,0.961428571428572,0,9163,0,47.3129,0.0,0.0,0.0,1.3579,0.1075,0.5005
full_stack,70,normal,True,,3,0.061224489795918366,0.0,189.0,-2.0,30.0,0.0,0.8198,0.8198,100.00000000000001,24.4675,0,3,1,0,0,200,0,0,0,0.95,1.0,0.961428571428572,0,9261,3,47.2731,0.0,0.0,0.0,1.6218,0.1265,0.6219
full_stack,71,normal,True,,3,0.061224489795918366,0.0,200.0,-2.0,30.0,0.0,0.7926,0.7926,99.99999999999999,24.7218,0,3,1,0,0,200,0,0,0,0.95,1.0,0.961428571428572,0,9800,1,47.3489,0.0,0.0,0.0,1.6213,0.1221,0.6311
full_stack,72,normal,True,,3,0.061224489795918366,0.0,200.0,-2.0,30.0,0.0,0.9126,0.9126,100.0,21.2985,0,3,1,0,0,200,0,0,0,0.95,1.0,0.961428571428572,0,9800,3,46.319,0.0,0.0,0.0,1.4612,0.1228,0.5416
full_stack,73,normal,True,,3,0.061224489795918366,0.0,200.0,-2.0,30.0,0.0,0.6601,0.6601,100.00000000000001,23.7909,0,3,1,0,0,200,0,0,0,0.95,1.0,0.961428571428572,0,9800,0,48.9011,0.0,0.0,0.0,1.571,0.1205,0.6062
full_stack,74,normal,True,,3,0.061224489795918366,0.0,197.0,-2.0,30.0,0.0,1.1695,1.1695,100.0,24.4749,0,3,1,0,0,200,0,0,0,0.95,1.0,0.961428571428572,0,9653,1,47.5514,0.0,0.0,0.0,1.3847,0.1218,0.5182
full_stack,75,normal,True,,3,0.061224489795918366,0.0,200.0,-2.0,30.0,0.0,0.3168,0.3168,100.0,22.4086,0,3,1,0,0,200,0,0,0,0.95,1.0,0.961428571428572,0,9800,4,47.4234,0.0,0.0,0.0,1.4812,0.1164,0.5636
full_stack,76,normal,True,,3,0.061224489795918366,0.0,200.0,-2.0,30.0,0.0,1.0125,1.0125,100.0,23.1932,0,3,1,0,0,200,0,0,0,0.95,1.0,0.961428571428572,0,9800,14,50.3037,0.0,0.0,0.0,1.4625,0.117,0.5516
full_stack,77,normal,True,,3,0.061224489795918366,0.0,200.0,-2.0,30.0,0.0,0.607,0.607,100.0,22.4846,0,3,1,0,0,200,0,0,0,0.95,1.0,0.961428571428572,0,9800,11,50.6662,0.0,0.0,0.0,1.4213,0.1084,0.5251
full_stack,78,normal,True,,3,0.061224489795918366,0.0,197.0,-2.0,30.0,0.0,0.8875,0.8875,100.0,23.7504,0,3,1,0,0,200,0,0,0,0.0,1.0,0.9420408163265311,147,9653,1,47.4397,0.0,0.0,0.0,1.5291,0.124,0.5822
full_stack,79,normal,True,,3,0.061224489795918366,0.0,200.0,-2.0,30.0,0.0,1.3205,1.3205,100.0,23.6365,0,3,1,0,0,200,0,0,0,0.95,1.0,0.961428571428572,0,9800,18,49.895,0.0,0.0,0.0,1.5373,0.1115,0.5873
full_stack,80,normal,True,,3,0.061224489795918366,0.0,200.0,-2.0,30.0,0.0,1.5432,1.5432,100.0,24.9697,0,3,1,0,0,200,0,0,0,0.95,1.0,0.961428571428572,0,9800,11,51.0618,0.0,0.0,0.0,1.5474,0.1161,0.591
full_stack,81,normal,True,,3,0.061224489795918366,0.0,185.0,-2.0,30.0,0.0,1.3576,1.3576,100.0,25.297,0,3,1,0,0,200,0,0,0,0.95,1.0,0.961428571428572,0,9065,0,45.7711,0.0,0.0,0.0,1.4867,0.1175,0.565
full_stack,82,normal,True,,3,0.061224489795918366,0.0,200.0,-2.0,30.0,0.0,1.0253,1.0253,100.0,22.9699,0,3,1,0,0,200,0,0,0,0.95,1.0,0.961428571428572,0,9800,10,50.1315,0.0,0.0,0.0,1.3737,0.1048,0.5091
full_stack,83,normal,True,,3,0.061224489795918366,0.0,200.0,-2.0,30.0,0.0,1.6028,1.6028,100.0,23.1421,0,3,1,0,0,200,0,0,0,0.95,1.0,0.961428571428572,0,9800,4,49.8964,0.0,0.0,0.0,1.5976,0.112,0.6142
full_stack,84,normal,True,,3,0.061224489795918366,0.0,188.0,-2.0,30.0,0.0,0.8923,0.8923,99.99999999999999,23.2835,0,3,1,0,0,200,0,0,0,0.95,1.0,0.961428571428572,0,9212,0,47.1876,0.0,0.0,0.0,1.5492,0.115,0.5944
full_stack,85,normal,True,,3,0.061224489795918366,0.0,186.0,-2.0,30.0,0.0,1.1545,1.1545,100.0,26.2473,0,3,1,0,0,200,0,0,0,0.95,1.0,0.961428571428572,0,9114,0,46.0706,0.0,0.0,0.0,1.4018,0.1249,0.5256
full_stack,86,normal,True,,3,0.061224489795918366,0.0,200.0,-2.0,30.0,0.0,1.1219,1.1219,100.0,22.8948,0,3,1,0,0,200,0,0,0,0.95,1.0,0.961428571428572,0,9800,6,48.7865,0.0,0.0,0.0,1.5403,0.1113,0.5892
full_stack,87,normal,True,,3,0.061224489795918366,0.0,200.0,-2.0,30.0,0.0,1.509,1.509,100.0,24.5552,0,3,1,0,0,200,0,0,0,0.95,1.0,0.961428571428572,0,9800,8,50.6894,0.0,0.0,0.0,1.4042,0.1142,0.5237
full_stack,88,normal,True,,3,0.061224489795918366,0.0,195.0,-2.0,30.0,0.0,0.9009,0.9009,100.0,24.267,0,3,1,0,0,200,0,0,0,0.95,1.0,0.961428571428572,0,9555,1,48.5564,0.0,0.0,0.0,1.6967,0.1199,0.6703
full_stack,89,normal,True,,3,0.061224489795918366,0.0,200.0,-2.0,30.0,0.0,1.2072,1.2072,100.0,22.2695,0,3,1,0,0,200,0,0,0,0.95,1.0,0.961428571428572,0,9800,0,46.3994,0.0,0.0,0.0,1.5596,0.1141,0.5914
full_stack,90,normal,True,,3,0.061224489795918366,0.0,200.0,-2.0,30.0,0.0,1.371,1.371,100.00000000000001,25.6438,0,3,1,0,0,200,0,0,0,0.95,1.0,0.961428571428572,0,9800,8,50.3654,0.0,0.0,0.0,1.4384,0.1071,0.5334
full_stack,91,normal,True,,3,0.061224489795918366,0.0,200.0,-2.0,30.0,0.0,0.2948,0.2948,100.0,22.7684,0,3,1,0,0,200,0,0,0,0.95,1.0,0.961428571428572,0,9800,16,50.8147,0.0,0.0,0.0,1.4411,0.1057,0.5384
full_stack,92,normal,True,,3,0.061224489795918366,0.0,200.0,-2.0,30.0,0.0,0.6264,0.6264,100.0,23.1237,0,3,1,0,0,200,0,0,0,0.95,1.0,0.961428571428572,0,9800,1,48.256,0.0,0.0,0.0,1.6687,0.1178,0.6544
full_stack,93,normal,True,,3,0.061224489795918366,0.0,184.0,-2.0,30.0,0.0,1.1676,1.1676,100.0,26.2487,0,3,1,0,0,200,0,0,0,0.95,1.0,0.961428571428572,0,9016,2,47.239,0.0,0.0,0.0,1.4563,0.1085,0.5516
full_stack,94,normal,True,,3,0.061224489795918366,0.0,200.0,-2.0,30.0,0.0,0.4651,0.4651,100.0,23.1812,0,3,1,0,0,200,0,0,0,0.95,1.0,0.961428571428572,0,9800,28,51.381,0.0,0.0,0.0,1.5104,0.1107,0.572
full_stack,95,normal,True,,3,0.061224489795918366,0.0,200.0,-2.0,30.0,0.0,1.6047,1.6047,100.0,24.9961,0,3,1,0,0,200,0,0,0,0.95,1.0,0.961428571428572,0,9800,3,48.732,0.0,0.0,0.0,1.5834,0.1122,0.6107
full_stack,96,normal,True,,3,0.061224489795918366,0.0,188.0,-2.0,30.0,0.0,1.4552,1.4552,100.0,25.0825,0,3,1,0,0,200,0,0,0,0.95,1.0,0.961428571428572,0,9212,0,46.1539,0.0,0.0,0.0,1.6585,0.1136,0.6463
full_stack,97,normal,True,,3,0.061224489795918366,0.0,200.0,-2.0,30.0,0.0,1.3939,1.3939,100.0,21.5238,0,3,1,0,0,200,0,0,0,0.95,1.0,0.961428571428572,0,9800,35,51.1172,0.0,0.0,0.0,1.699,0.1205,0.6654
full_stack,98,normal,True,,3,0.061224489795918366,0.0,200.0,-2.0,30.0,0.0,1.4066,1.4066,100.0,24.0971,0,3,1,0,0,200,0,0,0,0.95,1.0,0.961428571428572,0,9800,0,48.9619,0.0,0.0,0.0,1.5566,0.1238,0.6092
full_stack,99,normal,True,,3,0.061224489795918366,0.0,200.0,-2.0,30.0,0.0,0.8419,0.8419,100.0,23.1751,0,3,1,0,0,200,0,0,0,0.95,1.0,0.961428571428572,0,9800,2,47.5378,0.0,0.0,0.0,1.6011,0.1217,0.6239
