stress_level,controller_label,seed,valid,invalid_reason,n_faults,saifi,saidi,maifi,asai,ens,restoration_time_seconds,critical_load_total_mw,critical_load_restored_mw,critical_load_restored_pct,total_load_mw,successful_restoration_count,n_faults,number_of_islands,isolated_nodes,switching_operations,actions_taken,illegal_actions_attempted,load_shedding_events,battery_dispatch_events,minimum_voltage_pu,maximum_voltage_pu,average_voltage_pu,voltage_violation_count,frequency_deviation_count,line_overload_count,generation_mw,operating_cost_usd,outage_cost_usd,carbon_kg,runtime_s,controller_runtime_s,power_flow_runtime_s,stress_cumulative_unserved_energy,stress_max_unserved_load_mw,stress_cum_unserved_restoration_mw,stress_cum_feasible_restoration_mw,resilience_loss_area,resilience_time_to_50pct_restoration,resilience_time_to_90pct_restoration,stress_critical_load_total_mw,stress_critical_load_interrupted_mw,stress_critical_load_restored_mw,stress_critical_load_restored_pct,stress_restoration_rate,stress_n_faults,stress_n_restored
moderate,persistence,0,True,,5,0.10204081632653061,0.0,105.0,-4.0,50.0,0.0,1.3208,0.0,0.0,24.5853,0,5,1,23,0,0,0,0,0,0.0,1.0,0.513673469387755,2845,5145,0,36.6564,0.0,0.0,0.0,0.5541,0.0004,0.2084,1068.2344641141806,8.63061251781503,0.0,0.0,123.27272898176881,0,0,0.0,1.320831769476317,-1.320831769476317,100.0,0.0,4,0
moderate,persistence,1,True,,5,0.10204081632653061,0.0,115.0,-4.0,50.0,0.0,1.4543,1.4543,100.0,24.2637,0,5,1,18,0,0,0,0,0,0.0,1.0,0.6114285714285714,2663,5635,0,37.4376,0.0,0.0,0.0,0.5581,0.0003,0.2126,931.8381668860583,6.260536786341614,0.0,0.0,148.34648818844505,0,0,0.0,0.0,0.0,100.0,0.0,3,0
moderate,persistence,2,True,,5,0.10204081632653061,0.0,171.0,-4.0,50.0,0.0,1.2648,0.0,0.0,22.6656,0,5,1,25,0,0,0,0,0,0.0,1.0,0.4757142857142857,3560,8379,0,39.7145,0.0,0.0,0.0,0.5231,0.0004,0.1955,802.6813529262313,6.205298057419275,0.0,0.0,128.8546407225719,0,0,0.0,1.264780687862484,-1.264780687862484,100.0,0.0,4,0
moderate,persistence,3,True,,5,0.10204081632653061,0.0,112.0,-4.0,50.0,0.0,1.6933,0.0,0.0,25.4657,0,5,1,30,0,0,0,0,0,0.0,1.0,0.3783673469387755,2090,5488,0,38.6347,0.0,0.0,0.0,0.654,0.0004,0.245,1095.23013528558,12.685180291532221,0.0,0.0,85.8393432426565,0,0,0.0,1.6933241487716446,-1.6933241487716446,100.0,0.0,4,0
moderate,persistence,4,True,,5,0.10204081632653061,0.0,189.0,-4.0,50.0,0.0,1.2962,0.0,0.0,20.5585,0,5,1,33,0,0,0,0,0,0.0,1.0,0.31979591836734694,4870,9261,5,39.1837,0.0,0.0,0.0,0.5262,0.0005,0.1898,1415.7127632983943,9.301076398017697,0.0,0.0,151.70963188622412,0,0,0.0,1.2961832398497108,-1.2961832398497108,100.0,0.0,4,0
moderate,persistence,5,True,,5,0.10204081632653061,0.0,102.0,-4.0,50.0,0.0,1.0168,0.0,0.0,23.8655,0,5,1,25,0,0,0,0,0,0.0,1.0,0.4755102040816327,2425,4998,0,35.4193,0.0,0.0,0.0,0.569,0.0004,0.2176,833.6299756503613,9.512528769523573,0.0,0.0,87.13772411325589,0,0,0.0,1.016758201728665,-1.016758201728665,100.0,0.0,5,0
moderate,persistence,6,True,,5,0.10204081632653061,0.0,155.0,-4.0,50.0,0.0,1.689,0.0,0.0,24.5373,0,5,1,35,0,0,0,0,0,0.0,1.0,0.2808163265306122,3600,7595,0,38.2816,0.0,0.0,0.0,0.5314,0.0004,0.1989,1341.3806379520436,13.1146533924141,0.0,0.0,101.78105904254684,0,0,0.0,1.6890373349364805,-1.6890373349364805,100.0,0.0,4,0
moderate,persistence,7,True,,5,0.10204081632653061,0.0,122.0,-4.0,50.0,0.0,1.2384,1.2384,100.0,22.6279,0,5,1,15,0,0,0,0,0,0.0,1.0,0.669795918367347,2040,5978,0,37.7778,0.0,0.0,0.0,0.5601,0.0004,0.214,495.70518032560153,3.911037320570791,0.0,0.0,126.24519307661743,0,0,0.0,0.0,0.0,100.0,0.0,3,0
moderate,persistence,8,True,,5,0.10204081632653061,0.0,111.0,-4.0,50.0,0.0,1.3596,0.0,0.0,21.8121,0,5,1,30,0,0,0,0,0,0.0,1.0,0.37795918367346937,3475,5439,0,34.1147,0.0,0.0,0.0,0.4943,0.0003,0.1841,884.4545579103501,7.731818410802013,0.0,0.0,113.89153261472018,0,0,0.0,1.359644725692982,-1.359644725692982,100.0,0.0,4,0
moderate,persistence,9,True,,5,0.10204081632653061,0.0,171.0,-4.0,50.0,0.0,1.3991,0.0,0.0,22.7139,0,5,1,21,0,0,0,0,0,0.0,1.0,0.553469387755102,2514,8379,4,40.5547,0.0,0.0,0.0,0.5544,0.0004,0.2108,778.3163085564507,6.625329048676585,0.0,0.0,117.00036372348835,0,0,0.0,1.3990547807783378,-1.3990547807783378,100.0,0.0,4,0
moderate,persistence,10,True,,5,0.10204081632653061,0.0,117.0,-4.0,50.0,0.0,1.3331,1.3331,100.0,26.9769,0,5,1,20,0,0,0,0,0,0.0,1.0,0.5726530612244898,1365,5733,0,40.513,0.0,0.0,0.0,0.5814,0.0003,0.226,581.9150591527932,8.539831132864878,0.0,0.0,67.64128407215672,0,0,0.0,0.0,0.0,100.0,0.0,3,0
moderate,persistence,11,True,,5,0.10204081632653061,0.0,123.0,-4.0,50.0,0.0,1.1754,0.0,0.0,24.7972,0,5,1,17,0,0,0,0,0,0.0,1.0,0.6316326530612245,1620,6027,1,39.5349,0.0,0.0,0.0,0.5926,0.0003,0.2312,674.9583993523944,7.910758693596442,0.0,0.0,84.82157603274587,0,0,0.0,1.1754103505180256,-1.1754103505180256,100.0,0.0,3,0
moderate,persistence,12,True,,5,0.10204081632653061,0.0,118.0,-4.0,50.0,0.0,0.6774,0.0,0.0,21.7779,0,5,1,30,0,0,0,0,0,0.0,1.0,0.37795918367346937,2490,5782,0,35.2277,0.0,0.0,0.0,0.5557,0.0004,0.2123,611.2041312649042,7.837735804800883,0.0,0.0,77.483278528057,0,0,0.0,0.6773668732459133,-0.6773668732459133,100.0,0.0,4,0
moderate,persistence,13,True,,5,0.10204081632653061,0.0,120.0,-4.0,50.0,0.0,1.3541,0.0,0.0,26.3629,0,5,1,17,0,0,0,0,0,0.0,1.0,0.6316326530612245,2239,5880,0,40.6733,0.0,0.0,0.0,0.6298,0.0003,0.2456,999.5656035556357,7.118997993380952,0.0,0.0,139.90818728773417,0,0,0.0,1.3541004910406444,-1.3541004910406444,100.0,0.0,3,0
moderate,persistence,14,True,,5,0.10204081632653061,0.0,140.0,-4.0,50.0,0.0,0.8669,0.0,0.0,23.0491,0,5,1,28,0,0,0,0,0,0.0,1.0,0.4173469387755102,1656,6860,0,39.7001,0.0,0.0,0.0,0.5827,0.0003,0.2262,786.3782337148195,9.742130405391341,0.0,0.0,80.23254888440844,0,0,0.0,0.8669156667337878,-0.8669156667337878,100.0,0.0,4,0
moderate,persistence,15,True,,5,0.10204081632653061,0.0,148.0,-4.0,50.0,0.0,1.0866,1.0866,100.0,22.0045,0,5,1,15,0,0,0,0,0,0.0,1.0,0.669795918367347,2055,7252,0,38.6858,0.0,0.0,0.0,0.5763,0.0003,0.2208,592.2679529722427,4.59595592364568,0.0,0.0,128.36719603316692,0,0,0.0,0.0,0.0,100.0,0.0,3,0
moderate,persistence,16,True,,5,0.10204081632653061,0.0,177.0,-4.0,50.0,0.0,1.3471,0.0,0.0,22.3145,0,5,1,38,0,0,0,0,0,0.0,1.0,0.22204081632653058,2504,8673,3,38.0554,0.0,0.0,0.0,0.5488,0.0003,0.2086,911.2978176451697,13.676794185407086,0.0,0.0,66.13494275619783,0,0,0.0,1.3471083234190944,-1.3471083234190944,100.0,0.0,5,0
moderate,persistence,17,True,,5,0.10204081632653061,0.0,140.0,-4.0,50.0,0.0,1.3953,0.0,0.0,23.4127,0,5,1,28,0,0,0,0,0,0.0,1.0,0.4173469387755102,3176,6860,0,37.1647,0.0,0.0,0.0,0.5314,0.0003,0.2006,1121.9870368715494,9.998203501106772,0.0,0.0,111.71886379361551,0,0,0.0,1.3952633203494293,-1.3952633203494293,100.0,0.0,4,0
moderate,persistence,18,True,,5,0.10204081632653061,0.0,135.0,-4.0,50.0,0.0,0.7935,0.0,0.0,23.0109,0,5,1,21,0,0,0,0,0,0.0,1.0,0.5538775510204081,2596,6615,0,38.4811,0.0,0.0,0.0,0.5459,0.0004,0.2065,937.647127711769,8.038037634400192,0.0,0.0,116.1512487698422,0,0,0.0,0.7935434286242689,-0.7935434286242689,100.0,0.0,4,0
moderate,persistence,19,True,,5,0.10204081632653061,0.0,128.0,-4.0,50.0,0.0,0.9436,0.0,0.0,24.0779,0,5,1,23,0,0,0,0,0,0.0,1.0,0.5146938775510204,2185,6272,0,37.0813,0.0,0.0,0.0,0.5827,0.0004,0.2232,964.2243173114867,9.38030193833913,0.0,0.0,102.29246058919622,0,0,0.0,0.9436391468691349,-0.9436391468691349,100.0,0.0,5,0
moderate,persistence,20,True,,5,0.10204081632653061,0.0,110.0,-4.0,50.0,0.0,1.5391,1.5391,100.0,24.9082,0,5,1,18,0,0,0,0,0,0.0,1.0,0.6114285714285714,1590,5390,0,39.1256,0.0,0.0,0.0,0.6381,0.0004,0.2468,622.1607997367504,7.774462141015818,0.0,0.0,79.52621769220667,0,0,0.0,0.0,0.0,100.0,0.0,3,0
moderate,persistence,21,True,,5,0.10204081632653061,0.0,109.0,-4.0,50.0,0.0,1.0794,0.0,0.0,22.1837,0,5,1,33,0,0,0,0,0,0.0,1.0,0.31979591836734694,3354,5341,0,34.562,0.0,0.0,0.0,0.549,0.0003,0.2054,1040.494199047688,10.535969814210574,0.0,0.0,98.25637624210952,0,0,0.0,1.0794149937940918,-1.0794149937940918,100.0,0.0,5,0
moderate,persistence,22,True,,5,0.10204081632653061,0.0,180.0,-4.0,50.0,0.0,1.1655,0.0,0.0,21.5499,0,5,1,35,0,0,0,0,0,0.0,1.0,0.2808163265306122,4325,8820,0,37.9855,0.0,0.0,0.0,0.5156,0.0004,0.1884,1104.6382587716876,10.530129456166259,0.0,0.0,104.40346845013379,0,0,0.0,1.1655419174320973,-1.1655419174320973,100.0,0.0,4,0
moderate,persistence,23,True,,5,0.10204081632653061,0.0,138.0,-4.0,50.0,0.0,0.8037,0.0,0.0,22.4502,0,5,1,32,0,0,0,0,0,0.0,1.0,0.33918367346938777,4086,6762,0,36.6909,0.0,0.0,0.0,0.4938,0.0004,0.1834,1163.2167568947127,10.183813870409535,0.0,0.0,113.72211478890009,0,0,0.0,0.8037450699700838,-0.8037450699700838,100.0,0.0,5,0
moderate,persistence,24,True,,5,0.10204081632653061,0.0,121.0,-4.0,50.0,0.0,0.7303,0.0,0.0,23.7904,0,5,1,33,0,0,0,0,0,0.0,1.0,0.3195918367346939,2977,5929,0,34.9075,0.0,0.0,0.0,0.5488,0.0005,0.2093,804.2833268718146,11.528146648194472,0.0,0.0,69.26692363622759,0,0,0.0,0.7303011468297756,-0.7303011468297756,100.0,0.0,5,0
moderate,persistence,25,True,,5,0.10204081632653061,0.0,123.0,-4.0,50.0,0.0,0.7921,0.7921,100.0,24.2158,0,5,1,23,0,0,0,0,0,0.0,1.0,0.5138775510204081,2573,6027,0,38.5899,0.0,0.0,0.0,0.5541,0.0004,0.2113,907.5682335222099,8.4728607403391,0.0,0.0,106.62103885654795,0,0,0.0,0.0,0.0,100.0,0.0,4,0
moderate,persistence,26,True,,5,0.10204081632653061,0.0,124.0,-4.0,50.0,0.0,0.7043,0.0,0.0,24.3043,0,5,1,23,0,0,0,0,0,0.0,1.0,0.513673469387755,2959,6076,0,38.5984,0.0,0.0,0.0,0.5486,0.0004,0.2071,1076.838686924415,8.174760158169457,0.0,0.0,131.22725145315422,0,0,0.0,0.7043038896315582,-0.7043038896315582,100.0,0.0,4,0
moderate,persistence,27,True,,5,0.10204081632653061,0.0,181.0,-4.0,50.0,0.0,1.3746,0.0,0.0,25.1895,0,5,1,25,0,0,0,0,0,0.0,1.0,0.4755102040816327,2880,8869,0,42.6958,0.0,0.0,0.0,0.5664,0.0004,0.2136,889.2860341037918,9.90696531335666,0.0,0.0,89.2810307501808,0,0,0.0,1.3745582059217742,-1.3745582059217742,100.0,0.0,4,0
moderate,persistence,28,True,,5,0.10204081632653061,0.0,108.0,-4.0,50.0,0.0,1.0838,0.0,0.0,23.9405,0,5,1,25,0,0,0,0,0,0.0,1.0,0.4755102040816327,3650,5292,0,38.0219,0.0,0.0,0.0,0.5177,0.0004,0.1928,1411.5514692957815,9.715846126992863,0.0,0.0,144.78390849736866,0,0,0.0,1.0837919774938536,-1.0837919774938536,100.0,0.0,3,0
moderate,persistence,29,True,,5,0.10204081632653061,0.0,155.0,-4.0,50.0,0.0,0.8303,0.0,0.0,20.8607,0,5,1,30,0,0,0,0,0,0.0,1.0,0.37857142857142856,2588,7595,0,38.2582,0.0,0.0,0.0,0.5652,0.0004,0.2151,867.5587131032303,8.391992709776353,0.0,0.0,102.88466191426916,0,0,0.0,0.8303193820152972,-0.8303193820152972,100.0,0.0,5,0
moderate,random,0,True,,5,0.10204081632653061,0.0,105.0,-4.0,50.0,0.0,1.3208,0.0,0.0,24.5853,0,5,1,23,0,200,0,0,0,0.0,1.0,0.513673469387755,2845,5145,0,36.6564,0.0,0.0,0.0,0.5361,0.001,0.2027,1068.2344641141806,8.63061251781503,0.0,0.0,123.27272898176881,0,0,0.0,1.320831769476317,-1.320831769476317,100.0,0.0,4,0
moderate,random,1,True,,5,0.10204081632653061,0.0,115.0,-4.0,50.0,0.0,1.4543,1.4543,100.0,24.2637,0,5,1,18,0,200,0,0,0,0.0,1.0,0.6114285714285714,2663,5635,0,37.4376,0.0,0.0,0.0,0.5492,0.001,0.2083,931.8381668860583,6.260536786341614,0.0,0.0,148.34648818844505,0,0,0.0,0.0,0.0,100.0,0.0,3,0
moderate,random,2,True,,5,0.10204081632653061,0.0,171.0,-4.0,50.0,0.0,1.2648,0.0,0.0,22.6656,0,5,1,25,0,200,0,0,0,0.0,1.0,0.4757142857142857,3560,8379,0,39.7145,0.0,0.0,0.0,0.5265,0.001,0.1971,802.6813529262313,6.205298057419275,0.0,0.0,128.8546407225719,0,0,0.0,1.264780687862484,-1.264780687862484,100.0,0.0,4,0
moderate,random,3,True,,5,0.10204081632653061,0.0,112.0,-4.0,50.0,0.0,1.6933,0.0,0.0,25.4657,0,5,1,30,0,200,0,0,0,0.0,1.0,0.3783673469387755,2090,5488,0,38.6347,0.0,0.0,0.0,0.5763,0.0011,0.2212,1095.23013528558,12.685180291532221,0.0,0.0,85.8393432426565,0,0,0.0,1.6933241487716446,-1.6933241487716446,100.0,0.0,4,0
moderate,random,4,True,,5,0.10204081632653061,0.0,189.0,-4.0,50.0,0.0,1.2962,0.0,0.0,20.5585,0,5,1,33,0,200,0,0,0,0.0,1.0,0.31979591836734694,4870,9261,5,39.1837,0.0,0.0,0.0,0.4974,0.0011,0.1814,1415.7127632983943,9.301076398017697,0.0,0.0,151.70963188622412,0,0,0.0,1.2961832398497108,-1.2961832398497108,100.0,0.0,4,0
moderate,random,5,True,,5,0.10204081632653061,0.0,102.0,-4.0,50.0,0.0,1.0168,0.0,0.0,23.8655,0,5,1,25,0,200,0,0,0,0.0,1.0,0.4755102040816327,2425,4998,0,35.4193,0.0,0.0,0.0,0.5638,0.001,0.2152,833.6299756503613,9.512528769523573,0.0,0.0,87.13772411325589,0,0,0.0,1.016758201728665,-1.016758201728665,100.0,0.0,5,0
moderate,random,6,True,,5,0.10204081632653061,0.0,155.0,-4.0,50.0,0.0,1.689,0.0,0.0,24.5373,0,5,1,35,0,200,0,0,0,0.0,1.0,0.2808163265306122,3600,7595,0,38.2816,0.0,0.0,0.0,0.5396,0.0011,0.2028,1341.3806379520436,13.1146533924141,0.0,0.0,101.78105904254684,0,0,0.0,1.6890373349364805,-1.6890373349364805,100.0,0.0,4,0
moderate,random,7,True,,5,0.10204081632653061,0.0,122.0,-4.0,50.0,0.0,1.2384,1.2384,100.0,22.6279,0,5,1,15,0,200,0,0,0,0.0,1.0,0.669795918367347,2040,5978,0,37.7778,0.0,0.0,0.0,0.5618,0.001,0.2161,495.70518032560153,3.911037320570791,0.0,0.0,126.24519307661743,0,0,0.0,0.0,0.0,100.0,0.0,3,0
moderate,random,8,True,,5,0.10204081632653061,0.0,111.0,-4.0,50.0,0.0,1.3596,0.0,0.0,21.8121,0,5,1,30,0,200,0,0,0,0.0,1.0,0.37795918367346937,3475,5439,0,34.1147,0.0,0.0,0.0,0.5258,0.0009,0.1954,884.4545579103501,7.731818410802013,0.0,0.0,113.89153261472018,0,0,0.0,1.359644725692982,-1.359644725692982,100.0,0.0,4,0
moderate,random,9,True,,5,0.10204081632653061,0.0,171.0,-4.0,50.0,0.0,1.3991,0.0,0.0,22.7139,0,5,1,21,0,200,0,0,0,0.0,1.0,0.553469387755102,2514,8379,4,40.5547,0.0,0.0,0.0,0.5884,0.001,0.222,778.3163085564507,6.625329048676585,0.0,0.0,117.00036372348835,0,0,0.0,1.3990547807783378,-1.3990547807783378,100.0,0.0,4,0
moderate,random,10,True,,5,0.10204081632653061,0.0,117.0,-4.0,50.0,0.0,1.3331,1.3331,100.0,26.9769,0,5,1,20,0,200,0,0,0,0.0,1.0,0.5726530612244898,1365,5733,0,40.513,0.0,0.0,0.0,0.6121,0.0011,0.2362,581.9150591527932,8.539831132864878,0.0,0.0,67.64128407215672,0,0,0.0,0.0,0.0,100.0,0.0,3,0
moderate,random,11,True,,5,0.10204081632653061,0.0,123.0,-4.0,50.0,0.0,1.1754,0.0,0.0,24.7972,0,5,1,17,0,200,0,0,0,0.0,1.0,0.6316326530612245,1620,6027,1,39.5349,0.0,0.0,0.0,0.5731,0.001,0.2219,674.9583993523944,7.910758693596442,0.0,0.0,84.82157603274587,0,0,0.0,1.1754103505180256,-1.1754103505180256,100.0,0.0,3,0
moderate,random,12,True,,5,0.10204081632653061,0.0,118.0,-4.0,50.0,0.0,0.6774,0.0,0.0,21.7779,0,5,1,30,0,200,0,0,0,0.0,1.0,0.37795918367346937,2490,5782,0,35.2277,0.0,0.0,0.0,0.551,0.0011,0.2092,611.2041312649042,7.837735804800883,0.0,0.0,77.483278528057,0,0,0.0,0.6773668732459133,-0.6773668732459133,100.0,0.0,4,0
moderate,random,13,True,,5,0.10204081632653061,0.0,120.0,-4.0,50.0,0.0,1.3541,0.0,0.0,26.3629,0,5,1,17,0,200,0,0,0,0.0,1.0,0.6316326530612245,2239,5880,0,40.6733,0.0,0.0,0.0,0.6316,0.0012,0.2413,999.5656035556357,7.118997993380952,0.0,0.0,139.90818728773417,0,0,0.0,1.3541004910406444,-1.3541004910406444,100.0,0.0,3,0
moderate,random,14,True,,5,0.10204081632653061,0.0,140.0,-4.0,50.0,0.0,0.8669,0.0,0.0,23.0491,0,5,1,28,0,200,0,0,0,0.0,1.0,0.4173469387755102,1656,6860,0,39.7001,0.0,0.0,0.0,0.6047,0.0012,0.23,786.3782337148195,9.742130405391341,0.0,0.0,80.23254888440844,0,0,0.0,0.8669156667337878,-0.8669156667337878,100.0,0.0,4,0
moderate,random,15,True,,5,0.10204081632653061,0.0,148.0,-4.0,50.0,0.0,1.0866,1.0866,100.0,22.0045,0,5,1,15,0,200,0,0,0,0.0,1.0,0.669795918367347,2055,7252,0,38.6858,0.0,0.0,0.0,0.6149,0.001,0.2366,592.2679529722427,4.59595592364568,0.0,0.0,128.36719603316692,0,0,0.0,0.0,0.0,100.0,0.0,3,0
moderate,random,16,True,,5,0.10204081632653061,0.0,177.0,-4.0,50.0,0.0,1.3471,0.0,0.0,22.3145,0,5,1,38,0,200,0,0,0,0.0,1.0,0.22204081632653058,2504,8673,3,38.0554,0.0,0.0,0.0,0.5565,0.0011,0.2121,911.2978176451697,13.676794185407086,0.0,0.0,66.13494275619783,0,0,0.0,1.3471083234190944,-1.3471083234190944,100.0,0.0,5,0
moderate,random,17,True,,5,0.10204081632653061,0.0,140.0,-4.0,50.0,0.0,1.3953,0.0,0.0,23.4127,0,5,1,28,0,200,0,0,0,0.0,1.0,0.4173469387755102,3176,6860,0,37.1647,0.0,0.0,0.0,0.642,0.0014,0.2419,1121.9870368715494,9.998203501106772,0.0,0.0,111.71886379361551,0,0,0.0,1.3952633203494293,-1.3952633203494293,100.0,0.0,4,0
moderate,random,18,True,,5,0.10204081632653061,0.0,135.0,-4.0,50.0,0.0,0.7935,0.0,0.0,23.0109,0,5,1,21,0,200,0,0,0,0.0,1.0,0.5538775510204081,2596,6615,0,38.4811,0.0,0.0,0.0,0.5233,0.001,0.1991,937.647127711769,8.038037634400192,0.0,0.0,116.1512487698422,0,0,0.0,0.7935434286242689,-0.7935434286242689,100.0,0.0,4,0
moderate,random,19,True,,5,0.10204081632653061,0.0,128.0,-4.0,50.0,0.0,0.9436,0.0,0.0,24.0779,0,5,1,23,0,200,0,0,0,0.0,1.0,0.5146938775510204,2185,6272,0,37.0813,0.0,0.0,0.0,0.5791,0.0011,0.2186,964.2243173114867,9.38030193833913,0.0,0.0,102.29246058919622,0,0,0.0,0.9436391468691349,-0.9436391468691349,100.0,0.0,5,0
moderate,random,20,True,,5,0.10204081632653061,0.0,110.0,-4.0,50.0,0.0,1.5391,1.5391,100.0,24.9082,0,5,1,18,0,200,0,0,0,0.0,1.0,0.6114285714285714,1590,5390,0,39.1256,0.0,0.0,0.0,0.5798,0.0009,0.2231,622.1607997367504,7.774462141015818,0.0,0.0,79.52621769220667,0,0,0.0,0.0,0.0,100.0,0.0,3,0
moderate,random,21,True,,5,0.10204081632653061,0.0,109.0,-4.0,50.0,0.0,1.0794,0.0,0.0,22.1837,0,5,1,33,0,200,0,0,0,0.0,1.0,0.31979591836734694,3354,5341,0,34.562,0.0,0.0,0.0,0.5081,0.0009,0.1902,1040.494199047688,10.535969814210574,0.0,0.0,98.25637624210952,0,0,0.0,1.0794149937940918,-1.0794149937940918,100.0,0.0,5,0
moderate,random,22,True,,5,0.10204081632653061,0.0,180.0,-4.0,50.0,0.0,1.1655,0.0,0.0,21.5499,0,5,1,35,0,200,0,0,0,0.0,1.0,0.2808163265306122,4325,8820,0,37.9855,0.0,0.0,0.0,0.4691,0.0009,0.1717,1104.6382587716876,10.530129456166259,0.0,0.0,104.40346845013379,0,0,0.0,1.1655419174320973,-1.1655419174320973,100.0,0.0,4,0
moderate,random,23,True,,5,0.10204081632653061,0.0,138.0,-4.0,50.0,0.0,0.8037,0.0,0.0,22.4502,0,5,1,32,0,200,0,0,0,0.0,1.0,0.33918367346938777,4086,6762,0,36.6909,0.0,0.0,0.0,0.4865,0.001,0.1799,1163.2167568947127,10.183813870409535,0.0,0.0,113.72211478890009,0,0,0.0,0.8037450699700838,-0.8037450699700838,100.0,0.0,5,0
moderate,random,24,True,,5,0.10204081632653061,0.0,121.0,-4.0,50.0,0.0,0.7303,0.0,0.0,23.7904,0,5,1,33,0,200,0,0,0,0.0,1.0,0.3195918367346939,2977,5929,0,34.9075,0.0,0.0,0.0,0.6143,0.0012,0.2301,804.2833268718146,11.528146648194472,0.0,0.0,69.26692363622759,0,0,0.0,0.7303011468297756,-0.7303011468297756,100.0,0.0,5,0
moderate,random,25,True,,5,0.10204081632653061,0.0,123.0,-4.0,50.0,0.0,0.7921,0.7921,100.0,24.2158,0,5,1,23,0,200,0,0,0,0.0,1.0,0.5138775510204081,2573,6027,0,38.5899,0.0,0.0,0.0,0.6039,0.0012,0.2298,907.5682335222099,8.4728607403391,0.0,0.0,106.62103885654795,0,0,0.0,0.0,0.0,100.0,0.0,4,0
moderate,random,26,True,,5,0.10204081632653061,0.0,124.0,-4.0,50.0,0.0,0.7043,0.0,0.0,24.3043,0,5,1,23,0,200,0,0,0,0.0,1.0,0.513673469387755,2959,6076,0,38.5984,0.0,0.0,0.0,0.6023,0.0013,0.2245,1076.838686924415,8.174760158169457,0.0,0.0,131.22725145315422,0,0,0.0,0.7043038896315582,-0.7043038896315582,100.0,0.0,4,0
moderate,random,27,True,,5,0.10204081632653061,0.0,181.0,-4.0,50.0,0.0,1.3746,0.0,0.0,25.1895,0,5,1,25,0,200,0,0,0,0.0,1.0,0.4755102040816327,2880,8869,0,42.6958,0.0,0.0,0.0,0.5706,0.0012,0.2158,889.2860341037918,9.90696531335666,0.0,0.0,89.2810307501808,0,0,0.0,1.3745582059217742,-1.3745582059217742,100.0,0.0,4,0
moderate,random,28,True,,5,0.10204081632653061,0.0,108.0,-4.0,50.0,0.0,1.0838,0.0,0.0,23.9405,0,5,1,25,0,200,0,0,0,0.0,1.0,0.4755102040816327,3650,5292,0,38.0219,0.0,0.0,0.0,0.6661,0.0016,0.2486,1411.5514692957815,9.715846126992863,0.0,0.0,144.78390849736866,0,0,0.0,1.0837919774938536,-1.0837919774938536,100.0,0.0,3,0
moderate,random,29,True,,5,0.10204081632653061,0.0,155.0,-4.0,50.0,0.0,0.8303,0.0,0.0,20.8607,0,5,1,30,0,200,0,0,0,0.0,1.0,0.37857142857142856,2588,7595,0,38.2582,0.0,0.0,0.0,0.6667,0.0015,0.2521,867.5587131032303,8.391992709776353,0.0,0.0,102.88466191426916,0,0,0.0,0.8303193820152972,-0.8303193820152972,100.0,0.0,5,0
moderate,rule_based,0,True,,5,0.10204081632653061,0.0,134.0,-4.0,50.0,0.0,1.1326,1.1326,100.0,20.3241,0,5,1,22,0,200,0,0,0,0.0,1.0,0.5330612244897959,2721,6566,0,36.9338,0.0,0.0,0.0,0.6415,0.0043,0.2091,616.1856832215975,4.564628822199227,0.0,9.538224245970264,134.49141052277747,0,0,0.0,1.320831769476317,-1.320831769476317,100.0,0.0,4,0
moderate,rule_based,1,True,,5,0.10204081632653061,0.0,149.0,-4.0,50.0,0.0,1.909,1.909,100.0,22.428,0,5,1,18,0,200,0,0,0,0.0,1.0,0.6114285714285714,2663,7301,0,37.6396,0.0,0.0,0.0,0.6328,0.0034,0.2114,649.631096831497,4.197097888143018,0.0,4.865709672473528,154.2810211114525,0,0,0.0,0.0,0.0,100.0,0.0,3,0
moderate,rule_based,2,True,,5,0.10204081632653061,0.0,175.0,-4.0,50.0,0.0,1.3425,0.0,0.0,21.3798,0,5,1,25,0,200,0,0,0,0.0,1.0,0.4757142857142857,3560,8575,0,39.3031,0.0,0.0,0.0,0.6894,0.004,0.2152,435.8071193628324,3.5917593788312745,0.0,9.680800066513118,120.83527705985703,0,0,0.0,1.3425132943536722,-1.3425132943536722,100.0,0.0,4,0
moderate,rule_based,3,True,,5,0.10204081632653061,0.0,137.0,-4.0,50.0,0.0,1.7033,0.0,0.0,17.3539,0,5,1,30,0,200,0,0,0,0.0,1.0,0.3783673469387755,2083,6713,0,41.0658,0.0,0.0,0.0,0.7046,0.0036,0.2265,664.8891591969126,5.5593210713717145,0.21463499151377263,11.287906756031518,119.10990659457876,0,0,0.0,1.7032579949510696,-1.7032579949510696,100.0,0.0,4,0
moderate,rule_based,4,True,,5,0.10204081632653061,0.0,191.0,-4.0,50.0,0.0,1.1882,0.0,0.0,12.5981,0,5,1,33,0,200,0,0,0,0.0,1.0,0.31979591836734694,4760,9359,0,41.8233,0.0,0.0,0.0,0.6343,0.0035,0.1962,360.79303401987295,2.4779921923696584,1.3429026263339612,17.952518599582643,145.09893898408643,0,0,0.0,1.1882196355848926,-1.1882196355848926,100.0,0.0,4,0
moderate,rule_based,5,True,,5,0.10204081632653061,0.0,128.0,-4.0,50.0,0.0,0.9944,0.0,0.0,18.9195,0,5,1,25,0,200,0,0,0,0.0,1.0,0.4755102040816327,2025,6272,0,37.9584,0.0,0.0,0.0,0.6814,0.0036,0.223,406.39439003495386,5.200817138762244,1.0422861134238408,8.224590657486937,77.66281511686825,0,0,0.0,0.9943778519608986,-0.9943778519608986,100.0,0.0,5,0
moderate,rule_based,6,True,,5,0.10204081632653061,0.0,183.0,-4.0,50.0,0.0,0.8934,0.0,0.0,15.9528,0,5,1,35,0,200,0,0,0,0.0,1.0,0.2808163265306122,3600,8967,0,40.5548,0.0,0.0,0.0,0.6136,0.0034,0.1946,703.9105356225639,5.706719760219135,0.5470352264308787,9.90525857718071,122.93550309134507,0,0,0.0,0.8933638739212236,-0.8933638739212236,100.0,0.0,4,0
moderate,rule_based,7,True,,5,0.10204081632653061,0.0,144.0,-4.0,50.0,0.0,1.6518,1.6518,100.0,19.9591,0,5,1,15,0,200,0,0,0,0.0,1.0,0.669795918367347,2040,7056,0,37.8165,0.0,0.0,0.0,0.6844,0.0035,0.2277,218.00433740932579,2.842584063111049,0.8154214683084007,7.87517491187549,76.523974070584,0,0,0.0,0.0,0.0,100.0,0.0,3,0
moderate,rule_based,8,True,,5,0.10204081632653061,0.0,169.0,-4.0,50.0,0.0,1.3305,0.0,0.0,17.9928,0,5,1,30,0,200,0,0,0,0.0,1.0,0.37795918367346937,2791,8281,0,34.9654,0.0,0.0,0.0,0.6583,0.0038,0.2065,308.06808320626965,2.4931579119166,1.0977636042841787,9.964772578828432,123.0654114542005,0,0,0.0,1.330477578802998,-1.330477578802998,100.0,0.0,4,0
moderate,rule_based,9,True,,5,0.10204081632653061,0.0,200.0,-4.0,50.0,0.0,1.3991,0.0,0.0,18.9935,0,5,1,21,0,200,0,0,0,0.0,1.0,0.553469387755102,2514,9800,4,40.5547,0.0,0.0,0.0,0.6733,0.0035,0.2167,398.0512360441017,2.904936738982427,0.0,3.7203923096941587,136.58164282931435,0,0,0.0,1.3990547807783378,-1.3990547807783378,100.0,0.0,4,0
moderate,rule_based,10,True,,5,0.10204081632653061,0.0,135.0,-4.0,50.0,0.0,0.9961,0.9961,100.0,22.2996,0,5,1,20,0,200,0,0,0,0.0,1.0,0.5726530612244898,1365,6615,0,40.5336,0.0,0.0,0.0,0.6659,0.0036,0.2337,397.9478036132388,6.337680871991711,0.0,7.616219199706806,62.41561537741762,0,0,0.0,0.0,0.0,100.0,0.0,3,0
moderate,rule_based,11,True,,5,0.10204081632653061,0.0,170.0,-4.0,50.0,0.0,1.1754,0.0,0.0,20.1278,0,5,1,17,0,200,0,0,0,0.0,1.0,0.6316326530612245,1620,8330,1,42.4887,0.0,0.0,0.0,0.6994,0.0037,0.2371,348.5700875218023,4.539060692945974,0.0,7.022747802772527,76.29344055996106,0,0,0.0,1.1754103505180256,-1.1754103505180256,100.0,0.0,3,0
moderate,rule_based,12,True,,5,0.10204081632653061,0.0,156.0,-4.0,50.0,0.0,0.8381,0.0,0.0,15.4683,0,5,1,30,0,200,0,0,0,0.0,1.0,0.37795918367346937,2490,7644,0,38.3813,0.0,0.0,0.0,0.6455,0.0033,0.2135,249.31961459443087,4.771695274681216,0.33284361460932477,15.450399462400972,52.0196638439616,0,0,0.0,0.8380684144095282,-0.8380684144095282,100.0,0.0,4,0
moderate,rule_based,13,True,,5,0.10204081632653061,0.0,170.0,-4.0,50.0,0.0,1.3541,0.0,0.0,24.2465,0,5,1,17,0,200,0,0,0,0.0,1.0,0.6316326530612245,2239,8330,0,42.9693,0.0,0.0,0.0,0.6379,0.0034,0.2137,732.120093190299,5.002515344419066,0.0,2.1164826489618873,145.85039430854917,0,0,0.0,1.3541004910406444,-1.3541004910406444,100.0,0.0,3,0
moderate,rule_based,14,True,,5,0.10204081632653061,0.0,155.0,-4.0,50.0,0.0,1.2677,0.0,0.0,17.4874,0,5,1,28,0,200,0,0,0,0.0,1.0,0.4173469387755102,1538,7595,0,40.6141,0.0,0.0,0.0,0.7145,0.0036,0.2421,597.2571068228893,4.963947826490027,0.0,7.402616280534058,119.81897346616665,0,0,0.0,1.267671750107794,-1.267671750107794,100.0,0.0,4,0
moderate,rule_based,15,True,,5,0.10204081632653061,0.0,155.0,-4.0,50.0,0.0,1.0492,1.0492,100.0,21.3768,0,5,1,15,0,200,0,0,0,0.0,1.0,0.669795918367347,2055,7595,0,38.0443,0.0,0.0,0.0,0.6959,0.0045,0.237,255.87259335164663,2.6862204870002078,2.4736244002545362,12.412734796579246,95.09520443458626,0,0,0.0,0.0,0.0,100.0,0.0,3,0
moderate,rule_based,16,True,,5,0.10204081632653061,0.0,188.0,-4.0,50.0,0.0,1.2154,0.0,0.0,12.4402,0,5,1,38,0,200,0,0,0,0.0,1.0,0.22204081632653058,2324,9212,3,39.7925,0.0,0.0,0.0,0.8041,0.0046,0.2656,246.62188030017674,3.569385230564595,6.668336084642729,17.32490917214848,68.72218413375303,0,0,0.0,1.2154018524051236,-1.2154018524051236,100.0,0.0,5,0
moderate,rule_based,17,True,,5,0.10204081632653061,0.0,178.0,-4.0,50.0,0.0,1.1705,0.0,0.0,16.3211,0,5,1,28,0,200,0,0,0,0.0,1.0,0.4173469387755102,3116,8722,0,39.7763,0.0,0.0,0.0,0.7327,0.0042,0.2352,287.9533813097195,2.804296575238776,3.2951919979251114,16.799999999999997,102.18292728104247,0,0,0.0,1.170517453142491,-1.170517453142491,100.0,0.0,4,0
moderate,rule_based,18,True,,5,0.10204081632653061,0.0,173.0,-4.0,50.0,0.0,1.0444,0.0,0.0,20.8863,0,5,1,21,0,200,0,0,0,0.0,1.0,0.5538775510204081,2596,8477,0,40.2305,0.0,0.0,0.0,0.7189,0.0041,0.242,606.1122134844635,4.777018515926739,0.8481900507250337,8.265271043859844,126.38085915172084,0,0,0.0,1.0443651469118913,-1.0443651469118913,100.0,0.0,4,0
moderate,rule_based,19,True,,5,0.10204081632653061,0.0,172.0,-4.0,50.0,0.0,0.9903,0.0,0.0,18.954,0,5,1,23,0,200,0,0,0,0.0,1.0,0.5146938775510204,2185,8428,0,37.9225,0.0,0.0,0.0,0.8055,0.0046,0.2669,600.2765101970481,4.855469112751766,0.0,7.984383299745046,123.12894217997598,0,0,0.0,0.9903422065067051,-0.9903422065067051,100.0,0.0,5,0
moderate,rule_based,20,True,,5,0.10204081632653061,0.0,122.0,-4.0,50.0,0.0,1.2668,1.2668,100.0,21.5875,0,5,1,16,0,200,0,0,0,0.0,1.0,0.6502040816326531,1420,5978,0,39.8057,0.0,0.0,0.0,0.8674,0.0053,0.2932,148.85833390658334,1.8950147299263347,0.0,8.739090792171162,78.05259991164819,0,0,0.0,0.0,0.0,100.0,0.0,3,0
moderate,rule_based,21,True,,5,0.10204081632653061,0.0,146.0,-4.0,50.0,0.0,1.0153,0.0,0.0,17.8842,0,5,1,33,0,200,0,0,0,0.0,1.0,0.31979591836734694,3346,7154,0,36.7375,0.0,0.0,0.0,0.6946,0.0043,0.2245,662.2362076991445,5.08187689096833,0.7055346383455667,13.675572514852261,129.81331177583056,0,0,0.0,1.0153133101751575,-1.0153133101751575,100.0,0.0,5,0
moderate,rule_based,22,True,,5,0.10204081632653061,0.0,183.0,-4.0,50.0,0.0,1.185,0.0,0.0,14.0036,0,5,1,35,0,200,0,0,0,0.0,1.0,0.2808163265306122,3995,8967,0,41.7126,0.0,0.0,0.0,0.6605,0.0042,0.203,260.1696709064437,2.4992272202181423,1.783432236094181,16.704861447430698,103.60004692719988,0,0,0.0,1.1849758184901829,-1.1849758184901829,100.0,0.0,4,0
moderate,rule_based,23,True,,5,0.10204081632653061,0.0,173.0,-4.0,50.0,0.0,0.8557,0.0,0.0,17.115,0,5,1,32,0,200,0,0,0,0.0,1.0,0.33918367346938777,3676,8477,0,41.7926,0.0,0.0,0.0,0.7228,0.004,0.2222,463.6395470639323,4.272845685280246,1.2581242621626272,13.45781075395331,108.00837620023343,0,0,0.0,0.8557222161137064,-0.8557222161137064,100.0,0.0,5,0
moderate,rule_based,24,True,,5,0.10204081632653061,0.0,164.0,-4.0,50.0,0.0,0.8653,0.0,0.0,15.1728,0,5,1,33,0,200,0,0,0,0.0,1.0,0.3195918367346939,1697,8036,0,35.8757,0.0,0.0,0.0,0.6983,0.0038,0.2401,130.35814636150937,4.323572215483695,2.880990661997558,15.820895818657382,29.81521703398871,0,0,0.0,0.8653065479361531,-0.8653065479361531,100.0,0.0,5,0
moderate,rule_based,25,True,,5,0.10204081632653061,0.0,158.0,-4.0,50.0,0.0,0.9304,0.9304,100.0,20.2336,0,5,1,23,0,200,0,0,0,0.0,1.0,0.5138775510204081,2573,7742,0,38.8314,0.0,0.0,0.0,0.6862,0.0037,0.2256,703.058552453074,6.745212493557371,0.8393414920410045,11.045650061499073,103.83081993133035,0,0,0.0,0.0,0.0,100.0,0.0,4,0
moderate,rule_based,26,True,,5,0.10204081632653061,0.0,142.0,-4.0,50.0,0.0,0.9774,0.9774,100.0,22.644,0,5,1,13,0,200,0,0,0,0.0,1.0,0.7075510204081633,1569,6958,7,40.4863,0.0,0.0,0.0,0.6769,0.0037,0.2318,493.7679559662741,3.7655393067269367,0.7871990823625117,6.699963330993868,130.62808438466817,0,0,0.0,0.0,0.0,100.0,0.0,4,0
moderate,rule_based,27,True,,5,0.10204081632653061,0.0,195.0,-4.0,50.0,0.0,1.3746,0.0,0.0,18.9586,0,5,1,25,0,200,0,0,0,0.0,1.0,0.4755102040816327,2880,9555,0,44.3762,0.0,0.0,0.0,0.73,0.0044,0.2305,538.1350190114034,3.7288403739453533,0.0,10.30228366545252,143.95494606474776,0,0,0.0,1.3745582059217742,-1.3745582059217742,100.0,0.0,4,0
moderate,rule_based,28,True,,5,0.10204081632653061,0.0,154.0,-4.0,50.0,0.0,1.2044,1.2044,100.0,21.2864,0,5,1,15,0,200,0,0,0,0.0,1.0,0.6693877551020407,2280,7546,3,39.5833,0.0,0.0,0.0,0.6986,0.0047,0.2307,479.3823233788277,3.1701862132148744,0.4955411443225941,7.095821181903133,150.71873466856073,0,0,0.0,0.0,0.0,100.0,0.0,3,0
moderate,rule_based,29,True,,5,0.10204081632653061,0.0,170.0,-4.0,50.0,0.0,0.8896,0.0,0.0,18.106,0,5,1,30,0,200,0,0,0,0.0,1.0,0.37857142857142856,2588,8330,0,38.3138,0.0,0.0,0.0,0.7175,0.0039,0.2367,621.1511069327366,5.403836329704439,0.0,5.508471978572366,114.47462868885393,0,0,0.0,0.8896310884052332,-0.8896310884052332,100.0,0.0,5,0
moderate,dqn_core_only,0,True,,5,0.10204081632653061,0.0,112.0,-4.0,50.0,0.0,1.4288,1.4288,100.0,22.1044,0,5,1,22,0,200,0,0,0,0.0,1.0,0.5330612244897959,2721,5488,0,37.1098,0.0,0.0,0.0,0.7956,0.1234,0.2223,668.7324222326033,4.89267684196798,0.0,8.50206983148469,136.1811842924374,0,0,0.0,1.3225284476372645,-1.3225284476372645,100.0,0.0,4,0
moderate,dqn_core_only,1,True,,5,0.10204081632653061,0.0,119.0,-4.0,50.0,0.0,1.3304,1.3304,100.0,24.1983,0,5,1,18,0,200,0,0,0,0.0,1.0,0.6114285714285714,2663,5831,0,37.6564,0.0,0.0,0.0,0.7804,0.1246,0.2216,664.2945068468068,4.342890321119123,0.0,3.984755393227904,152.46184342559806,0,0,0.0,0.0,0.0,100.0,0.0,3,0
moderate,dqn_core_only,2,True,,5,0.10204081632653061,0.0,174.0,-4.0,50.0,0.0,1.593,0.0,0.0,20.7376,0,5,1,25,0,200,0,0,0,0.0,1.0,0.4757142857142857,3560,8526,0,39.7059,0.0,0.0,0.0,0.7855,0.1248,0.2048,542.2106850762328,4.489849781639846,0.0,9.59173800741715,120.27838635700353,0,0,0.0,1.5929580756874133,-1.5929580756874133,100.0,0.0,4,0
moderate,dqn_core_only,3,True,,5,0.10204081632653061,0.0,141.0,-4.0,50.0,0.0,1.6732,0.0,0.0,17.0879,0,5,1,30,0,200,0,0,0,0.0,1.0,0.3783673469387755,2083,6909,0,41.773,0.0,0.0,0.0,0.8789,0.148,0.2367,649.6574839208765,5.435744824570328,0.0,10.748413401624916,119.02421522485562,0,0,0.0,1.6731606381485258,-1.6731606381485258,100.0,0.0,4,0
moderate,dqn_core_only,4,True,,5,0.10204081632653061,0.0,197.0,-4.0,50.0,0.0,1.0051,0.0,0.0,12.522,0,5,1,33,0,200,0,0,0,0.0,1.0,0.31979591836734694,4760,9653,0,41.5131,0.0,0.0,0.0,0.776,0.1406,0.1959,377.9015487487664,2.627888721998247,0.8651086642878836,17.601381427028,143.31777708158498,0,0,0.0,1.005087123260971,-1.005087123260971,100.0,0.0,4,0
moderate,dqn_core_only,5,True,,5,0.10204081632653061,0.0,130.0,-4.0,50.0,0.0,1.2679,0.0,0.0,19.1367,0,5,1,25,0,200,0,0,0,0.0,1.0,0.4755102040816327,2025,6370,0,36.9943,0.0,0.0,0.0,0.8386,0.1254,0.234,363.69399592325607,4.9801036664725675,0.0,8.064196485337346,72.52940265515846,0,0,0.0,1.267941243263395,-1.267941243263395,100.0,0.0,5,0
moderate,dqn_core_only,6,True,,5,0.10204081632653061,0.0,186.0,-4.0,50.0,0.0,0.8349,0.0,0.0,16.9827,0,5,1,35,0,200,0,0,0,0.0,1.0,0.2808163265306122,3600,9114,0,40.5502,0.0,0.0,0.0,0.801,0.124,0.2171,729.3681208426647,6.004202694011021,0.983628152676074,9.87714127792952,121.07050560621407,0,0,0.0,0.8348753452356252,-0.8348753452356252,100.0,0.0,4,0
moderate,dqn_core_only,7,True,,5,0.10204081632653061,0.0,167.0,-4.0,50.0,0.0,1.0885,1.0885,100.0,20.1246,0,5,1,15,0,200,0,0,0,0.0,1.0,0.669795918367347,2040,8183,0,38.4685,0.0,0.0,0.0,0.8388,0.1448,0.2315,196.78508987890905,2.5588127157649687,1.1510442126495768,7.676146583453252,76.73229278384775,0,0,0.0,0.0,0.0,100.0,0.0,3,0
moderate,dqn_core_only,8,True,,5,0.10204081632653061,0.0,173.0,-4.0,50.0,0.0,1.0857,0.0,0.0,16.2768,0,5,1,30,0,200,0,0,0,0.0,1.0,0.37795918367346937,2791,8477,0,34.5041,0.0,0.0,0.0,0.8212,0.124,0.2222,287.28240856796145,2.4707740184689944,0.8411084314756678,10.236805466072694,115.80711566243086,0,0,0.0,1.0857345480972442,-1.0857345480972442,100.0,0.0,4,0
moderate,dqn_core_only,9,True,,5,0.10204081632653061,0.0,187.0,-4.0,50.0,0.0,1.4575,0.0,0.0,20.7299,0,5,1,21,0,200,0,0,0,0.0,1.0,0.553469387755102,2514,9163,5,40.4108,0.0,0.0,0.0,0.807,0.1238,0.2233,388.91712370684917,2.6596502990904423,0.0,3.6802954892606534,145.72866917498584,0,0,0.0,1.4575276053396244,-1.4575276053396244,100.0,0.0,4,0
moderate,dqn_core_only,10,True,,5,0.10204081632653061,0.0,145.0,-4.0,50.0,0.0,0.9999,0.9999,100.0,21.3515,0,5,1,20,0,200,0,0,0,0.0,1.0,0.5726530612244898,1365,7105,0,39.3591,0.0,0.0,0.0,0.8036,0.1254,0.2401,372.7304802084067,5.909215623213059,0.0,6.956316006846333,62.664294904506534,0,0,0.0,0.0,0.0,100.0,0.0,3,0
moderate,dqn_core_only,11,True,,5,0.10204081632653061,0.0,186.0,-4.0,50.0,0.0,1.0225,0.0,0.0,21.4683,0,5,1,17,0,200,0,0,0,0.0,1.0,0.6316326530612245,1620,9114,3,42.9923,0.0,0.0,0.0,0.8159,0.1416,0.2335,341.95219162896615,4.433564979422874,0.0,6.70576893502876,76.63381921558646,0,0,0.0,1.0224576688221223,-1.0224576688221223,100.0,0.0,3,0
moderate,dqn_core_only,12,True,,5,0.10204081632653061,0.0,157.0,-4.0,50.0,0.0,1.0231,0.0,0.0,16.3662,0,5,1,30,0,200,0,0,0,0.0,1.0,0.37795918367346937,2490,7693,0,38.3652,0.0,0.0,0.0,0.9075,0.1436,0.2576,181.9297624228593,2.622611206577112,2.024664991288324,13.74135683355588,68.94068705532978,0,0,0.0,1.023143093751339,-1.023143093751339,100.0,0.0,4,0
moderate,dqn_core_only,13,True,,5,0.10204081632653061,0.0,181.0,-4.0,50.0,0.0,1.1568,0.0,0.0,20.9834,0,5,1,17,0,200,0,0,0,0.0,1.0,0.6316326530612245,2239,8869,0,42.6214,0.0,0.0,0.0,0.8523,0.1526,0.2367,700.7028427886356,4.727737954775771,0.0,2.1560518402489306,147.71101539285056,0,0,0.0,1.1567844583699867,-1.1567844583699867,100.0,0.0,3,0
moderate,dqn_core_only,14,True,,5,0.10204081632653061,0.0,129.0,-4.0,50.0,0.0,0.7018,0.0,0.0,18.5305,0,5,1,28,0,200,0,0,0,0.0,1.0,0.4173469387755102,1538,6321,0,39.7908,0.0,0.0,0.0,1.0682,0.1553,0.3151,658.4519931181269,4.837781974570726,0.0,9.779732028682261,135.64656681628395,0,0,0.0,0.7017592582169359,-0.7017592582169359,100.0,0.0,4,0
moderate,dqn_core_only,15,True,,5,0.10204081632653061,0.0,137.0,-4.0,50.0,0.0,1.3976,1.3976,100.0,22.2391,0,5,1,15,0,200,0,0,0,0.0,1.0,0.669795918367347,2055,6713,0,37.9311,0.0,0.0,0.0,0.8237,0.1251,0.2444,242.46936953918657,2.374815670592648,2.3236627302201462,12.329282556877875,101.90766109556252,0,0,0.0,0.0,0.0,100.0,0.0,3,0
moderate,dqn_core_only,16,True,,5,0.10204081632653061,0.0,183.0,-4.0,50.0,0.0,1.6294,0.0,0.0,13.9296,0,5,1,38,0,200,0,0,0,0.0,1.0,0.22204081632653058,2324,8967,3,40.109,0.0,0.0,0.0,0.8459,0.1427,0.2302,250.51816461971083,3.2440127459840196,5.98184945937415,17.272649727836594,76.74261689050388,0,0,0.0,1.6293685395795987,-1.6293685395795987,100.0,0.0,5,0
moderate,dqn_core_only,17,True,,5,0.10204081632653061,0.0,178.0,-4.0,50.0,0.0,1.2228,0.0,0.0,16.2605,0,5,1,28,0,200,0,0,0,0.0,1.0,0.4173469387755102,3116,8722,0,40.3343,0.0,0.0,0.0,0.8091,0.1296,0.2204,266.1665595818093,2.647213213733179,0.7229208117798596,16.3890067149738,100.04594703629985,0,0,0.0,1.2228177087033796,-1.2228177087033796,100.0,0.0,4,0
moderate,dqn_core_only,18,True,,5,0.10204081632653061,0.0,166.0,-4.0,50.0,0.0,1.2111,0.0,0.0,20.6149,0,5,1,21,0,200,0,0,0,0.0,1.0,0.5538775510204081,2596,8134,0,39.7755,0.0,0.0,0.0,0.7874,0.121,0.2206,683.2368229683537,5.143434670808594,1.6415009633669904,8.599744396193596,132.33668729109036,0,0,0.0,1.2111286586139074,-1.2111286586139074,100.0,0.0,4,0
moderate,dqn_core_only,19,True,,5,0.10204081632653061,0.0,168.0,-4.0,50.0,0.0,1.3392,0.0,0.0,20.2993,0,5,1,23,0,200,0,0,0,0.0,1.0,0.5146938775510204,2185,8232,0,38.4802,0.0,0.0,0.0,0.8223,0.1247,0.2307,672.1731354807772,5.371795099014268,0.0,8.79355385590447,124.63007720717465,0,0,0.0,1.339238407058224,-1.339238407058224,100.0,0.0,5,0
moderate,dqn_core_only,20,True,,5,0.10204081632653061,0.0,126.0,-4.0,50.0,0.0,1.2902,1.2902,100.0,21.2777,0,5,1,16,0,200,0,0,0,0.0,1.0,0.6502040816326531,1420,6174,0,39.4087,0.0,0.0,0.0,0.8694,0.1269,0.255,132.93346252096433,1.8689758785457957,0.0,7.309104332593995,70.72195051907724,0,0,0.0,0.0,0.0,100.0,0.0,3,0
moderate,dqn_core_only,21,True,,5,0.10204081632653061,0.0,155.0,-4.0,50.0,0.0,0.5549,0.0,0.0,18.2675,0,5,1,33,0,200,0,0,0,0.0,1.0,0.31979591836734694,3346,7595,0,37.4372,0.0,0.0,0.0,0.7734,0.1237,0.2124,690.9320844843262,5.368020125233889,0.7931525497406584,13.597635972069888,128.25668265486215,0,0,0.0,0.5548875673819293,-0.5548875673819293,100.0,0.0,5,0
moderate,dqn_core_only,22,True,,5,0.10204081632653061,0.0,182.0,-4.0,50.0,0.0,0.9456,0.0,0.0,12.2173,0,5,1,35,0,200,0,0,0,0.0,1.0,0.2808163265306122,3995,8918,0,41.7409,0.0,0.0,0.0,0.7683,0.1244,0.1989,223.5407784055757,2.172249165458646,2.1580158381338306,16.89344771540543,102.40752182582943,0,0,0.0,0.9456254069654555,-0.9456254069654555,100.0,0.0,4,0
moderate,dqn_core_only,23,True,,5,0.10204081632653061,0.0,169.0,-4.0,50.0,0.0,1.134,0.0,0.0,18.2438,0,5,1,32,0,200,0,0,0,0.0,1.0,0.33918367346938777,3676,8281,0,41.6883,0.0,0.0,0.0,0.8077,0.1237,0.2075,531.5416814941415,4.943937883625116,1.951349713031603,13.39990410216916,107.01382683319463,0,0,0.0,1.1339639850477343,-1.1339639850477343,100.0,0.0,5,0
moderate,dqn_core_only,24,True,,5,0.10204081632653061,0.0,177.0,-4.0,50.0,0.0,1.0217,0.0,0.0,13.5668,0,5,1,33,0,200,0,0,0,0.0,1.0,0.3195918367346939,1697,8673,0,35.5228,0.0,0.0,0.0,0.9265,0.1447,0.2676,130.1785445146738,4.0393600939608145,3.4050284365843773,16.244849880528744,31.881526181800712,0,0,0.0,1.0216565152242365,-1.0216565152242365,100.0,0.0,5,0
moderate,dqn_core_only,25,True,,5,0.10204081632653061,0.0,165.0,-4.0,50.0,0.0,1.0609,1.0609,100.0,19.8612,0,5,1,23,0,200,0,0,0,0.0,1.0,0.5138775510204081,2573,8085,0,38.5257,0.0,0.0,0.0,0.8767,0.1337,0.2465,647.9041500581807,6.079645356801714,0.9805704791470786,10.974253740568209,106.14128497744228,0,0,0.0,0.0,0.0,100.0,0.0,4,0
moderate,dqn_core_only,26,True,,5,0.10204081632653061,0.0,138.0,-4.0,50.0,0.0,1.0883,1.0883,100.0,22.2445,0,5,1,22,0,200,0,0,0,0.0,1.0,0.5330612244897959,2820,6762,3,39.3747,0.0,0.0,0.0,0.8539,0.1352,0.2391,847.3530390211342,6.304879966473639,0.0,5.819253720436334,133.89637923750402,0,0,0.0,0.0,0.0,100.0,0.0,4,0
moderate,dqn_core_only,27,True,,5,0.10204081632653061,0.0,195.0,-4.0,50.0,0.0,1.4864,0.0,0.0,16.2671,0,5,1,25,0,200,0,0,0,0.0,1.0,0.4755102040816327,2880,9555,0,44.8242,0.0,0.0,0.0,0.8997,0.1408,0.2432,472.4980255092164,3.2046885986973126,0.0,9.936213172140672,147.0221710878953,0,0,0.0,1.4863500136916148,-1.4863500136916148,100.0,0.0,4,0
moderate,dqn_core_only,28,True,,5,0.10204081632653061,0.0,165.0,-4.0,50.0,0.0,0.6377,0.6377,100.0,20.535,0,5,1,15,0,200,0,0,0,0.0,1.0,0.6693877551020407,2280,8085,0,39.9589,0.0,0.0,0.0,0.8861,0.14,0.2456,529.9643441583572,3.5262804092328235,0.15957560059659492,7.324564925043257,149.79367426832306,0,0,0.0,0.0,0.0,100.0,0.0,3,0
moderate,dqn_core_only,29,True,,5,0.10204081632653061,0.0,148.0,-4.0,50.0,0.0,0.9374,0.0,0.0,18.9735,0,5,1,30,0,200,0,0,0,0.0,1.0,0.37857142857142856,2588,7252,0,37.7909,0.0,0.0,0.0,0.8968,0.1356,0.2557,646.6434168258788,6.096406484343569,0.0,7.298313817206204,105.61540568504174,0,0,0.0,0.9374182588536818,-0.9374182588536818,100.0,0.0,5,0
moderate,full_stack,0,True,,5,0.10204081632653061,0.0,112.0,-4.0,50.0,0.0,1.4288,1.4288,100.0,22.1044,0,5,1,22,0,200,0,0,0,0.0,1.0,0.5330612244897959,2721,5488,0,37.1098,0.0,0.0,0.0,1.2345,0.4138,0.2467,668.7324222326033,4.89267684196798,0.0,8.50206983148469,136.1811842924374,0,0,0.0,1.3225284476372645,-1.3225284476372645,100.0,0.0,4,0
moderate,full_stack,1,True,,5,0.10204081632653061,0.0,119.0,-4.0,50.0,0.0,1.3304,1.3304,100.0,24.1983,0,5,1,18,0,200,0,0,0,0.0,1.0,0.6114285714285714,2663,5831,0,37.6564,0.0,0.0,0.0,1.4623,0.496,0.3011,664.2945068468068,4.342890321119123,0.0,3.984755393227904,152.46184342559806,0,0,0.0,0.0,0.0,100.0,0.0,3,0
moderate,full_stack,2,True,,5,0.10204081632653061,0.0,174.0,-4.0,50.0,0.0,1.593,0.0,0.0,20.7376,0,5,1,25,0,200,0,0,0,0.0,1.0,0.4757142857142857,3560,8526,0,39.7059,0.0,0.0,0.0,1.3439,0.439,0.262,542.2106850762328,4.489849781639846,0.0,9.59173800741715,120.27838635700353,0,0,0.0,1.5929580756874133,-1.5929580756874133,100.0,0.0,4,0
moderate,full_stack,3,True,,5,0.10204081632653061,0.0,141.0,-4.0,50.0,0.0,1.6732,0.0,0.0,17.0879,0,5,1,30,0,200,0,0,0,0.0,1.0,0.3783673469387755,2083,6909,0,41.773,0.0,0.0,0.0,1.6883,0.5219,0.351,649.6574839208765,5.435744824570328,0.0,10.748413401624916,119.02421522485562,0,0,0.0,1.6731606381485258,-1.6731606381485258,100.0,0.0,4,0
moderate,full_stack,4,True,,5,0.10204081632653061,0.0,197.0,-4.0,50.0,0.0,1.0051,0.0,0.0,12.522,0,5,1,33,0,200,0,0,0,0.0,1.0,0.31979591836734694,4760,9653,0,41.5131,0.0,0.0,0.0,1.5102,0.5228,0.2729,377.9015487487664,2.627888721998247,0.8651086642878836,17.601381427028,143.31777708158498,0,0,0.0,1.005087123260971,-1.005087123260971,100.0,0.0,4,0
moderate,full_stack,5,True,,5,0.10204081632653061,0.0,130.0,-4.0,50.0,0.0,1.2679,0.0,0.0,19.1367,0,5,1,25,0,200,0,0,0,0.0,1.0,0.4755102040816327,2025,6370,0,36.9943,0.0,0.0,0.0,1.4401,0.4928,0.2885,363.69399592325607,4.9801036664725675,0.0,8.064196485337346,72.52940265515846,0,0,0.0,1.267941243263395,-1.267941243263395,100.0,0.0,5,0
moderate,full_stack,6,True,,5,0.10204081632653061,0.0,186.0,-4.0,50.0,0.0,0.8349,0.0,0.0,16.9827,0,5,1,35,0,200,0,0,0,0.0,1.0,0.2808163265306122,3600,9114,0,40.5502,0.0,0.0,0.0,1.9947,0.6584,0.4065,729.3681208426647,6.004202694011021,0.983628152676074,9.87714127792952,121.07050560621407,0,0,0.0,0.8348753452356252,-0.8348753452356252,100.0,0.0,4,0
moderate,full_stack,7,True,,5,0.10204081632653061,0.0,167.0,-4.0,50.0,0.0,1.0885,1.0885,100.0,20.1246,0,5,1,15,0,200,0,0,0,0.0,1.0,0.669795918367347,2040,8183,0,38.4685,0.0,0.0,0.0,1.6537,0.5571,0.3369,196.78508987890905,2.5588127157649687,1.1510442126495768,7.676146583453252,76.73229278384775,0,0,0.0,0.0,0.0,100.0,0.0,3,0
moderate,full_stack,8,True,,5,0.10204081632653061,0.0,173.0,-4.0,50.0,0.0,1.0857,0.0,0.0,16.2768,0,5,1,30,0,200,0,0,0,0.0,1.0,0.37795918367346937,2791,8477,0,34.5041,0.0,0.0,0.0,1.6359,0.5368,0.3199,287.28240856796145,2.4707740184689944,0.8411084314756678,10.236805466072694,115.80711566243086,0,0,0.0,1.0857345480972442,-1.0857345480972442,100.0,0.0,4,0
moderate,full_stack,9,True,,5,0.10204081632653061,0.0,187.0,-4.0,50.0,0.0,1.4575,0.0,0.0,20.7299,0,5,1,21,0,200,0,0,0,0.0,1.0,0.553469387755102,2514,9163,5,40.4108,0.0,0.0,0.0,1.338,0.4066,0.2789,388.91712370684917,2.6596502990904423,0.0,3.6802954892606534,145.72866917498584,0,0,0.0,1.4575276053396244,-1.4575276053396244,100.0,0.0,4,0
moderate,full_stack,10,True,,5,0.10204081632653061,0.0,145.0,-4.0,50.0,0.0,0.9999,0.9999,100.0,21.3515,0,5,1,20,0,200,0,0,0,0.0,1.0,0.5726530612244898,1365,7105,0,39.3591,0.0,0.0,0.0,1.2987,0.4027,0.291,372.7304802084067,5.909215623213059,0.0,6.956316006846333,62.664294904506534,0,0,0.0,0.0,0.0,100.0,0.0,3,0
moderate,full_stack,11,True,,5,0.10204081632653061,0.0,186.0,-4.0,50.0,0.0,1.0225,0.0,0.0,21.4683,0,5,1,17,0,200,0,0,0,0.0,1.0,0.6316326530612245,1620,9114,3,42.9923,0.0,0.0,0.0,1.3016,0.4019,0.2847,341.95219162896615,4.433564979422874,0.0,6.70576893502876,76.63381921558646,0,0,0.0,1.0224576688221223,-1.0224576688221223,100.0,0.0,3,0
moderate,full_stack,12,True,,5,0.10204081632653061,0.0,157.0,-4.0,50.0,0.0,1.0231,0.0,0.0,16.3662,0,5,1,30,0,200,0,0,0,0.0,1.0,0.37795918367346937,2490,7693,0,38.3652,0.0,0.0,0.0,1.3818,0.4799,0.2755,181.9297624228593,2.622611206577112,2.024664991288324,13.74135683355588,68.94068705532978,0,0,0.0,1.023143093751339,-1.023143093751339,100.0,0.0,4,0
moderate,full_stack,13,True,,5,0.10204081632653061,0.0,181.0,-4.0,50.0,0.0,1.1568,0.0,0.0,20.9834,0,5,1,17,0,200,0,0,0,0.0,1.0,0.6316326530612245,2239,8869,0,42.6214,0.0,0.0,0.0,1.2277,0.3806,0.2602,700.7028427886356,4.727737954775771,0.0,2.1560518402489306,147.71101539285056,0,0,0.0,1.1567844583699867,-1.1567844583699867,100.0,0.0,3,0
moderate,full_stack,14,True,,5,0.10204081632653061,0.0,129.0,-4.0,50.0,0.0,0.7018,0.0,0.0,18.5305,0,5,1,28,0,200,0,0,0,0.0,1.0,0.4173469387755102,1538,6321,0,39.7908,0.0,0.0,0.0,1.2653,0.3842,0.276,658.4519931181269,4.837781974570726,0.0,9.779732028682261,135.64656681628395,0,0,0.0,0.7017592582169359,-0.7017592582169359,100.0,0.0,4,0
moderate,full_stack,15,True,,5,0.10204081632653061,0.0,137.0,-4.0,50.0,0.0,1.3976,1.3976,100.0,22.2391,0,5,1,15,0,200,0,0,0,0.0,1.0,0.669795918367347,2055,6713,0,37.9311,0.0,0.0,0.0,1.3488,0.4605,0.2795,242.46936953918657,2.374815670592648,2.3236627302201462,12.329282556877875,101.90766109556252,0,0,0.0,0.0,0.0,100.0,0.0,3,0
moderate,full_stack,16,True,,5,0.10204081632653061,0.0,183.0,-4.0,50.0,0.0,1.6294,0.0,0.0,13.9296,0,5,1,38,0,200,0,0,0,0.0,1.0,0.22204081632653058,2324,8967,3,40.109,0.0,0.0,0.0,1.2428,0.3819,0.2564,250.51816461971083,3.2440127459840196,5.98184945937415,17.272649727836594,76.74261689050388,0,0,0.0,1.6293685395795987,-1.6293685395795987,100.0,0.0,5,0
moderate,full_stack,17,True,,5,0.10204081632653061,0.0,178.0,-4.0,50.0,0.0,1.2228,0.0,0.0,16.2605,0,5,1,28,0,200,0,0,0,0.0,1.0,0.4173469387755102,3116,8722,0,40.3343,0.0,0.0,0.0,1.2331,0.379,0.2525,266.1665595818093,2.647213213733179,0.7229208117798596,16.3890067149738,100.04594703629985,0,0,0.0,1.2228177087033796,-1.2228177087033796,100.0,0.0,4,0
moderate,full_stack,18,True,,5,0.10204081632653061,0.0,166.0,-4.0,50.0,0.0,1.2111,0.0,0.0,20.6149,0,5,1,21,0,200,0,0,0,0.0,1.0,0.5538775510204081,2596,8134,0,39.7755,0.0,0.0,0.0,1.2367,0.3827,0.2608,683.2368229683537,5.143434670808594,1.6415009633669904,8.599744396193596,132.33668729109036,0,0,0.0,1.2111286586139074,-1.2111286586139074,100.0,0.0,4,0
moderate,full_stack,19,True,,5,0.10204081632653061,0.0,168.0,-4.0,50.0,0.0,1.3392,0.0,0.0,20.2993,0,5,1,23,0,200,0,0,0,0.0,1.0,0.5146938775510204,2185,8232,0,38.4802,0.0,0.0,0.0,1.2269,0.3743,0.2576,672.1731354807772,5.371795099014268,0.0,8.79355385590447,124.63007720717465,0,0,0.0,1.339238407058224,-1.339238407058224,100.0,0.0,5,0
moderate,full_stack,20,True,,5,0.10204081632653061,0.0,126.0,-4.0,50.0,0.0,1.2902,1.2902,100.0,21.2777,0,5,1,16,0,200,0,0,0,0.0,1.0,0.6502040816326531,1420,6174,0,39.4087,0.0,0.0,0.0,1.3543,0.4464,0.2865,132.93346252096433,1.8689758785457957,0.0,7.309104332593995,70.72195051907724,0,0,0.0,0.0,0.0,100.0,0.0,3,0
moderate,full_stack,21,True,,5,0.10204081632653061,0.0,155.0,-4.0,50.0,0.0,0.5549,0.0,0.0,18.2675,0,5,1,33,0,200,0,0,0,0.0,1.0,0.31979591836734694,3346,7595,0,37.4372,0.0,0.0,0.0,1.1814,0.3789,0.2383,690.9320844843262,5.368020125233889,0.7931525497406584,13.597635972069888,128.25668265486215,0,0,0.0,0.5548875673819293,-0.5548875673819293,100.0,0.0,5,0
moderate,full_stack,22,True,,5,0.10204081632653061,0.0,182.0,-4.0,50.0,0.0,0.9456,0.0,0.0,12.2173,0,5,1,35,0,200,0,0,0,0.0,1.0,0.2808163265306122,3995,8918,0,41.7409,0.0,0.0,0.0,1.1901,0.3827,0.2289,223.5407784055757,2.172249165458646,2.1580158381338306,16.89344771540543,102.40752182582943,0,0,0.0,0.9456254069654555,-0.9456254069654555,100.0,0.0,4,0
moderate,full_stack,23,True,,5,0.10204081632653061,0.0,169.0,-4.0,50.0,0.0,1.134,0.0,0.0,18.2438,0,5,1,32,0,200,0,0,0,0.0,1.0,0.33918367346938777,3676,8281,0,41.6883,0.0,0.0,0.0,1.2863,0.433,0.2388,531.5416814941415,4.943937883625116,1.951349713031603,13.39990410216916,107.01382683319463,0,0,0.0,1.1339639850477343,-1.1339639850477343,100.0,0.0,5,0
moderate,full_stack,24,True,,5,0.10204081632653061,0.0,177.0,-4.0,50.0,0.0,1.0217,0.0,0.0,13.5668,0,5,1,33,0,200,0,0,0,0.0,1.0,0.3195918367346939,1697,8673,0,35.5228,0.0,0.0,0.0,1.2716,0.39,0.2807,130.1785445146738,4.0393600939608145,3.4050284365843773,16.244849880528744,31.881526181800712,0,0,0.0,1.0216565152242365,-1.0216565152242365,100.0,0.0,5,0
moderate,full_stack,25,True,,5,0.10204081632653061,0.0,165.0,-4.0,50.0,0.0,1.0609,1.0609,100.0,19.8612,0,5,1,23,0,200,0,0,0,0.0,1.0,0.5138775510204081,2573,8085,0,38.5257,0.0,0.0,0.0,1.3857,0.4549,0.2726,647.9041500581807,6.079645356801714,0.9805704791470786,10.974253740568209,106.14128497744228,0,0,0.0,0.0,0.0,100.0,0.0,4,0
moderate,full_stack,26,True,,5,0.10204081632653061,0.0,138.0,-4.0,50.0,0.0,1.0883,1.0883,100.0,22.2445,0,5,1,22,0,200,0,0,0,0.0,1.0,0.5330612244897959,2820,6762,3,39.3747,0.0,0.0,0.0,1.2756,0.4098,0.263,847.3530390211342,6.304879966473639,0.0,5.819253720436334,133.89637923750402,0,0,0.0,0.0,0.0,100.0,0.0,4,0
moderate,full_stack,27,True,,5,0.10204081632653061,0.0,195.0,-4.0,50.0,0.0,1.4864,0.0,0.0,16.2671,0,5,1,25,0,200,0,0,0,0.0,1.0,0.4755102040816327,2880,9555,0,44.8242,0.0,0.0,0.0,1.296,0.4198,0.2615,472.4980255092164,3.2046885986973126,0.0,9.936213172140672,147.0221710878953,0,0,0.0,1.4863500136916148,-1.4863500136916148,100.0,0.0,4,0
moderate,full_stack,28,True,,5,0.10204081632653061,0.0,165.0,-4.0,50.0,0.0,0.6377,0.6377,100.0,20.535,0,5,1,15,0,200,0,0,0,0.0,1.0,0.6693877551020407,2280,8085,0,39.9589,0.0,0.0,0.0,1.2727,0.3935,0.2664,529.9643441583572,3.5262804092328235,0.15957560059659492,7.324564925043257,149.79367426832306,0,0,0.0,0.0,0.0,100.0,0.0,3,0
moderate,full_stack,29,True,,5,0.10204081632653061,0.0,148.0,-4.0,50.0,0.0,0.9374,0.0,0.0,18.9735,0,5,1,30,0,200,0,0,0,0.0,1.0,0.37857142857142856,2588,7252,0,37.7909,0.0,0.0,0.0,1.2346,0.3805,0.256,646.6434168258788,6.096406484343569,0.0,7.298313817206204,105.61540568504174,0,0,0.0,0.9374182588536818,-0.9374182588536818,100.0,0.0,5,0
moderate,no_lstm,0,True,,5,0.10204081632653061,0.0,112.0,-4.0,50.0,0.0,1.4288,1.4288,100.0,22.1044,0,5,1,22,0,200,0,0,0,0.0,1.0,0.5330612244897959,2721,5488,0,37.1098,0.0,0.0,0.0,0.9503,0.1388,0.2488,668.7324222326033,4.89267684196798,0.0,8.50206983148469,136.1811842924374,0,0,0.0,1.3225284476372645,-1.3225284476372645,100.0,0.0,4,0
moderate,no_lstm,1,True,,5,0.10204081632653061,0.0,119.0,-4.0,50.0,0.0,1.3304,1.3304,100.0,24.1983,0,5,1,18,0,200,0,0,0,0.0,1.0,0.6114285714285714,2663,5831,0,37.6564,0.0,0.0,0.0,0.8776,0.1314,0.2332,664.2945068468068,4.342890321119123,0.0,3.984755393227904,152.46184342559806,0,0,0.0,0.0,0.0,100.0,0.0,3,0
moderate,no_lstm,2,True,,5,0.10204081632653061,0.0,174.0,-4.0,50.0,0.0,1.593,0.0,0.0,20.7376,0,5,1,25,0,200,0,0,0,0.0,1.0,0.4757142857142857,3560,8526,0,39.7059,0.0,0.0,0.0,0.8583,0.1238,0.2166,542.2106850762328,4.489849781639846,0.0,9.59173800741715,120.27838635700353,0,0,0.0,1.5929580756874133,-1.5929580756874133,100.0,0.0,4,0
moderate,no_lstm,3,True,,5,0.10204081632653061,0.0,141.0,-4.0,50.0,0.0,1.6732,0.0,0.0,17.0879,0,5,1,30,0,200,0,0,0,0.0,1.0,0.3783673469387755,2083,6909,0,41.773,0.0,0.0,0.0,0.9367,0.1357,0.2384,649.6574839208765,5.435744824570328,0.0,10.748413401624916,119.02421522485562,0,0,0.0,1.6731606381485258,-1.6731606381485258,100.0,0.0,4,0
moderate,no_lstm,4,True,,5,0.10204081632653061,0.0,197.0,-4.0,50.0,0.0,1.0051,0.0,0.0,12.522,0,5,1,33,0,200,0,0,0,0.0,1.0,0.31979591836734694,4760,9653,0,41.5131,0.0,0.0,0.0,0.8578,0.129,0.208,377.9015487487664,2.627888721998247,0.8651086642878836,17.601381427028,143.31777708158498,0,0,0.0,1.005087123260971,-1.005087123260971,100.0,0.0,4,0
moderate,no_lstm,5,True,,5,0.10204081632653061,0.0,130.0,-4.0,50.0,0.0,1.2679,0.0,0.0,19.1367,0,5,1,25,0,200,0,0,0,0.0,1.0,0.4755102040816327,2025,6370,0,36.9943,0.0,0.0,0.0,0.866,0.1233,0.2267,363.69399592325607,4.9801036664725675,0.0,8.064196485337346,72.52940265515846,0,0,0.0,1.267941243263395,-1.267941243263395,100.0,0.0,5,0
moderate,no_lstm,6,True,,5,0.10204081632653061,0.0,186.0,-4.0,50.0,0.0,0.8349,0.0,0.0,16.9827,0,5,1,35,0,200,0,0,0,0.0,1.0,0.2808163265306122,3600,9114,0,40.5502,0.0,0.0,0.0,0.8929,0.1308,0.223,729.3681208426647,6.004202694011021,0.983628152676074,9.87714127792952,121.07050560621407,0,0,0.0,0.8348753452356252,-0.8348753452356252,100.0,0.0,4,0
moderate,no_lstm,7,True,,5,0.10204081632653061,0.0,167.0,-4.0,50.0,0.0,1.0885,1.0885,100.0,20.1246,0,5,1,15,0,200,0,0,0,0.0,1.0,0.669795918367347,2040,8183,0,38.4685,0.0,0.0,0.0,0.9254,0.1318,0.251,196.78508987890905,2.5588127157649687,1.1510442126495768,7.676146583453252,76.73229278384775,0,0,0.0,0.0,0.0,100.0,0.0,3,0
moderate,no_lstm,8,True,,5,0.10204081632653061,0.0,173.0,-4.0,50.0,0.0,1.0857,0.0,0.0,16.2768,0,5,1,30,0,200,0,0,0,0.0,1.0,0.37795918367346937,2791,8477,0,34.5041,0.0,0.0,0.0,0.9333,0.1338,0.2366,287.28240856796145,2.4707740184689944,0.8411084314756678,10.236805466072694,115.80711566243086,0,0,0.0,1.0857345480972442,-1.0857345480972442,100.0,0.0,4,0
moderate,no_lstm,9,True,,5,0.10204081632653061,0.0,187.0,-4.0,50.0,0.0,1.4575,0.0,0.0,20.7299,0,5,1,21,0,200,0,0,0,0.0,1.0,0.553469387755102,2514,9163,5,40.4108,0.0,0.0,0.0,0.9043,0.1335,0.2336,388.91712370684917,2.6596502990904423,0.0,3.6802954892606534,145.72866917498584,0,0,0.0,1.4575276053396244,-1.4575276053396244,100.0,0.0,4,0
moderate,no_lstm,10,True,,5,0.10204081632653061,0.0,145.0,-4.0,50.0,0.0,0.9999,0.9999,100.0,21.3515,0,5,1,20,0,200,0,0,0,0.0,1.0,0.5726530612244898,1365,7105,0,39.3591,0.0,0.0,0.0,0.967,0.1413,0.2717,372.7304802084067,5.909215623213059,0.0,6.956316006846333,62.664294904506534,0,0,0.0,0.0,0.0,100.0,0.0,3,0
moderate,no_lstm,11,True,,5,0.10204081632653061,0.0,186.0,-4.0,50.0,0.0,1.0225,0.0,0.0,21.4683,0,5,1,17,0,200,0,0,0,0.0,1.0,0.6316326530612245,1620,9114,3,42.9923,0.0,0.0,0.0,1.0316,0.1549,0.2806,341.95219162896615,4.433564979422874,0.0,6.70576893502876,76.63381921558646,0,0,0.0,1.0224576688221223,-1.0224576688221223,100.0,0.0,3,0
moderate,no_lstm,12,True,,5,0.10204081632653061,0.0,157.0,-4.0,50.0,0.0,1.0231,0.0,0.0,16.3662,0,5,1,30,0,200,0,0,0,0.0,1.0,0.37795918367346937,2490,7693,0,38.3652,0.0,0.0,0.0,1.0536,0.1462,0.2902,181.9297624228593,2.622611206577112,2.024664991288324,13.74135683355588,68.94068705532978,0,0,0.0,1.023143093751339,-1.023143093751339,100.0,0.0,4,0
moderate,no_lstm,13,True,,5,0.10204081632653061,0.0,181.0,-4.0,50.0,0.0,1.1568,0.0,0.0,20.9834,0,5,1,17,0,200,0,0,0,0.0,1.0,0.6316326530612245,2239,8869,0,42.6214,0.0,0.0,0.0,1.0377,0.1543,0.2724,700.7028427886356,4.727737954775771,0.0,2.1560518402489306,147.71101539285056,0,0,0.0,1.1567844583699867,-1.1567844583699867,100.0,0.0,3,0
moderate,no_lstm,14,True,,5,0.10204081632653061,0.0,129.0,-4.0,50.0,0.0,0.7018,0.0,0.0,18.5305,0,5,1,28,0,200,0,0,0,0.0,1.0,0.4173469387755102,1538,6321,0,39.7908,0.0,0.0,0.0,1.0991,0.1568,0.294,658.4519931181269,4.837781974570726,0.0,9.779732028682261,135.64656681628395,0,0,0.0,0.7017592582169359,-0.7017592582169359,100.0,0.0,4,0
moderate,no_lstm,15,True,,5,0.10204081632653061,0.0,137.0,-4.0,50.0,0.0,1.3976,1.3976,100.0,22.2391,0,5,1,15,0,200,0,0,0,0.0,1.0,0.669795918367347,2055,6713,0,37.9311,0.0,0.0,0.0,1.0404,0.1528,0.287,242.46936953918657,2.374815670592648,2.3236627302201462,12.329282556877875,101.90766109556252,0,0,0.0,0.0,0.0,100.0,0.0,3,0
moderate,no_lstm,16,True,,5,0.10204081632653061,0.0,183.0,-4.0,50.0,0.0,1.6294,0.0,0.0,13.9296,0,5,1,38,0,200,0,0,0,0.0,1.0,0.22204081632653058,2324,8967,3,40.109,0.0,0.0,0.0,1.1275,0.1575,0.2972,250.51816461971083,3.2440127459840196,5.98184945937415,17.272649727836594,76.74261689050388,0,0,0.0,1.6293685395795987,-1.6293685395795987,100.0,0.0,5,0
moderate,no_lstm,17,True,,5,0.10204081632653061,0.0,178.0,-4.0,50.0,0.0,1.2228,0.0,0.0,16.2605,0,5,1,28,0,200,0,0,0,0.0,1.0,0.4173469387755102,3116,8722,0,40.3343,0.0,0.0,0.0,1.0325,0.1546,0.2657,266.1665595818093,2.647213213733179,0.7229208117798596,16.3890067149738,100.04594703629985,0,0,0.0,1.2228177087033796,-1.2228177087033796,100.0,0.0,4,0
moderate,no_lstm,18,True,,5,0.10204081632653061,0.0,166.0,-4.0,50.0,0.0,1.2111,0.0,0.0,20.6149,0,5,1,21,0,200,0,0,0,0.0,1.0,0.5538775510204081,2596,8134,0,39.7755,0.0,0.0,0.0,1.0218,0.1474,0.269,683.2368229683537,5.143434670808594,1.6415009633669904,8.599744396193596,132.33668729109036,0,0,0.0,1.2111286586139074,-1.2111286586139074,100.0,0.0,4,0
moderate,no_lstm,19,True,,5,0.10204081632653061,0.0,168.0,-4.0,50.0,0.0,1.3392,0.0,0.0,20.2993,0,5,1,23,0,200,0,0,0,0.0,1.0,0.5146938775510204,2185,8232,0,38.4802,0.0,0.0,0.0,1.1526,0.155,0.3075,672.1731354807772,5.371795099014268,0.0,8.79355385590447,124.63007720717465,0,0,0.0,1.339238407058224,-1.339238407058224,100.0,0.0,5,0
moderate,no_lstm,20,True,,5,0.10204081632653061,0.0,126.0,-4.0,50.0,0.0,1.2902,1.2902,100.0,21.2777,0,5,1,16,0,200,0,0,0,0.0,1.0,0.6502040816326531,1420,6174,0,39.4087,0.0,0.0,0.0,1.0094,0.1436,0.2732,132.93346252096433,1.8689758785457957,0.0,7.309104332593995,70.72195051907724,0,0,0.0,0.0,0.0,100.0,0.0,3,0
moderate,no_lstm,21,True,,5,0.10204081632653061,0.0,155.0,-4.0,50.0,0.0,0.5549,0.0,0.0,18.2675,0,5,1,33,0,200,0,0,0,0.0,1.0,0.31979591836734694,3346,7595,0,37.4372,0.0,0.0,0.0,1.104,0.1638,0.2738,690.9320844843262,5.368020125233889,0.7931525497406584,13.597635972069888,128.25668265486215,0,0,0.0,0.5548875673819293,-0.5548875673819293,100.0,0.0,5,0
moderate,no_lstm,22,True,,5,0.10204081632653061,0.0,182.0,-4.0,50.0,0.0,0.9456,0.0,0.0,12.2173,0,5,1,35,0,200,0,0,0,0.0,1.0,0.2808163265306122,3995,8918,0,41.7409,0.0,0.0,0.0,1.1798,0.1732,0.286,223.5407784055757,2.172249165458646,2.1580158381338306,16.89344771540543,102.40752182582943,0,0,0.0,0.9456254069654555,-0.9456254069654555,100.0,0.0,4,0
moderate,no_lstm,23,True,,5,0.10204081632653061,0.0,169.0,-4.0,50.0,0.0,1.134,0.0,0.0,18.2438,0,5,1,32,0,200,0,0,0,0.0,1.0,0.33918367346938777,3676,8281,0,41.6883,0.0,0.0,0.0,1.3014,0.2061,0.311,531.5416814941415,4.943937883625116,1.951349713031603,13.39990410216916,107.01382683319463,0,0,0.0,1.1339639850477343,-1.1339639850477343,100.0,0.0,5,0
moderate,no_lstm,24,True,,5,0.10204081632653061,0.0,177.0,-4.0,50.0,0.0,1.0217,0.0,0.0,13.5668,0,5,1,33,0,200,0,0,0,0.0,1.0,0.3195918367346939,1697,8673,0,35.5228,0.0,0.0,0.0,1.1558,0.1635,0.3202,130.1785445146738,4.0393600939608145,3.4050284365843773,16.244849880528744,31.881526181800712,0,0,0.0,1.0216565152242365,-1.0216565152242365,100.0,0.0,5,0
moderate,no_lstm,25,True,,5,0.10204081632653061,0.0,165.0,-4.0,50.0,0.0,1.0609,1.0609,100.0,19.8612,0,5,1,23,0,200,0,0,0,0.0,1.0,0.5138775510204081,2573,8085,0,38.5257,0.0,0.0,0.0,1.0551,0.1633,0.2718,647.9041500581807,6.079645356801714,0.9805704791470786,10.974253740568209,106.14128497744228,0,0,0.0,0.0,0.0,100.0,0.0,4,0
moderate,no_lstm,26,True,,5,0.10204081632653061,0.0,138.0,-4.0,50.0,0.0,1.0883,1.0883,100.0,22.2445,0,5,1,22,0,200,0,0,0,0.0,1.0,0.5330612244897959,2820,6762,3,39.3747,0.0,0.0,0.0,0.9999,0.1464,0.263,847.3530390211342,6.304879966473639,0.0,5.819253720436334,133.89637923750402,0,0,0.0,0.0,0.0,100.0,0.0,4,0
moderate,no_lstm,27,True,,5,0.10204081632653061,0.0,195.0,-4.0,50.0,0.0,1.4864,0.0,0.0,16.2671,0,5,1,25,0,200,0,0,0,0.0,1.0,0.4755102040816327,2880,9555,0,44.8242,0.0,0.0,0.0,1.0281,0.1473,0.2613,472.4980255092164,3.2046885986973126,0.0,9.936213172140672,147.0221710878953,0,0,0.0,1.4863500136916148,-1.4863500136916148,100.0,0.0,4,0
moderate,no_lstm,28,True,,5,0.10204081632653061,0.0,165.0,-4.0,50.0,0.0,0.6377,0.6377,100.0,20.535,0,5,1,15,0,200,0,0,0,0.0,1.0,0.6693877551020407,2280,8085,0,39.9589,0.0,0.0,0.0,1.0295,0.1379,0.2744,529.9643441583572,3.5262804092328235,0.15957560059659492,7.324564925043257,149.79367426832306,0,0,0.0,0.0,0.0,100.0,0.0,3,0
moderate,no_lstm,29,True,,5,0.10204081632653061,0.0,148.0,-4.0,50.0,0.0,0.9374,0.0,0.0,18.9735,0,5,1,30,0,200,0,0,0,0.0,1.0,0.37857142857142856,2588,7252,0,37.7909,0.0,0.0,0.0,0.8383,0.1208,0.2189,646.6434168258788,6.096406484343569,0.0,7.298313817206204,105.61540568504174,0,0,0.0,0.9374182588536818,-0.9374182588536818,100.0,0.0,5,0
moderate,no_twin,0,True,,5,0.10204081632653061,0.0,112.0,-4.0,50.0,0.0,1.4288,1.4288,100.0,22.1044,0,5,1,22,0,200,0,0,0,0.0,1.0,0.5330612244897959,2721,5488,0,37.1098,0.0,0.0,0.0,1.1451,0.3855,0.2453,668.7324222326033,4.89267684196798,0.0,8.50206983148469,136.1811842924374,0,0,0.0,1.3225284476372645,-1.3225284476372645,100.0,0.0,4,0
moderate,no_twin,1,True,,5,0.10204081632653061,0.0,119.0,-4.0,50.0,0.0,1.3304,1.3304,100.0,24.1983,0,5,1,18,0,200,0,0,0,0.0,1.0,0.6114285714285714,2663,5831,0,37.6564,0.0,0.0,0.0,1.0732,0.3559,0.2384,664.2945068468068,4.342890321119123,0.0,3.984755393227904,152.46184342559806,0,0,0.0,0.0,0.0,100.0,0.0,3,0
moderate,no_twin,2,True,,5,0.10204081632653061,0.0,174.0,-4.0,50.0,0.0,1.593,0.0,0.0,20.7376,0,5,1,25,0,200,0,0,0,0.0,1.0,0.4757142857142857,3560,8526,0,39.7059,0.0,0.0,0.0,1.1416,0.4015,0.2326,542.2106850762328,4.489849781639846,0.0,9.59173800741715,120.27838635700353,0,0,0.0,1.5929580756874133,-1.5929580756874133,100.0,0.0,4,0
moderate,no_twin,3,True,,5,0.10204081632653061,0.0,141.0,-4.0,50.0,0.0,1.6732,0.0,0.0,17.0879,0,5,1,30,0,200,0,0,0,0.0,1.0,0.3783673469387755,2083,6909,0,41.773,0.0,0.0,0.0,1.3485,0.4445,0.2906,649.6574839208765,5.435744824570328,0.0,10.748413401624916,119.02421522485562,0,0,0.0,1.6731606381485258,-1.6731606381485258,100.0,0.0,4,0
moderate,no_twin,4,True,,5,0.10204081632653061,0.0,197.0,-4.0,50.0,0.0,1.0051,0.0,0.0,12.522,0,5,1,33,0,200,0,0,0,0.0,1.0,0.31979591836734694,4760,9653,0,41.5131,0.0,0.0,0.0,1.0687,0.3688,0.2101,377.9015487487664,2.627888721998247,0.8651086642878836,17.601381427028,143.31777708158498,0,0,0.0,1.005087123260971,-1.005087123260971,100.0,0.0,4,0
moderate,no_twin,5,True,,5,0.10204081632653061,0.0,130.0,-4.0,50.0,0.0,1.2679,0.0,0.0,19.1367,0,5,1,25,0,200,0,0,0,0.0,1.0,0.4755102040816327,2025,6370,0,36.9943,0.0,0.0,0.0,1.1969,0.3787,0.2653,363.69399592325607,4.9801036664725675,0.0,8.064196485337346,72.52940265515846,0,0,0.0,1.267941243263395,-1.267941243263395,100.0,0.0,5,0
moderate,no_twin,6,True,,5,0.10204081632653061,0.0,186.0,-4.0,50.0,0.0,0.8349,0.0,0.0,16.9827,0,5,1,35,0,200,0,0,0,0.0,1.0,0.2808163265306122,3600,9114,0,40.5502,0.0,0.0,0.0,1.2225,0.416,0.2478,729.3681208426647,6.004202694011021,0.983628152676074,9.87714127792952,121.07050560621407,0,0,0.0,0.8348753452356252,-0.8348753452356252,100.0,0.0,4,0
moderate,no_twin,7,True,,5,0.10204081632653061,0.0,167.0,-4.0,50.0,0.0,1.0885,1.0885,100.0,20.1246,0,5,1,15,0,200,0,0,0,0.0,1.0,0.669795918367347,2040,8183,0,38.4685,0.0,0.0,0.0,1.1095,0.3564,0.2448,196.78508987890905,2.5588127157649687,1.1510442126495768,7.676146583453252,76.73229278384775,0,0,0.0,0.0,0.0,100.0,0.0,3,0
moderate,no_twin,8,True,,5,0.10204081632653061,0.0,173.0,-4.0,50.0,0.0,1.0857,0.0,0.0,16.2768,0,5,1,30,0,200,0,0,0,0.0,1.0,0.37795918367346937,2791,8477,0,34.5041,0.0,0.0,0.0,1.1285,0.3558,0.2454,287.28240856796145,2.4707740184689944,0.8411084314756678,10.236805466072694,115.80711566243086,0,0,0.0,1.0857345480972442,-1.0857345480972442,100.0,0.0,4,0
moderate,no_twin,9,True,,5,0.10204081632653061,0.0,187.0,-4.0,50.0,0.0,1.4575,0.0,0.0,20.7299,0,5,1,21,0,200,0,0,0,0.0,1.0,0.553469387755102,2514,9163,5,40.4108,0.0,0.0,0.0,1.1799,0.3802,0.2574,388.91712370684917,2.6596502990904423,0.0,3.6802954892606534,145.72866917498584,0,0,0.0,1.4575276053396244,-1.4575276053396244,100.0,0.0,4,0
moderate,no_twin,10,True,,5,0.10204081632653061,0.0,145.0,-4.0,50.0,0.0,0.9999,0.9999,100.0,21.3515,0,5,1,20,0,200,0,0,0,0.0,1.0,0.5726530612244898,1365,7105,0,39.3591,0.0,0.0,0.0,1.1535,0.3928,0.2671,372.7304802084067,5.909215623213059,0.0,6.956316006846333,62.664294904506534,0,0,0.0,0.0,0.0,100.0,0.0,3,0
moderate,no_twin,11,True,,5,0.10204081632653061,0.0,186.0,-4.0,50.0,0.0,1.0225,0.0,0.0,21.4683,0,5,1,17,0,200,0,0,0,0.0,1.0,0.6316326530612245,1620,9114,3,42.9923,0.0,0.0,0.0,1.3962,0.4505,0.3245,341.95219162896615,4.433564979422874,0.0,6.70576893502876,76.63381921558646,0,0,0.0,1.0224576688221223,-1.0224576688221223,100.0,0.0,3,0
moderate,no_twin,12,True,,5,0.10204081632653061,0.0,157.0,-4.0,50.0,0.0,1.0231,0.0,0.0,16.3662,0,5,1,30,0,200,0,0,0,0.0,1.0,0.37795918367346937,2490,7693,0,38.3652,0.0,0.0,0.0,1.1737,0.3932,0.2607,181.9297624228593,2.622611206577112,2.024664991288324,13.74135683355588,68.94068705532978,0,0,0.0,1.023143093751339,-1.023143093751339,100.0,0.0,4,0
moderate,no_twin,13,True,,5,0.10204081632653061,0.0,181.0,-4.0,50.0,0.0,1.1568,0.0,0.0,20.9834,0,5,1,17,0,200,0,0,0,0.0,1.0,0.6316326530612245,2239,8869,0,42.6214,0.0,0.0,0.0,1.0779,0.3501,0.243,700.7028427886356,4.727737954775771,0.0,2.1560518402489306,147.71101539285056,0,0,0.0,1.1567844583699867,-1.1567844583699867,100.0,0.0,3,0
moderate,no_twin,14,True,,5,0.10204081632653061,0.0,129.0,-4.0,50.0,0.0,0.7018,0.0,0.0,18.5305,0,5,1,28,0,200,0,0,0,0.0,1.0,0.4173469387755102,1538,6321,0,39.7908,0.0,0.0,0.0,1.1428,0.3707,0.2627,658.4519931181269,4.837781974570726,0.0,9.779732028682261,135.64656681628395,0,0,0.0,0.7017592582169359,-0.7017592582169359,100.0,0.0,4,0
moderate,no_twin,15,True,,5,0.10204081632653061,0.0,137.0,-4.0,50.0,0.0,1.3976,1.3976,100.0,22.2391,0,5,1,15,0,200,0,0,0,0.0,1.0,0.669795918367347,2055,6713,0,37.9311,0.0,0.0,0.0,1.1034,0.3555,0.259,242.46936953918657,2.374815670592648,2.3236627302201462,12.329282556877875,101.90766109556252,0,0,0.0,0.0,0.0,100.0,0.0,3,0
moderate,no_twin,16,True,,5,0.10204081632653061,0.0,183.0,-4.0,50.0,0.0,1.6294,0.0,0.0,13.9296,0,5,1,38,0,200,0,0,0,0.0,1.0,0.22204081632653058,2324,8967,3,40.109,0.0,0.0,0.0,1.1023,0.354,0.2432,250.51816461971083,3.2440127459840196,5.98184945937415,17.272649727836594,76.74261689050388,0,0,0.0,1.6293685395795987,-1.6293685395795987,100.0,0.0,5,0
moderate,no_twin,17,True,,5,0.10204081632653061,0.0,178.0,-4.0,50.0,0.0,1.2228,0.0,0.0,16.2605,0,5,1,28,0,200,0,0,0,0.0,1.0,0.4173469387755102,3116,8722,0,40.3343,0.0,0.0,0.0,1.0364,0.3379,0.2233,266.1665595818093,2.647213213733179,0.7229208117798596,16.3890067149738,100.04594703629985,0,0,0.0,1.2228177087033796,-1.2228177087033796,100.0,0.0,4,0
moderate,no_twin,18,True,,5,0.10204081632653061,0.0,166.0,-4.0,50.0,0.0,1.2111,0.0,0.0,20.6149,0,5,1,21,0,200,0,0,0,0.0,1.0,0.5538775510204081,2596,8134,0,39.7755,0.0,0.0,0.0,1.1196,0.3673,0.2456,683.2368229683537,5.143434670808594,1.6415009633669904,8.599744396193596,132.33668729109036,0,0,0.0,1.2111286586139074,-1.2111286586139074,100.0,0.0,4,0
moderate,no_twin,19,True,,5,0.10204081632653061,0.0,168.0,-4.0,50.0,0.0,1.3392,0.0,0.0,20.2993,0,5,1,23,0,200,0,0,0,0.0,1.0,0.5146938775510204,2185,8232,0,38.4802,0.0,0.0,0.0,1.1155,0.3641,0.2462,672.1731354807772,5.371795099014268,0.0,8.79355385590447,124.63007720717465,0,0,0.0,1.339238407058224,-1.339238407058224,100.0,0.0,5,0
moderate,no_twin,20,True,,5,0.10204081632653061,0.0,126.0,-4.0,50.0,0.0,1.2902,1.2902,100.0,21.2777,0,5,1,16,0,200,0,0,0,0.0,1.0,0.6502040816326531,1420,6174,0,39.4087,0.0,0.0,0.0,1.3828,0.5129,0.2971,132.93346252096433,1.8689758785457957,0.0,7.309104332593995,70.72195051907724,0,0,0.0,0.0,0.0,100.0,0.0,3,0
moderate,no_twin,21,True,,5,0.10204081632653061,0.0,155.0,-4.0,50.0,0.0,0.5549,0.0,0.0,18.2675,0,5,1,33,0,200,0,0,0,0.0,1.0,0.31979591836734694,3346,7595,0,37.4372,0.0,0.0,0.0,1.0832,0.3608,0.2316,690.9320844843262,5.368020125233889,0.7931525497406584,13.597635972069888,128.25668265486215,0,0,0.0,0.5548875673819293,-0.5548875673819293,100.0,0.0,5,0
moderate,no_twin,22,True,,5,0.10204081632653061,0.0,182.0,-4.0,50.0,0.0,0.9456,0.0,0.0,12.2173,0,5,1,35,0,200,0,0,0,0.0,1.0,0.2808163265306122,3995,8918,0,41.7409,0.0,0.0,0.0,1.1814,0.418,0.2326,223.5407784055757,2.172249165458646,2.1580158381338306,16.89344771540543,102.40752182582943,0,0,0.0,0.9456254069654555,-0.9456254069654555,100.0,0.0,4,0
moderate,no_twin,23,True,,5,0.10204081632653061,0.0,169.0,-4.0,50.0,0.0,1.134,0.0,0.0,18.2438,0,5,1,32,0,200,0,0,0,0.0,1.0,0.33918367346938777,3676,8281,0,41.6883,0.0,0.0,0.0,1.1805,0.4014,0.2335,531.5416814941415,4.943937883625116,1.951349713031603,13.39990410216916,107.01382683319463,0,0,0.0,1.1339639850477343,-1.1339639850477343,100.0,0.0,5,0
moderate,no_twin,24,True,,5,0.10204081632653061,0.0,177.0,-4.0,50.0,0.0,1.0217,0.0,0.0,13.5668,0,5,1,33,0,200,0,0,0,0.0,1.0,0.3195918367346939,1697,8673,0,35.5228,0.0,0.0,0.0,1.1192,0.3767,0.2564,130.1785445146738,4.0393600939608145,3.4050284365843773,16.244849880528744,31.881526181800712,0,0,0.0,1.0216565152242365,-1.0216565152242365,100.0,0.0,5,0
moderate,no_twin,25,True,,5,0.10204081632653061,0.0,165.0,-4.0,50.0,0.0,1.0609,1.0609,100.0,19.8612,0,5,1,23,0,200,0,0,0,0.0,1.0,0.5138775510204081,2573,8085,0,38.5257,0.0,0.0,0.0,1.0673,0.3514,0.2309,647.9041500581807,6.079645356801714,0.9805704791470786,10.974253740568209,106.14128497744228,0,0,0.0,0.0,0.0,100.0,0.0,4,0
moderate,no_twin,26,True,,5,0.10204081632653061,0.0,138.0,-4.0,50.0,0.0,1.0883,1.0883,100.0,22.2445,0,5,1,22,0,200,0,0,0,0.0,1.0,0.5330612244897959,2820,6762,3,39.3747,0.0,0.0,0.0,1.0076,0.3311,0.2236,847.3530390211342,6.304879966473639,0.0,5.819253720436334,133.89637923750402,0,0,0.0,0.0,0.0,100.0,0.0,4,0
moderate,no_twin,27,True,,5,0.10204081632653061,0.0,195.0,-4.0,50.0,0.0,1.4864,0.0,0.0,16.2671,0,5,1,25,0,200,0,0,0,0.0,1.0,0.4755102040816327,2880,9555,0,44.8242,0.0,0.0,0.0,1.2738,0.4321,0.2645,472.4980255092164,3.2046885986973126,0.0,9.936213172140672,147.0221710878953,0,0,0.0,1.4863500136916148,-1.4863500136916148,100.0,0.0,4,0
moderate,no_twin,28,True,,5,0.10204081632653061,0.0,165.0,-4.0,50.0,0.0,0.6377,0.6377,100.0,20.535,0,5,1,15,0,200,0,0,0,0.0,1.0,0.6693877551020407,2280,8085,0,39.9589,0.0,0.0,0.0,1.0925,0.3453,0.2475,529.9643441583572,3.5262804092328235,0.15957560059659492,7.324564925043257,149.79367426832306,0,0,0.0,0.0,0.0,100.0,0.0,3,0
moderate,no_twin,29,True,,5,0.10204081632653061,0.0,148.0,-4.0,50.0,0.0,0.9374,0.0,0.0,18.9735,0,5,1,30,0,200,0,0,0,0.0,1.0,0.37857142857142856,2588,7252,0,37.7909,0.0,0.0,0.0,1.0979,0.3432,0.2429,646.6434168258788,6.096406484343569,0.0,7.298313817206204,105.61540568504174,0,0,0.0,0.9374182588536818,-0.9374182588536818,100.0,0.0,5,0
moderate,no_predictive,0,True,,5,0.10204081632653061,0.0,112.0,-4.0,50.0,0.0,1.4288,1.4288,100.0,22.1044,0,5,1,22,0,200,0,0,0,0.0,1.0,0.5330612244897959,2721,5488,0,37.1098,0.0,0.0,0.0,1.2608,0.4181,0.2554,668.7324222326033,4.89267684196798,0.0,8.50206983148469,136.1811842924374,0,0,0.0,1.3225284476372645,-1.3225284476372645,100.0,0.0,4,0
moderate,no_predictive,1,True,,5,0.10204081632653061,0.0,119.0,-4.0,50.0,0.0,1.3304,1.3304,100.0,24.1983,0,5,1,18,0,200,0,0,0,0.0,1.0,0.6114285714285714,2663,5831,0,37.6564,0.0,0.0,0.0,1.1567,0.357,0.2521,664.2945068468068,4.342890321119123,0.0,3.984755393227904,152.46184342559806,0,0,0.0,0.0,0.0,100.0,0.0,3,0
moderate,no_predictive,2,True,,5,0.10204081632653061,0.0,174.0,-4.0,50.0,0.0,1.593,0.0,0.0,20.7376,0,5,1,25,0,200,0,0,0,0.0,1.0,0.4757142857142857,3560,8526,0,39.7059,0.0,0.0,0.0,1.7872,0.6653,0.3262,542.2106850762328,4.489849781639846,0.0,9.59173800741715,120.27838635700353,0,0,0.0,1.5929580756874133,-1.5929580756874133,100.0,0.0,4,0
moderate,no_predictive,3,True,,5,0.10204081632653061,0.0,141.0,-4.0,50.0,0.0,1.6732,0.0,0.0,17.0879,0,5,1,30,0,200,0,0,0,0.0,1.0,0.3783673469387755,2083,6909,0,41.773,0.0,0.0,0.0,1.3526,0.406,0.2823,649.6574839208765,5.435744824570328,0.0,10.748413401624916,119.02421522485562,0,0,0.0,1.6731606381485258,-1.6731606381485258,100.0,0.0,4,0
moderate,no_predictive,4,True,,5,0.10204081632653061,0.0,197.0,-4.0,50.0,0.0,1.0051,0.0,0.0,12.522,0,5,1,33,0,200,0,0,0,0.0,1.0,0.31979591836734694,4760,9653,0,41.5131,0.0,0.0,0.0,1.1083,0.3676,0.2096,377.9015487487664,2.627888721998247,0.8651086642878836,17.601381427028,143.31777708158498,0,0,0.0,1.005087123260971,-1.005087123260971,100.0,0.0,4,0
moderate,no_predictive,5,True,,5,0.10204081632653061,0.0,130.0,-4.0,50.0,0.0,1.2679,0.0,0.0,19.1367,0,5,1,25,0,200,0,0,0,0.0,1.0,0.4755102040816327,2025,6370,0,36.9943,0.0,0.0,0.0,1.2207,0.373,0.26,363.69399592325607,4.9801036664725675,0.0,8.064196485337346,72.52940265515846,0,0,0.0,1.267941243263395,-1.267941243263395,100.0,0.0,5,0
moderate,no_predictive,6,True,,5,0.10204081632653061,0.0,186.0,-4.0,50.0,0.0,0.8349,0.0,0.0,16.9827,0,5,1,35,0,200,0,0,0,0.0,1.0,0.2808163265306122,3600,9114,0,40.5502,0.0,0.0,0.0,1.2853,0.4082,0.2538,729.3681208426647,6.004202694011021,0.983628152676074,9.87714127792952,121.07050560621407,0,0,0.0,0.8348753452356252,-0.8348753452356252,100.0,0.0,4,0
moderate,no_predictive,7,True,,5,0.10204081632653061,0.0,167.0,-4.0,50.0,0.0,1.0885,1.0885,100.0,20.1246,0,5,1,15,0,200,0,0,0,0.0,1.0,0.669795918367347,2040,8183,0,38.4685,0.0,0.0,0.0,1.3369,0.3997,0.2939,196.78508987890905,2.5588127157649687,1.1510442126495768,7.676146583453252,76.73229278384775,0,0,0.0,0.0,0.0,100.0,0.0,3,0
moderate,no_predictive,8,True,,5,0.10204081632653061,0.0,173.0,-4.0,50.0,0.0,1.0857,0.0,0.0,16.2768,0,5,1,30,0,200,0,0,0,0.0,1.0,0.37795918367346937,2791,8477,0,34.5041,0.0,0.0,0.0,1.466,0.4671,0.2925,287.28240856796145,2.4707740184689944,0.8411084314756678,10.236805466072694,115.80711566243086,0,0,0.0,1.0857345480972442,-1.0857345480972442,100.0,0.0,4,0
moderate,no_predictive,9,True,,5,0.10204081632653061,0.0,187.0,-4.0,50.0,0.0,1.4575,0.0,0.0,20.7299,0,5,1,21,0,200,0,0,0,0.0,1.0,0.553469387755102,2514,9163,5,40.4108,0.0,0.0,0.0,1.3817,0.4168,0.2931,388.91712370684917,2.6596502990904423,0.0,3.6802954892606534,145.72866917498584,0,0,0.0,1.4575276053396244,-1.4575276053396244,100.0,0.0,4,0
moderate,no_predictive,10,True,,5,0.10204081632653061,0.0,145.0,-4.0,50.0,0.0,0.9999,0.9999,100.0,21.3515,0,5,1,20,0,200,0,0,0,0.0,1.0,0.5726530612244898,1365,7105,0,39.3591,0.0,0.0,0.0,1.2589,0.3525,0.3066,372.7304802084067,5.909215623213059,0.0,6.956316006846333,62.664294904506534,0,0,0.0,0.0,0.0,100.0,0.0,3,0
moderate,no_predictive,11,True,,5,0.10204081632653061,0.0,186.0,-4.0,50.0,0.0,1.0225,0.0,0.0,21.4683,0,5,1,17,0,200,0,0,0,0.0,1.0,0.6316326530612245,1620,9114,3,42.9923,0.0,0.0,0.0,1.2116,0.3576,0.2723,341.95219162896615,4.433564979422874,0.0,6.70576893502876,76.63381921558646,0,0,0.0,1.0224576688221223,-1.0224576688221223,100.0,0.0,3,0
moderate,no_predictive,12,True,,5,0.10204081632653061,0.0,157.0,-4.0,50.0,0.0,1.0231,0.0,0.0,16.3662,0,5,1,30,0,200,0,0,0,0.0,1.0,0.37795918367346937,2490,7693,0,38.3652,0.0,0.0,0.0,1.1729,0.3585,0.251,181.9297624228593,2.622611206577112,2.024664991288324,13.74135683355588,68.94068705532978,0,0,0.0,1.023143093751339,-1.023143093751339,100.0,0.0,4,0
moderate,no_predictive,13,True,,5,0.10204081632653061,0.0,181.0,-4.0,50.0,0.0,1.1568,0.0,0.0,20.9834,0,5,1,17,0,200,0,0,0,0.0,1.0,0.6316326530612245,2239,8869,0,42.6214,0.0,0.0,0.0,1.2626,0.4186,0.2618,700.7028427886356,4.727737954775771,0.0,2.1560518402489306,147.71101539285056,0,0,0.0,1.1567844583699867,-1.1567844583699867,100.0,0.0,3,0
moderate,no_predictive,14,True,,5,0.10204081632653061,0.0,129.0,-4.0,50.0,0.0,0.7018,0.0,0.0,18.5305,0,5,1,28,0,200,0,0,0,0.0,1.0,0.4173469387755102,1538,6321,0,39.7908,0.0,0.0,0.0,1.475,0.4563,0.3192,658.4519931181269,4.837781974570726,0.0,9.779732028682261,135.64656681628395,0,0,0.0,0.7017592582169359,-0.7017592582169359,100.0,0.0,4,0
moderate,no_predictive,15,True,,5,0.10204081632653061,0.0,137.0,-4.0,50.0,0.0,1.3976,1.3976,100.0,22.2391,0,5,1,15,0,200,0,0,0,0.0,1.0,0.669795918367347,2055,6713,0,37.9311,0.0,0.0,0.0,1.3388,0.4158,0.2945,242.46936953918657,2.374815670592648,2.3236627302201462,12.329282556877875,101.90766109556252,0,0,0.0,0.0,0.0,100.0,0.0,3,0
moderate,no_predictive,16,True,,5,0.10204081632653061,0.0,183.0,-4.0,50.0,0.0,1.6294,0.0,0.0,13.9296,0,5,1,38,0,200,0,0,0,0.0,1.0,0.22204081632653058,2324,8967,3,40.109,0.0,0.0,0.0,1.3757,0.4231,0.2912,250.51816461971083,3.2440127459840196,5.98184945937415,17.272649727836594,76.74261689050388,0,0,0.0,1.6293685395795987,-1.6293685395795987,100.0,0.0,5,0
moderate,no_predictive,17,True,,5,0.10204081632653061,0.0,178.0,-4.0,50.0,0.0,1.2228,0.0,0.0,16.2605,0,5,1,28,0,200,0,0,0,0.0,1.0,0.4173469387755102,3116,8722,0,40.3343,0.0,0.0,0.0,1.402,0.4366,0.2886,266.1665595818093,2.647213213733179,0.7229208117798596,16.3890067149738,100.04594703629985,0,0,0.0,1.2228177087033796,-1.2228177087033796,100.0,0.0,4,0
moderate,no_predictive,18,True,,5,0.10204081632653061,0.0,166.0,-4.0,50.0,0.0,1.2111,0.0,0.0,20.6149,0,5,1,21,0,200,0,0,0,0.0,1.0,0.5538775510204081,2596,8134,0,39.7755,0.0,0.0,0.0,1.3788,0.4363,0.2874,683.2368229683537,5.143434670808594,1.6415009633669904,8.599744396193596,132.33668729109036,0,0,0.0,1.2111286586139074,-1.2111286586139074,100.0,0.0,4,0
moderate,no_predictive,19,True,,5,0.10204081632653061,0.0,168.0,-4.0,50.0,0.0,1.3392,0.0,0.0,20.2993,0,5,1,23,0,200,0,0,0,0.0,1.0,0.5146938775510204,2185,8232,0,38.4802,0.0,0.0,0.0,1.5671,0.5362,0.3131,672.1731354807772,5.371795099014268,0.0,8.79355385590447,124.63007720717465,0,0,0.0,1.339238407058224,-1.339238407058224,100.0,0.0,5,0
moderate,no_predictive,20,True,,5,0.10204081632653061,0.0,126.0,-4.0,50.0,0.0,1.2902,1.2902,100.0,21.2777,0,5,1,16,0,200,0,0,0,0.0,1.0,0.6502040816326531,1420,6174,0,39.4087,0.0,0.0,0.0,1.442,0.4498,0.3129,132.93346252096433,1.8689758785457957,0.0,7.309104332593995,70.72195051907724,0,0,0.0,0.0,0.0,100.0,0.0,3,0
moderate,no_predictive,21,True,,5,0.10204081632653061,0.0,155.0,-4.0,50.0,0.0,0.5549,0.0,0.0,18.2675,0,5,1,33,0,200,0,0,0,0.0,1.0,0.31979591836734694,3346,7595,0,37.4372,0.0,0.0,0.0,1.2807,0.4133,0.2573,690.9320844843262,5.368020125233889,0.7931525497406584,13.597635972069888,128.25668265486215,0,0,0.0,0.5548875673819293,-0.5548875673819293,100.0,0.0,5,0
moderate,no_predictive,22,True,,5,0.10204081632653061,0.0,182.0,-4.0,50.0,0.0,0.9456,0.0,0.0,12.2173,0,5,1,35,0,200,0,0,0,0.0,1.0,0.2808163265306122,3995,8918,0,41.7409,0.0,0.0,0.0,1.134,0.3568,0.2244,223.5407784055757,2.172249165458646,2.1580158381338306,16.89344771540543,102.40752182582943,0,0,0.0,0.9456254069654555,-0.9456254069654555,100.0,0.0,4,0
moderate,no_predictive,23,True,,5,0.10204081632653061,0.0,169.0,-4.0,50.0,0.0,1.134,0.0,0.0,18.2438,0,5,1,32,0,200,0,0,0,0.0,1.0,0.33918367346938777,3676,8281,0,41.6883,0.0,0.0,0.0,1.2039,0.3703,0.2325,531.5416814941415,4.943937883625116,1.951349713031603,13.39990410216916,107.01382683319463,0,0,0.0,1.1339639850477343,-1.1339639850477343,100.0,0.0,5,0
moderate,no_predictive,24,True,,5,0.10204081632653061,0.0,177.0,-4.0,50.0,0.0,1.0217,0.0,0.0,13.5668,0,5,1,33,0,200,0,0,0,0.0,1.0,0.3195918367346939,1697,8673,0,35.5228,0.0,0.0,0.0,1.2462,0.3848,0.2762,130.1785445146738,4.0393600939608145,3.4050284365843773,16.244849880528744,31.881526181800712,0,0,0.0,1.0216565152242365,-1.0216565152242365,100.0,0.0,5,0
moderate,no_predictive,25,True,,5,0.10204081632653061,0.0,165.0,-4.0,50.0,0.0,1.0609,1.0609,100.0,19.8612,0,5,1,23,0,200,0,0,0,0.0,1.0,0.5138775510204081,2573,8085,0,38.5257,0.0,0.0,0.0,1.2221,0.378,0.2524,647.9041500581807,6.079645356801714,0.9805704791470786,10.974253740568209,106.14128497744228,0,0,0.0,0.0,0.0,100.0,0.0,4,0
moderate,no_predictive,26,True,,5,0.10204081632653061,0.0,138.0,-4.0,50.0,0.0,1.0883,1.0883,100.0,22.2445,0,5,1,22,0,200,0,0,0,0.0,1.0,0.5330612244897959,2820,6762,3,39.3747,0.0,0.0,0.0,1.2354,0.4049,0.2538,847.3530390211342,6.304879966473639,0.0,5.819253720436334,133.89637923750402,0,0,0.0,0.0,0.0,100.0,0.0,4,0
moderate,no_predictive,27,True,,5,0.10204081632653061,0.0,195.0,-4.0,50.0,0.0,1.4864,0.0,0.0,16.2671,0,5,1,25,0,200,0,0,0,0.0,1.0,0.4755102040816327,2880,9555,0,44.8242,0.0,0.0,0.0,1.4219,0.4612,0.2882,472.4980255092164,3.2046885986973126,0.0,9.936213172140672,147.0221710878953,0,0,0.0,1.4863500136916148,-1.4863500136916148,100.0,0.0,4,0
moderate,no_predictive,28,True,,5,0.10204081632653061,0.0,165.0,-4.0,50.0,0.0,0.6377,0.6377,100.0,20.535,0,5,1,15,0,200,0,0,0,0.0,1.0,0.6693877551020407,2280,8085,0,39.9589,0.0,0.0,0.0,1.2226,0.3749,0.2599,529.9643441583572,3.5262804092328235,0.15957560059659492,7.324564925043257,149.79367426832306,0,0,0.0,0.0,0.0,100.0,0.0,3,0
moderate,no_predictive,29,True,,5,0.10204081632653061,0.0,148.0,-4.0,50.0,0.0,0.9374,0.0,0.0,18.9735,0,5,1,30,0,200,0,0,0,0.0,1.0,0.37857142857142856,2588,7252,0,37.7909,0.0,0.0,0.0,1.3006,0.4048,0.2725,646.6434168258788,6.096406484343569,0.0,7.298313817206204,105.61540568504174,0,0,0.0,0.9374182588536818,-0.9374182588536818,100.0,0.0,5,0
moderate,no_reward,0,True,,5,0.10204081632653061,0.0,112.0,-4.0,50.0,0.0,1.4288,1.4288,100.0,22.1044,0,5,1,22,0,200,0,0,0,0.0,1.0,0.5330612244897959,2721,5488,0,37.1098,0.0,0.0,0.0,1.2551,0.3878,0.2587,668.7324222326033,4.89267684196798,0.0,8.50206983148469,136.1811842924374,0,0,0.0,1.3225284476372645,-1.3225284476372645,100.0,0.0,4,0
moderate,no_reward,1,True,,5,0.10204081632653061,0.0,119.0,-4.0,50.0,0.0,1.3304,1.3304,100.0,24.1983,0,5,1,18,0,200,0,0,0,0.0,1.0,0.6114285714285714,2663,5831,0,37.6564,0.0,0.0,0.0,1.1631,0.3657,0.2446,664.2945068468068,4.342890321119123,0.0,3.984755393227904,152.46184342559806,0,0,0.0,0.0,0.0,100.0,0.0,3,0
moderate,no_reward,2,True,,5,0.10204081632653061,0.0,174.0,-4.0,50.0,0.0,1.593,0.0,0.0,20.7376,0,5,1,25,0,200,0,0,0,0.0,1.0,0.4757142857142857,3560,8526,0,39.7059,0.0,0.0,0.0,1.3657,0.4278,0.2699,542.2106850762328,4.489849781639846,0.0,9.59173800741715,120.27838635700353,0,0,0.0,1.5929580756874133,-1.5929580756874133,100.0,0.0,4,0
moderate,no_reward,3,True,,5,0.10204081632653061,0.0,141.0,-4.0,50.0,0.0,1.6732,0.0,0.0,17.0879,0,5,1,30,0,200,0,0,0,0.0,1.0,0.3783673469387755,2083,6909,0,41.773,0.0,0.0,0.0,1.3479,0.4156,0.2772,649.6574839208765,5.435744824570328,0.0,10.748413401624916,119.02421522485562,0,0,0.0,1.6731606381485258,-1.6731606381485258,100.0,0.0,4,0
moderate,no_reward,4,True,,5,0.10204081632653061,0.0,197.0,-4.0,50.0,0.0,1.0051,0.0,0.0,12.522,0,5,1,33,0,200,0,0,0,0.0,1.0,0.31979591836734694,4760,9653,0,41.5131,0.0,0.0,0.0,1.1131,0.3711,0.2061,377.9015487487664,2.627888721998247,0.8651086642878836,17.601381427028,143.31777708158498,0,0,0.0,1.005087123260971,-1.005087123260971,100.0,0.0,4,0
moderate,no_reward,5,True,,5,0.10204081632653061,0.0,130.0,-4.0,50.0,0.0,1.2679,0.0,0.0,19.1367,0,5,1,25,0,200,0,0,0,0.0,1.0,0.4755102040816327,2025,6370,0,36.9943,0.0,0.0,0.0,1.3237,0.3985,0.2796,363.69399592325607,4.9801036664725675,0.0,8.064196485337346,72.52940265515846,0,0,0.0,1.267941243263395,-1.267941243263395,100.0,0.0,5,0
moderate,no_reward,6,True,,5,0.10204081632653061,0.0,186.0,-4.0,50.0,0.0,0.8349,0.0,0.0,16.9827,0,5,1,35,0,200,0,0,0,0.0,1.0,0.2808163265306122,3600,9114,0,40.5502,0.0,0.0,0.0,1.1634,0.3655,0.2302,729.3681208426647,6.004202694011021,0.983628152676074,9.87714127792952,121.07050560621407,0,0,0.0,0.8348753452356252,-0.8348753452356252,100.0,0.0,4,0
moderate,no_reward,7,True,,5,0.10204081632653061,0.0,167.0,-4.0,50.0,0.0,1.0885,1.0885,100.0,20.1246,0,5,1,15,0,200,0,0,0,0.0,1.0,0.669795918367347,2040,8183,0,38.4685,0.0,0.0,0.0,1.2399,0.3926,0.2611,196.78508987890905,2.5588127157649687,1.1510442126495768,7.676146583453252,76.73229278384775,0,0,0.0,0.0,0.0,100.0,0.0,3,0
moderate,no_reward,8,True,,5,0.10204081632653061,0.0,173.0,-4.0,50.0,0.0,1.0857,0.0,0.0,16.2768,0,5,1,30,0,200,0,0,0,0.0,1.0,0.37795918367346937,2791,8477,0,34.5041,0.0,0.0,0.0,1.3336,0.4447,0.256,287.28240856796145,2.4707740184689944,0.8411084314756678,10.236805466072694,115.80711566243086,0,0,0.0,1.0857345480972442,-1.0857345480972442,100.0,0.0,4,0
moderate,no_reward,9,True,,5,0.10204081632653061,0.0,187.0,-4.0,50.0,0.0,1.4575,0.0,0.0,20.7299,0,5,1,21,0,200,0,0,0,0.0,1.0,0.553469387755102,2514,9163,5,40.4108,0.0,0.0,0.0,1.2718,0.3855,0.2657,388.91712370684917,2.6596502990904423,0.0,3.6802954892606534,145.72866917498584,0,0,0.0,1.4575276053396244,-1.4575276053396244,100.0,0.0,4,0
moderate,no_reward,10,True,,5,0.10204081632653061,0.0,145.0,-4.0,50.0,0.0,0.9999,0.9999,100.0,21.3515,0,5,1,20,0,200,0,0,0,0.0,1.0,0.5726530612244898,1365,7105,0,39.3591,0.0,0.0,0.0,1.3663,0.454,0.298,372.7304802084067,5.909215623213059,0.0,6.956316006846333,62.664294904506534,0,0,0.0,0.0,0.0,100.0,0.0,3,0
moderate,no_reward,11,True,,5,0.10204081632653061,0.0,186.0,-4.0,50.0,0.0,1.0225,0.0,0.0,21.4683,0,5,1,17,0,200,0,0,0,0.0,1.0,0.6316326530612245,1620,9114,3,42.9923,0.0,0.0,0.0,1.1687,0.3495,0.2613,341.95219162896615,4.433564979422874,0.0,6.70576893502876,76.63381921558646,0,0,0.0,1.0224576688221223,-1.0224576688221223,100.0,0.0,3,0
moderate,no_reward,12,True,,5,0.10204081632653061,0.0,157.0,-4.0,50.0,0.0,1.0231,0.0,0.0,16.3662,0,5,1,30,0,200,0,0,0,0.0,1.0,0.37795918367346937,2490,7693,0,38.3652,0.0,0.0,0.0,1.2709,0.3916,0.2711,181.9297624228593,2.622611206577112,2.024664991288324,13.74135683355588,68.94068705532978,0,0,0.0,1.023143093751339,-1.023143093751339,100.0,0.0,4,0
moderate,no_reward,13,True,,5,0.10204081632653061,0.0,181.0,-4.0,50.0,0.0,1.1568,0.0,0.0,20.9834,0,5,1,17,0,200,0,0,0,0.0,1.0,0.6316326530612245,2239,8869,0,42.6214,0.0,0.0,0.0,1.2137,0.3751,0.2599,700.7028427886356,4.727737954775771,0.0,2.1560518402489306,147.71101539285056,0,0,0.0,1.1567844583699867,-1.1567844583699867,100.0,0.0,3,0
moderate,no_reward,14,True,,5,0.10204081632653061,0.0,129.0,-4.0,50.0,0.0,0.7018,0.0,0.0,18.5305,0,5,1,28,0,200,0,0,0,0.0,1.0,0.4173469387755102,1538,6321,0,39.7908,0.0,0.0,0.0,1.2049,0.3635,0.2634,658.4519931181269,4.837781974570726,0.0,9.779732028682261,135.64656681628395,0,0,0.0,0.7017592582169359,-0.7017592582169359,100.0,0.0,4,0
moderate,no_reward,15,True,,5,0.10204081632653061,0.0,137.0,-4.0,50.0,0.0,1.3976,1.3976,100.0,22.2391,0,5,1,15,0,200,0,0,0,0.0,1.0,0.669795918367347,2055,6713,0,37.9311,0.0,0.0,0.0,1.2633,0.4053,0.2678,242.46936953918657,2.374815670592648,2.3236627302201462,12.329282556877875,101.90766109556252,0,0,0.0,0.0,0.0,100.0,0.0,3,0
moderate,no_reward,16,True,,5,0.10204081632653061,0.0,183.0,-4.0,50.0,0.0,1.6294,0.0,0.0,13.9296,0,5,1,38,0,200,0,0,0,0.0,1.0,0.22204081632653058,2324,8967,3,40.109,0.0,0.0,0.0,1.2626,0.3852,0.2648,250.51816461971083,3.2440127459840196,5.98184945937415,17.272649727836594,76.74261689050388,0,0,0.0,1.6293685395795987,-1.6293685395795987,100.0,0.0,5,0
moderate,no_reward,17,True,,5,0.10204081632653061,0.0,178.0,-4.0,50.0,0.0,1.2228,0.0,0.0,16.2605,0,5,1,28,0,200,0,0,0,0.0,1.0,0.4173469387755102,3116,8722,0,40.3343,0.0,0.0,0.0,1.2653,0.4014,0.2513,266.1665595818093,2.647213213733179,0.7229208117798596,16.3890067149738,100.04594703629985,0,0,0.0,1.2228177087033796,-1.2228177087033796,100.0,0.0,4,0
moderate,no_reward,18,True,,5,0.10204081632653061,0.0,166.0,-4.0,50.0,0.0,1.2111,0.0,0.0,20.6149,0,5,1,21,0,200,0,0,0,0.0,1.0,0.5538775510204081,2596,8134,0,39.7755,0.0,0.0,0.0,1.2072,0.3839,0.2511,683.2368229683537,5.143434670808594,1.6415009633669904,8.599744396193596,132.33668729109036,0,0,0.0,1.2111286586139074,-1.2111286586139074,100.0,0.0,4,0
moderate,no_reward,19,True,,5,0.10204081632653061,0.0,168.0,-4.0,50.0,0.0,1.3392,0.0,0.0,20.2993,0,5,1,23,0,200,0,0,0,0.0,1.0,0.5146938775510204,2185,8232,0,38.4802,0.0,0.0,0.0,1.1679,0.3549,0.2466,672.1731354807772,5.371795099014268,0.0,8.79355385590447,124.63007720717465,0,0,0.0,1.339238407058224,-1.339238407058224,100.0,0.0,5,0
moderate,no_reward,20,True,,5,0.10204081632653061,0.0,126.0,-4.0,50.0,0.0,1.2902,1.2902,100.0,21.2777,0,5,1,16,0,200,0,0,0,0.0,1.0,0.6502040816326531,1420,6174,0,39.4087,0.0,0.0,0.0,1.3958,0.4107,0.3262,132.93346252096433,1.8689758785457957,0.0,7.309104332593995,70.72195051907724,0,0,0.0,0.0,0.0,100.0,0.0,3,0
moderate,no_reward,21,True,,5,0.10204081632653061,0.0,155.0,-4.0,50.0,0.0,0.5549,0.0,0.0,18.2675,0,5,1,33,0,200,0,0,0,0.0,1.0,0.31979591836734694,3346,7595,0,37.4372,0.0,0.0,0.0,1.2376,0.3896,0.2562,690.9320844843262,5.368020125233889,0.7931525497406584,13.597635972069888,128.25668265486215,0,0,0.0,0.5548875673819293,-0.5548875673819293,100.0,0.0,5,0
moderate,no_reward,22,True,,5,0.10204081632653061,0.0,182.0,-4.0,50.0,0.0,0.9456,0.0,0.0,12.2173,0,5,1,35,0,200,0,0,0,0.0,1.0,0.2808163265306122,3995,8918,0,41.7409,0.0,0.0,0.0,1.1949,0.3711,0.236,223.5407784055757,2.172249165458646,2.1580158381338306,16.89344771540543,102.40752182582943,0,0,0.0,0.9456254069654555,-0.9456254069654555,100.0,0.0,4,0
moderate,no_reward,23,True,,5,0.10204081632653061,0.0,169.0,-4.0,50.0,0.0,1.134,0.0,0.0,18.2438,0,5,1,32,0,200,0,0,0,0.0,1.0,0.33918367346938777,3676,8281,0,41.6883,0.0,0.0,0.0,1.234,0.3805,0.241,531.5416814941415,4.943937883625116,1.951349713031603,13.39990410216916,107.01382683319463,0,0,0.0,1.1339639850477343,-1.1339639850477343,100.0,0.0,5,0
moderate,no_reward,24,True,,5,0.10204081632653061,0.0,177.0,-4.0,50.0,0.0,1.0217,0.0,0.0,13.5668,0,5,1,33,0,200,0,0,0,0.0,1.0,0.3195918367346939,1697,8673,0,35.5228,0.0,0.0,0.0,1.291,0.419,0.2762,130.1785445146738,4.0393600939608145,3.4050284365843773,16.244849880528744,31.881526181800712,0,0,0.0,1.0216565152242365,-1.0216565152242365,100.0,0.0,5,0
moderate,no_reward,25,True,,5,0.10204081632653061,0.0,165.0,-4.0,50.0,0.0,1.0609,1.0609,100.0,19.8612,0,5,1,23,0,200,0,0,0,0.0,1.0,0.5138775510204081,2573,8085,0,38.5257,0.0,0.0,0.0,1.299,0.4075,0.2693,647.9041500581807,6.079645356801714,0.9805704791470786,10.974253740568209,106.14128497744228,0,0,0.0,0.0,0.0,100.0,0.0,4,0
moderate,no_reward,26,True,,5,0.10204081632653061,0.0,138.0,-4.0,50.0,0.0,1.0883,1.0883,100.0,22.2445,0,5,1,22,0,200,0,0,0,0.0,1.0,0.5330612244897959,2820,6762,3,39.3747,0.0,0.0,0.0,1.233,0.3876,0.258,847.3530390211342,6.304879966473639,0.0,5.819253720436334,133.89637923750402,0,0,0.0,0.0,0.0,100.0,0.0,4,0
moderate,no_reward,27,True,,5,0.10204081632653061,0.0,195.0,-4.0,50.0,0.0,1.4864,0.0,0.0,16.2671,0,5,1,25,0,200,0,0,0,0.0,1.0,0.4755102040816327,2880,9555,0,44.8242,0.0,0.0,0.0,1.1996,0.369,0.2469,472.4980255092164,3.2046885986973126,0.0,9.936213172140672,147.0221710878953,0,0,0.0,1.4863500136916148,-1.4863500136916148,100.0,0.0,4,0
moderate,no_reward,28,True,,5,0.10204081632653061,0.0,165.0,-4.0,50.0,0.0,0.6377,0.6377,100.0,20.535,0,5,1,15,0,200,0,0,0,0.0,1.0,0.6693877551020407,2280,8085,0,39.9589,0.0,0.0,0.0,1.4195,0.4477,0.2903,529.9643441583572,3.5262804092328235,0.15957560059659492,7.324564925043257,149.79367426832306,0,0,0.0,0.0,0.0,100.0,0.0,3,0
moderate,no_reward,29,True,,5,0.10204081632653061,0.0,148.0,-4.0,50.0,0.0,0.9374,0.0,0.0,18.9735,0,5,1,30,0,200,0,0,0,0.0,1.0,0.37857142857142856,2588,7252,0,37.7909,0.0,0.0,0.0,1.6454,0.547,0.3325,646.6434168258788,6.096406484343569,0.0,7.298313817206204,105.61540568504174,0,0,0.0,0.9374182588536818,-0.9374182588536818,100.0,0.0,5,0
severe,persistence,0,True,,8,0.16326530612244897,0.0,200.0,-7.0,80.0,0.0,2.5,0.0,0.0,66.538,0,8,1,38,0,0,0,0,0,0.0,1.0,0.22204081632653058,5960,9800,71,12.0766,0.0,0.0,0.0,0.7479,0.0006,0.2728,6636.0467308364205,46.094546749100175,0.0,0.0,143.54252735354785,0,0,0.0,2.5,-2.5,100.0,0.0,6,0
severe,persistence,1,True,,8,0.16326530612244897,0.0,200.0,-7.0,80.0,0.0,2.5,0.0,0.0,67.1157,0,8,1,35,0,0,0,0,0,0.0,1.0,0.2808163265306122,5945,9800,104,12.3079,0.0,0.0,0.0,0.7377,0.0006,0.2632,6466.453293875797,39.395719035797114,0.0,0.0,163.70604882842792,0,0,0.0,2.5,-2.5,100.0,0.0,5,0
severe,persistence,2,True,,7,0.14285714285714285,0.0,200.0,-6.0,70.0,0.0,2.5,0.0,0.0,67.0465,0,7,1,37,0,0,0,0,0,0.0,1.0,0.24183673469387754,5312,9800,209,10.7471,0.0,0.0,0.0,0.5246,0.0004,0.193,5395.0839076766215,43.342208621682346,0.0,0.0,124.04900448922857,0,0,0.0,2.5,-2.5,100.0,0.0,6,0
severe,persistence,3,True,,8,0.16326530612244897,0.0,200.0,-7.0,80.0,0.0,2.5,0.0,0.0,65.2847,0,8,1,35,0,0,0,0,0,0.0,1.0,0.2808163265306122,6050,9800,119,12.0119,0.0,0.0,0.0,0.534,0.0004,0.1954,6148.845696444204,35.84971772583844,0.0,0.0,171.06746015838394,0,0,0.0,2.5,-2.5,100.0,0.0,5,0
severe,persistence,4,True,,8,0.16326530612244897,0.0,200.0,-7.0,80.0,0.0,2.5,0.0,0.0,60.0392,0,8,1,38,0,0,0,0,0,0.0,1.0,0.22204081632653058,6625,9800,19,14.3516,0.0,0.0,0.0,0.43,0.0004,0.1507,6256.102361614284,37.997760619995255,0.0,0.0,164.21580251867815,0,0,0.0,2.5,-2.5,100.0,0.0,7,0
severe,persistence,5,True,,8,0.16326530612244897,0.0,200.0,-7.0,80.0,0.0,2.5,0.0,0.0,70.4713,0,8,1,33,0,0,0,0,0,0.0,1.0,0.32020408163265307,5229,9800,129,10.6507,0.0,0.0,0.0,0.4921,0.0004,0.1799,5670.102127722954,38.814580350409145,0.0,0.0,145.6634940997192,0,0,0.0,2.5,-2.5,100.0,0.0,5,0
severe,persistence,6,True,,8,0.16326530612244897,0.0,200.0,-7.0,80.0,0.0,2.022,0.0,0.0,64.819,0,8,1,33,0,0,0,0,0,0.0,1.0,0.31979591836734694,5600,9800,152,11.7225,0.0,0.0,0.0,0.6434,0.0007,0.2342,5670.77717254263,36.2164778121189,0.0,0.0,156.18330443279444,0,0,0.0,2.0219662329638677,-2.0219662329638677,100.0,0.0,7,0
severe,persistence,7,True,,8,0.16326530612244897,0.0,200.0,-7.0,80.0,0.0,2.5,0.0,0.0,69.0969,0,8,1,38,0,0,0,0,0,0.0,1.0,0.22204081632653058,5762,9800,126,12.7147,0.0,0.0,0.0,0.5459,0.0005,0.1953,6318.122259439251,45.493206717173805,0.0,0.0,138.42338827176883,0,0,0.0,2.5,-2.5,100.0,0.0,4,0
severe,persistence,8,True,,8,0.16326530612244897,0.0,200.0,-7.0,80.0,0.0,2.5,0.0,0.0,63.3586,0,8,1,35,0,0,0,0,0,0.0,1.0,0.2808163265306122,5916,9800,146,11.0031,0.0,0.0,0.0,0.6356,0.0006,0.2311,5663.618203557477,35.039066943368525,0.0,0.0,161.20640869620465,0,0,0.0,2.5,-2.5,100.0,0.0,6,0
severe,persistence,9,True,,8,0.16326530612244897,0.0,200.0,-7.0,80.0,0.0,2.1949,0.0,0.0,69.9538,0,8,1,43,0,0,0,0,0,0.0,1.0,0.12224489795918368,6909,9800,33,13.2509,0.0,0.0,0.0,0.537,0.0006,0.1781,9320.40245840113,61.944199360231686,0.0,0.0,150.02091623455655,0,0,0.0,2.19486534746198,-2.19486534746198,100.0,0.0,6,0
severe,persistence,10,True,,8,0.16326530612244897,0.0,200.0,-7.0,80.0,0.0,2.4296,0.0,0.0,68.7645,0,8,1,35,0,0,0,0,0,0.0,1.0,0.2808163265306122,5490,9800,163,13.6068,0.0,0.0,0.0,0.5311,0.0004,0.1965,5828.529511887707,39.44713655895831,0.0,0.0,147.30505367674692,0,0,0.0,2.429635839041815,-2.429635839041815,100.0,0.0,5,0
severe,persistence,11,True,,8,0.16326530612244897,0.0,200.0,-7.0,80.0,0.0,2.5,0.0,0.0,66.4077,0,8,1,35,0,0,0,0,0,0.0,1.0,0.2808163265306122,5677,9800,137,14.0487,0.0,0.0,0.0,0.5574,0.0005,0.1998,6248.689464545527,40.35507344962296,0.0,0.0,154.42610950253487,0,0,0.0,2.5,-2.5,100.0,0.0,6,0
severe,persistence,12,True,,8,0.16326530612244897,0.0,200.0,-7.0,80.0,0.0,2.4896,0.0,0.0,70.97,0,8,1,30,0,0,0,0,0,0.0,1.0,0.37795918367346937,5070,9800,252,12.6812,0.0,0.0,0.0,0.5288,0.0004,0.1946,5242.21203390961,32.64309246843369,0.0,0.0,160.1702893003931,0,0,0.0,2.4896452929829285,-2.4896452929829285,100.0,0.0,5,0
severe,persistence,13,True,,8,0.16326530612244897,0.0,200.0,-7.0,80.0,0.0,2.5,0.0,0.0,69.2528,0,8,1,32,0,0,0,0,0,0.0,1.0,0.33918367346938777,5504,9800,119,13.3019,0.0,0.0,0.0,0.5353,0.0004,0.1957,5678.15792148967,34.73725996728437,0.0,0.0,163.02195463405454,0,0,0.0,2.5,-2.5,100.0,0.0,5,0
severe,persistence,14,True,,8,0.16326530612244897,0.0,200.0,-7.0,80.0,0.0,2.3851,0.0,0.0,66.9378,0,8,1,38,0,0,0,0,0,0.0,1.0,0.22204081632653058,5531,9800,139,12.7936,0.0,0.0,0.0,0.5694,0.0005,0.2062,5839.529764543662,42.6587420363043,0.0,0.0,136.4271567912951,0,0,0.0,2.38512576042077,-2.38512576042077,100.0,0.0,5,0
severe,persistence,15,True,,8,0.16326530612244897,0.0,200.0,-7.0,80.0,0.0,2.4032,0.0,0.0,67.2175,0,8,1,35,0,0,0,0,0,0.0,1.0,0.2808163265306122,5645,9800,100,12.9616,0.0,0.0,0.0,0.5967,0.0006,0.2151,6198.545549327303,41.403546272433935,0.0,0.0,149.29458078749227,0,0,0.0,2.4032473918067194,-2.4032473918067194,100.0,0.0,6,0
severe,persistence,16,True,,8,0.16326530612244897,0.0,199.0,-7.0,80.0,0.0,2.5,0.0,0.0,66.2741,0,8,1,38,0,0,0,0,0,0.0,1.0,0.22204081632653058,6104,9751,79,14.3772,0.0,0.0,0.0,0.5716,0.0005,0.2063,7056.346584651253,47.132895810964655,0.0,0.0,149.3003862598111,0,0,0.0,2.5,-2.5,100.0,0.0,6,0
severe,persistence,17,True,,8,0.16326530612244897,0.0,200.0,-7.0,80.0,0.0,2.5,0.0,0.0,65.8149,0,8,1,38,0,0,0,0,0,0.0,1.0,0.22204081632653058,6184,9800,61,11.1707,0.0,0.0,0.0,0.5015,0.0004,0.178,6994.517159925876,45.85491522577292,0.0,0.0,152.11803755215618,0,0,0.0,2.5,-2.5,100.0,0.0,6,0
severe,persistence,18,True,,8,0.16326530612244897,0.0,200.0,-7.0,80.0,0.0,2.4857,0.0,0.0,68.6859,0,8,1,35,0,0,0,0,0,0.0,1.0,0.2808163265306122,5845,9800,77,14.4784,0.0,0.0,0.0,0.6602,0.0007,0.2397,6560.13970147172,41.50298569831759,0.0,0.0,157.63074935535187,0,0,0.0,2.485749450035734,-2.485749450035734,100.0,0.0,5,0
severe,persistence,19,True,,8,0.16326530612244897,0.0,200.0,-7.0,80.0,0.0,2.4411,0.0,0.0,69.9024,0,8,1,38,0,0,0,0,0,0.0,1.0,0.22204081632653058,6257,9800,57,12.0586,0.0,0.0,0.0,0.5491,0.0005,0.1981,7287.829163411192,46.901308157098164,0.0,0.0,154.93444075914348,0,0,0.0,2.4410780581690394,-2.4410780581690394,100.0,0.0,4,0
severe,persistence,20,True,,8,0.16326530612244897,0.0,200.0,-7.0,80.0,0.0,2.4667,0.0,0.0,67.0838,0,8,1,38,0,0,0,0,0,0.0,1.0,0.22204081632653058,5850,9800,141,11.8187,0.0,0.0,0.0,0.6172,0.0005,0.2277,6563.586609279972,46.62732026415392,0.0,0.0,140.34240353259997,0,0,0.0,2.466666457527058,-2.466666457527058,100.0,0.0,6,0
severe,persistence,21,True,,8,0.16326530612244897,0.0,200.0,-7.0,80.0,0.0,2.4774,0.0,0.0,60.2153,0,8,1,38,0,0,0,0,0,0.0,1.0,0.22204081632653058,6614,9800,36,10.9867,0.0,0.0,0.0,0.67,0.0006,0.237,6160.133127736456,38.40005958806695,0.0,0.0,159.9939053404641,0,0,0.0,2.477447925499491,-2.477447925499491,100.0,0.0,6,0
severe,persistence,22,True,,8,0.16326530612244897,0.0,200.0,-7.0,80.0,0.0,2.3023,0.0,0.0,63.3684,0,8,1,38,0,0,0,0,0,0.0,1.0,0.22204081632653058,5548,9800,48,14.6381,0.0,0.0,0.0,0.9157,0.0008,0.3273,5602.175836226369,40.965878106057104,0.0,0.0,136.31442994439524,0,0,0.0,2.302315897315714,-2.302315897315714,100.0,0.0,6,0
severe,persistence,23,True,,8,0.16326530612244897,0.0,200.0,-7.0,80.0,0.0,2.3413,0.0,0.0,63.9698,0,8,1,38,0,0,0,0,0,0.0,1.0,0.22204081632653058,5694,9800,102,12.498,0.0,0.0,0.0,0.8447,0.0007,0.3001,6198.630317943078,44.94384428816862,0.0,0.0,137.51361482166573,0,0,0.0,2.341327740353685,-2.341327740353685,100.0,0.0,7,0
severe,persistence,24,True,,8,0.16326530612244897,0.0,199.0,-7.0,80.0,0.0,2.3172,0.0,0.0,62.6294,0,8,1,38,0,0,0,0,0,0.0,1.0,0.22204081632653058,6074,9751,85,12.4484,0.0,0.0,0.0,0.6115,0.0005,0.2244,6033.806928497837,38.215592395615744,0.0,0.0,157.42895336081168,0,0,0.0,2.3172195554594563,-2.3172195554594563,100.0,0.0,6,0
severe,persistence,25,True,,8,0.16326530612244897,0.0,200.0,-7.0,80.0,0.0,2.5,0.0,0.0,67.3778,0,8,1,38,0,0,0,0,0,0.0,1.0,0.22204081632653058,5858,9800,85,12.8631,0.0,0.0,0.0,0.5393,0.0005,0.193,6775.8422894095675,45.27203253468756,0.0,0.0,149.2290712550212,0,0,0.0,2.5,-2.5,100.0,0.0,6,0
severe,persistence,26,True,,8,0.16326530612244897,0.0,200.0,-7.0,80.0,0.0,2.2932,0.0,0.0,64.6518,0,8,1,38,0,0,0,0,0,0.0,1.0,0.22204081632653058,6019,9800,87,14.0281,0.0,0.0,0.0,0.5047,0.0005,0.1818,6512.40463720122,41.72204925280652,0.0,0.0,155.6450092982326,0,0,0.0,2.2932160537211677,-2.2932160537211677,100.0,0.0,6,0
severe,persistence,27,True,,8,0.16326530612244897,0.0,200.0,-7.0,80.0,0.0,2.5,0.0,0.0,66.0239,0,8,1,38,0,0,0,0,0,0.0,1.0,0.22204081632653058,5920,9800,111,13.7062,0.0,0.0,0.0,0.659,0.0005,0.2372,6528.2705176201,45.829493639126326,0.0,0.0,142.0265704035872,0,0,0.0,2.5,-2.5,100.0,0.0,6,0
severe,persistence,28,True,,8,0.16326530612244897,0.0,200.0,-7.0,80.0,0.0,2.4724,0.0,0.0,63.0966,0,8,1,37,0,0,0,0,0,0.0,1.0,0.24183673469387754,6411,9800,82,12.1523,0.0,0.0,0.0,0.519,0.0004,0.1871,6048.53192770434,36.75068766877249,0.0,0.0,164.1324827104649,0,0,0.0,2.472404406332684,-2.472404406332684,100.0,0.0,5,0
severe,persistence,29,True,,8,0.16326530612244897,0.0,200.0,-7.0,80.0,0.0,2.4912,0.0,0.0,64.4378,0,8,1,38,0,0,0,0,0,0.0,1.0,0.22204081632653058,6106,9800,68,14.3763,0.0,0.0,0.0,0.5144,0.0004,0.1862,6620.618488485702,41.70839799813117,0.0,0.0,158.29302073700222,0,0,0.0,2.4912396714985925,-2.4912396714985925,100.0,0.0,6,0
severe,random,0,True,,8,0.16326530612244897,0.0,200.0,-7.0,80.0,0.0,2.5,0.0,0.0,66.538,0,8,1,38,0,200,0,0,0,0.0,1.0,0.22204081632653058,5960,9800,71,12.0766,0.0,0.0,0.0,0.4949,0.0012,0.1802,6636.0467308364205,46.094546749100175,0.0,0.0,143.54252735354785,0,0,0.0,2.5,-2.5,100.0,0.0,6,0
severe,random,1,True,,8,0.16326530612244897,0.0,200.0,-7.0,80.0,0.0,2.5,0.0,0.0,67.1157,0,8,1,35,0,200,0,0,0,0.0,1.0,0.2808163265306122,5945,9800,104,12.3079,0.0,0.0,0.0,0.4869,0.0013,0.1753,6466.453293875797,39.395719035797114,0.0,0.0,163.70604882842792,0,0,0.0,2.5,-2.5,100.0,0.0,5,0
severe,random,2,True,,7,0.14285714285714285,0.0,200.0,-6.0,70.0,0.0,2.5,0.0,0.0,67.0465,0,7,1,37,0,200,0,0,0,0.0,1.0,0.24183673469387754,5312,9800,209,10.7471,0.0,0.0,0.0,0.5047,0.0011,0.1846,5395.0839076766215,43.342208621682346,0.0,0.0,124.04900448922857,0,0,0.0,2.5,-2.5,100.0,0.0,6,0
severe,random,3,True,,8,0.16326530612244897,0.0,200.0,-7.0,80.0,0.0,2.5,0.0,0.0,65.2847,0,8,1,35,0,200,0,0,0,0.0,1.0,0.2808163265306122,6050,9800,119,12.0119,0.0,0.0,0.0,0.5197,0.0011,0.1867,6148.845696444204,35.84971772583844,0.0,0.0,171.06746015838394,0,0,0.0,2.5,-2.5,100.0,0.0,5,0
severe,random,4,True,,8,0.16326530612244897,0.0,200.0,-7.0,80.0,0.0,2.5,0.0,0.0,60.0392,0,8,1,38,0,200,0,0,0,0.0,1.0,0.22204081632653058,6625,9800,19,14.3516,0.0,0.0,0.0,0.4703,0.0012,0.1633,6256.102361614284,37.997760619995255,0.0,0.0,164.21580251867815,0,0,0.0,2.5,-2.5,100.0,0.0,7,0
severe,random,5,True,,8,0.16326530612244897,0.0,200.0,-7.0,80.0,0.0,2.5,0.0,0.0,70.4713,0,8,1,33,0,200,0,0,0,0.0,1.0,0.32020408163265307,5229,9800,129,10.6507,0.0,0.0,0.0,0.6028,0.0015,0.2201,5670.102127722954,38.814580350409145,0.0,0.0,145.6634940997192,0,0,0.0,2.5,-2.5,100.0,0.0,5,0
severe,random,6,True,,8,0.16326530612244897,0.0,200.0,-7.0,80.0,0.0,2.022,0.0,0.0,64.819,0,8,1,33,0,200,0,0,0,0.0,1.0,0.31979591836734694,5600,9800,152,11.7225,0.0,0.0,0.0,0.4819,0.0012,0.1758,5670.77717254263,36.2164778121189,0.0,0.0,156.18330443279444,0,0,0.0,2.0219662329638677,-2.0219662329638677,100.0,0.0,7,0
severe,random,7,True,,8,0.16326530612244897,0.0,200.0,-7.0,80.0,0.0,2.5,0.0,0.0,69.0969,0,8,1,38,0,200,0,0,0,0.0,1.0,0.22204081632653058,5762,9800,126,12.7147,0.0,0.0,0.0,0.4871,0.0011,0.1745,6318.122259439251,45.493206717173805,0.0,0.0,138.42338827176883,0,0,0.0,2.5,-2.5,100.0,0.0,4,0
severe,random,8,True,,8,0.16326530612244897,0.0,200.0,-7.0,80.0,0.0,2.5,0.0,0.0,63.3586,0,8,1,35,0,200,0,0,0,0.0,1.0,0.2808163265306122,5916,9800,146,11.0031,0.0,0.0,0.0,1.1276,0.0023,0.4031,5663.618203557477,35.039066943368525,0.0,0.0,161.20640869620465,0,0,0.0,2.5,-2.5,100.0,0.0,6,0
severe,random,9,True,,8,0.16326530612244897,0.0,200.0,-7.0,80.0,0.0,2.1949,0.0,0.0,69.9538,0,8,1,43,0,200,0,0,0,0.0,1.0,0.12224489795918368,6909,9800,33,13.2509,0.0,0.0,0.0,0.72,0.0023,0.2395,9320.40245840113,61.944199360231686,0.0,0.0,150.02091623455655,0,0,0.0,2.19486534746198,-2.19486534746198,100.0,0.0,6,0
severe,random,10,True,,8,0.16326530612244897,0.0,200.0,-7.0,80.0,0.0,2.4296,0.0,0.0,68.7645,0,8,1,35,0,200,0,0,0,0.0,1.0,0.2808163265306122,5490,9800,163,13.6068,0.0,0.0,0.0,1.7094,0.0054,0.6273,5828.529511887707,39.44713655895831,0.0,0.0,147.30505367674692,0,0,0.0,2.429635839041815,-2.429635839041815,100.0,0.0,5,0
severe,random,11,True,,8,0.16326530612244897,0.0,200.0,-7.0,80.0,0.0,2.5,0.0,0.0,66.4077,0,8,1,35,0,200,0,0,0,0.0,1.0,0.2808163265306122,5677,9800,137,14.0487,0.0,0.0,0.0,1.0906,0.0021,0.3998,6248.689464545527,40.35507344962296,0.0,0.0,154.42610950253487,0,0,0.0,2.5,-2.5,100.0,0.0,6,0
severe,random,12,True,,8,0.16326530612244897,0.0,200.0,-7.0,80.0,0.0,2.4896,0.0,0.0,70.97,0,8,1,30,0,200,0,0,0,0.0,1.0,0.37795918367346937,5070,9800,252,12.6812,0.0,0.0,0.0,0.8708,0.0029,0.3161,5242.21203390961,32.64309246843369,0.0,0.0,160.1702893003931,0,0,0.0,2.4896452929829285,-2.4896452929829285,100.0,0.0,5,0
severe,random,13,True,,8,0.16326530612244897,0.0,200.0,-7.0,80.0,0.0,2.5,0.0,0.0,69.2528,0,8,1,32,0,200,0,0,0,0.0,1.0,0.33918367346938777,5504,9800,119,13.3019,0.0,0.0,0.0,0.5782,0.0014,0.2138,5678.15792148967,34.73725996728437,0.0,0.0,163.02195463405454,0,0,0.0,2.5,-2.5,100.0,0.0,5,0
severe,random,14,True,,8,0.16326530612244897,0.0,200.0,-7.0,80.0,0.0,2.3851,0.0,0.0,66.9378,0,8,1,38,0,200,0,0,0,0.0,1.0,0.22204081632653058,5531,9800,139,12.7936,0.0,0.0,0.0,0.5056,0.0012,0.1813,5839.529764543662,42.6587420363043,0.0,0.0,136.4271567912951,0,0,0.0,2.38512576042077,-2.38512576042077,100.0,0.0,5,0
severe,random,15,True,,8,0.16326530612244897,0.0,200.0,-7.0,80.0,0.0,2.4032,0.0,0.0,67.2175,0,8,1,35,0,200,0,0,0,0.0,1.0,0.2808163265306122,5645,9800,100,12.9616,0.0,0.0,0.0,0.4772,0.0011,0.1742,6198.545549327303,41.403546272433935,0.0,0.0,149.29458078749227,0,0,0.0,2.4032473918067194,-2.4032473918067194,100.0,0.0,6,0
severe,random,16,True,,8,0.16326530612244897,0.0,199.0,-7.0,80.0,0.0,2.5,0.0,0.0,66.2741,0,8,1,38,0,200,0,0,0,0.0,1.0,0.22204081632653058,6104,9751,79,14.3772,0.0,0.0,0.0,0.5705,0.0013,0.2079,7056.346584651253,47.132895810964655,0.0,0.0,149.3003862598111,0,0,0.0,2.5,-2.5,100.0,0.0,6,0
severe,random,17,True,,8,0.16326530612244897,0.0,200.0,-7.0,80.0,0.0,2.5,0.0,0.0,65.8149,0,8,1,38,0,200,0,0,0,0.0,1.0,0.22204081632653058,6184,9800,61,11.1707,0.0,0.0,0.0,0.6159,0.0018,0.2226,6994.517159925876,45.85491522577292,0.0,0.0,152.11803755215618,0,0,0.0,2.5,-2.5,100.0,0.0,6,0
severe,random,18,True,,8,0.16326530612244897,0.0,200.0,-7.0,80.0,0.0,2.4857,0.0,0.0,68.6859,0,8,1,35,0,200,0,0,0,0.0,1.0,0.2808163265306122,5845,9800,77,14.4784,0.0,0.0,0.0,0.5092,0.0012,0.1856,6560.13970147172,41.50298569831759,0.0,0.0,157.63074935535187,0,0,0.0,2.485749450035734,-2.485749450035734,100.0,0.0,5,0
severe,random,19,True,,8,0.16326530612244897,0.0,200.0,-7.0,80.0,0.0,2.4411,0.0,0.0,69.9024,0,8,1,38,0,200,0,0,0,0.0,1.0,0.22204081632653058,6257,9800,57,12.0586,0.0,0.0,0.0,0.5284,0.0015,0.1895,7287.829163411192,46.901308157098164,0.0,0.0,154.93444075914348,0,0,0.0,2.4410780581690394,-2.4410780581690394,100.0,0.0,4,0
severe,random,20,True,,8,0.16326530612244897,0.0,200.0,-7.0,80.0,0.0,2.4667,0.0,0.0,67.0838,0,8,1,38,0,200,0,0,0,0.0,1.0,0.22204081632653058,5850,9800,141,11.8187,0.0,0.0,0.0,0.5941,0.0016,0.216,6563.586609279972,46.62732026415392,0.0,0.0,140.34240353259997,0,0,0.0,2.466666457527058,-2.466666457527058,100.0,0.0,6,0
severe,random,21,True,,8,0.16326530612244897,0.0,200.0,-7.0,80.0,0.0,2.4774,0.0,0.0,60.2153,0,8,1,38,0,200,0,0,0,0.0,1.0,0.22204081632653058,6614,9800,36,10.9867,0.0,0.0,0.0,0.5281,0.0014,0.1896,6160.133127736456,38.40005958806695,0.0,0.0,159.9939053404641,0,0,0.0,2.477447925499491,-2.477447925499491,100.0,0.0,6,0
severe,random,22,True,,8,0.16326530612244897,0.0,200.0,-7.0,80.0,0.0,2.3023,0.0,0.0,63.3684,0,8,1,38,0,200,0,0,0,0.0,1.0,0.22204081632653058,5548,9800,48,14.6381,0.0,0.0,0.0,0.5418,0.0013,0.1979,5602.175836226369,40.965878106057104,0.0,0.0,136.31442994439524,0,0,0.0,2.302315897315714,-2.302315897315714,100.0,0.0,6,0
severe,random,23,True,,8,0.16326530612244897,0.0,200.0,-7.0,80.0,0.0,2.3413,0.0,0.0,63.9698,0,8,1,38,0,200,0,0,0,0.0,1.0,0.22204081632653058,5694,9800,102,12.498,0.0,0.0,0.0,0.4713,0.001,0.17,6198.630317943078,44.94384428816862,0.0,0.0,137.51361482166573,0,0,0.0,2.341327740353685,-2.341327740353685,100.0,0.0,7,0
severe,random,24,True,,8,0.16326530612244897,0.0,199.0,-7.0,80.0,0.0,2.3172,0.0,0.0,62.6294,0,8,1,38,0,200,0,0,0,0.0,1.0,0.22204081632653058,6074,9751,85,12.4484,0.0,0.0,0.0,0.4421,0.001,0.1588,6033.806928497837,38.215592395615744,0.0,0.0,157.42895336081168,0,0,0.0,2.3172195554594563,-2.3172195554594563,100.0,0.0,6,0
severe,random,25,True,,8,0.16326530612244897,0.0,200.0,-7.0,80.0,0.0,2.5,0.0,0.0,67.3778,0,8,1,38,0,200,0,0,0,0.0,1.0,0.22204081632653058,5858,9800,85,12.8631,0.0,0.0,0.0,0.509,0.0011,0.1736,6775.8422894095675,45.27203253468756,0.0,0.0,149.2290712550212,0,0,0.0,2.5,-2.5,100.0,0.0,6,0
severe,random,26,True,,8,0.16326530612244897,0.0,200.0,-7.0,80.0,0.0,2.2932,0.0,0.0,64.6518,0,8,1,38,0,200,0,0,0,0.0,1.0,0.22204081632653058,6019,9800,87,14.0281,0.0,0.0,0.0,0.4344,0.0009,0.1565,6512.40463720122,41.72204925280652,0.0,0.0,155.6450092982326,0,0,0.0,2.2932160537211677,-2.2932160537211677,100.0,0.0,6,0
severe,random,27,True,,8,0.16326530612244897,0.0,200.0,-7.0,80.0,0.0,2.5,0.0,0.0,66.0239,0,8,1,38,0,200,0,0,0,0.0,1.0,0.22204081632653058,5920,9800,111,13.7062,0.0,0.0,0.0,0.7612,0.0013,0.2928,6528.2705176201,45.829493639126326,0.0,0.0,142.0265704035872,0,0,0.0,2.5,-2.5,100.0,0.0,6,0
severe,random,28,True,,8,0.16326530612244897,0.0,200.0,-7.0,80.0,0.0,2.4724,0.0,0.0,63.0966,0,8,1,37,0,200,0,0,0,0.0,1.0,0.24183673469387754,6411,9800,82,12.1523,0.0,0.0,0.0,0.47,0.001,0.168,6048.53192770434,36.75068766877249,0.0,0.0,164.1324827104649,0,0,0.0,2.472404406332684,-2.472404406332684,100.0,0.0,5,0
severe,random,29,True,,8,0.16326530612244897,0.0,200.0,-7.0,80.0,0.0,2.4912,0.0,0.0,64.4378,0,8,1,38,0,200,0,0,0,0.0,1.0,0.22204081632653058,6106,9800,68,14.3763,0.0,0.0,0.0,0.5911,0.0016,0.2118,6620.618488485702,41.70839799813117,0.0,0.0,158.29302073700222,0,0,0.0,2.4912396714985925,-2.4912396714985925,100.0,0.0,6,0
severe,rule_based,0,True,,8,0.16326530612244897,0.0,200.0,-7.0,80.0,0.0,2.5,0.0,0.0,35.786,0,8,1,38,0,200,0,0,0,0.0,1.0,0.22204081632653058,5960,9800,73,14.7553,0.0,0.0,0.0,0.7666,0.0046,0.2195,1657.5861686045696,31.23203450296405,28.86297734367444,9.600000000000001,52.94061607387418,0,0,0.0,2.5,-2.5,100.0,0.0,6,0
severe,rule_based,1,True,,8,0.16326530612244897,0.0,200.0,-7.0,80.0,0.0,2.5,0.0,0.0,41.0634,0,8,1,35,0,200,0,0,0,0.0,1.0,0.2808163265306122,5945,9800,104,14.7128,0.0,0.0,0.0,0.6063,0.0034,0.1688,1643.872828602308,31.33028520513438,27.936947222593655,3.2,52.33795884945041,0,0,0.0,2.5,-2.5,100.0,0.0,5,0
severe,rule_based,2,True,,7,0.14285714285714285,0.0,200.0,-6.0,70.0,0.0,2.5,0.0,0.0,34.4898,0,7,1,37,0,200,0,0,0,0.0,1.0,0.24183673469387754,5312,9800,209,13.1614,0.0,0.0,0.0,0.6359,0.0036,0.1837,823.9319590763147,8.16567715552177,5.041338689347783,15.13259222687026,100.62659206603733,0,0,0.0,2.5,-2.5,100.0,0.0,6,0
severe,rule_based,3,True,,8,0.16326530612244897,0.0,200.0,-7.0,80.0,0.0,2.5,0.0,0.0,39.6913,0,8,1,35,0,200,0,0,0,0.0,1.0,0.2808163265306122,6050,9800,119,14.4362,0.0,0.0,0.0,0.5844,0.0035,0.1575,1080.884611983396,9.519936071857007,0.11908937209503723,7.693643111728609,113.18939193652015,0,0,0.0,2.5,-2.5,100.0,0.0,5,0
severe,rule_based,4,True,,8,0.16326530612244897,0.0,187.0,-7.0,80.0,0.0,2.5,0.0,0.0,32.4531,0,8,1,38,0,200,0,0,0,0.0,1.0,0.22204081632653058,6616,9163,21,16.8957,0.0,0.0,0.0,0.5861,0.0032,0.1466,644.3207207266855,9.81419686588367,6.550112915972875,6.4,65.39956346258987,0,0,0.0,2.5,-2.5,100.0,0.0,7,0
severe,rule_based,5,True,,8,0.16326530612244897,0.0,200.0,-7.0,80.0,0.0,2.5,0.0,0.0,39.7228,0,8,1,35,0,200,0,0,0,0.0,1.0,0.2808163265306122,5603,9800,94,13.6812,0.0,0.0,0.0,0.5727,0.0033,0.1654,1102.6818375046962,10.338487491632616,1.1094537867125798,14.370204964366204,106.33415807753347,0,0,0.0,2.5,-2.5,100.0,0.0,5,0
severe,rule_based,6,True,,8,0.16326530612244897,0.0,200.0,-7.0,80.0,0.0,2.022,0.0,0.0,41.0588,0,8,1,33,0,200,0,0,0,0.0,1.0,0.31979591836734694,5600,9800,152,14.1871,0.0,0.0,0.0,0.6507,0.0035,0.1792,1108.282129950844,7.631012738319396,8.395158637005832,9.584540759830588,144.90792511177852,0,0,0.0,2.0219662329638677,-2.0219662329638677,100.0,0.0,7,0
severe,rule_based,7,True,,8,0.16326530612244897,0.0,200.0,-7.0,80.0,0.0,2.5,0.0,0.0,31.3083,0,8,1,38,0,200,0,0,0,0.0,1.0,0.22204081632653058,5762,9800,125,15.2769,0.0,0.0,0.0,0.6028,0.0034,0.1713,1689.2254692716733,30.87618454014324,35.49960090000494,9.600000000000001,54.647987315280616,0,0,0.0,2.5,-2.5,100.0,0.0,4,0
severe,rule_based,8,True,,8,0.16326530612244897,0.0,200.0,-7.0,80.0,0.0,2.5,0.0,0.0,40.1563,0,8,1,35,0,200,0,0,0,0.0,1.0,0.2808163265306122,5905,9800,146,13.4675,0.0,0.0,0.0,0.6195,0.0037,0.1676,1469.7048686671885,9.49708350824776,12.268177557213424,10.828427455124569,154.38525335374175,0,0,0.0,2.5,-2.5,100.0,0.0,6,0
severe,rule_based,9,True,,8,0.16326530612244897,0.0,200.0,-7.0,80.0,0.0,2.1949,0.0,0.0,31.2927,0,8,1,43,0,200,0,0,0,0.0,1.0,0.12224489795918368,6909,9800,33,13.2509,0.0,0.0,0.0,0.5361,0.004,0.1285,3596.4290905798266,32.04234585754981,19.7087806657596,11.655282828608367,111.9856446533436,0,0,0.0,2.19486534746198,-2.19486534746198,100.0,0.0,6,0
severe,rule_based,10,True,,8,0.16326530612244897,0.0,200.0,-7.0,80.0,0.0,2.4296,0.0,0.0,42.3845,0,8,1,35,0,200,0,0,0,0.0,1.0,0.2808163265306122,5490,9800,163,13.7568,0.0,0.0,0.0,0.6075,0.0033,0.1706,1125.0143987192655,10.939473739780219,18.70981747491617,7.852655840274149,102.42151441775088,0,0,0.0,2.429635839041815,-2.429635839041815,100.0,0.0,5,0
severe,rule_based,11,True,,8,0.16326530612244897,0.0,200.0,-7.0,80.0,0.0,2.5,0.0,0.0,39.8317,0,8,1,35,0,200,0,0,0,0.0,1.0,0.2808163265306122,5677,9800,137,16.4511,0.0,0.0,0.0,0.6014,0.0033,0.1685,1287.232954403827,31.033461853425926,25.333461853425927,6.320011152267653,41.365299412521736,0,0,0.0,2.5,-2.5,100.0,0.0,6,0
severe,rule_based,12,True,,8,0.16326530612244897,0.0,200.0,-7.0,80.0,0.0,2.5,0.0,0.0,47.5504,0,8,1,30,0,200,0,0,0,0.0,1.0,0.37795918367346937,5160,9800,248,12.9222,0.0,0.0,0.0,0.6837,0.0037,0.201,528.7445744791413,6.893190392685475,0.6605763685864838,10.331482291533128,76.40546438968947,0,0,0.0,2.5,-2.5,100.0,0.0,5,0
severe,rule_based,13,True,,8,0.16326530612244897,0.0,200.0,-7.0,80.0,0.0,2.5,0.0,0.0,45.5491,0,8,1,32,0,200,0,0,0,0.0,1.0,0.33918367346938777,5504,9800,119,15.712,0.0,0.0,0.0,0.7914,0.0046,0.226,1060.5355729750056,11.017314084729069,7.355590716498329,6.4,95.95492268602624,0,0,0.0,2.5,-2.5,100.0,0.0,5,0
severe,rule_based,14,True,,8,0.16326530612244897,0.0,200.0,-7.0,80.0,0.0,2.3851,0.0,0.0,34.0497,0,8,1,38,0,200,0,0,0,0.0,1.0,0.22204081632653058,5531,9800,139,15.2086,0.0,0.0,0.0,0.7221,0.0045,0.2071,1239.3125568164062,30.784929114543644,30.461733072781897,6.4,40.15073992717135,0,0,0.0,2.38512576042077,-2.38512576042077,100.0,0.0,5,0
severe,rule_based,15,True,,8,0.16326530612244897,0.0,200.0,-7.0,80.0,0.0,2.4032,0.0,0.0,42.157,0,8,1,35,0,200,0,0,0,0.0,1.0,0.2808163265306122,5645,9800,100,13.1116,0.0,0.0,0.0,0.5987,0.0035,0.1695,2283.5299734662617,31.221301956857893,24.450862211476736,5.882244315576043,72.98990159555007,0,0,0.0,2.4032473918067194,-2.4032473918067194,100.0,0.0,6,0
severe,rule_based,16,True,,8,0.16326530612244897,0.0,199.0,-7.0,80.0,0.0,2.5,0.0,0.0,32.0172,0,8,1,38,0,200,0,0,0,0.0,1.0,0.22204081632653058,6104,9751,79,16.7782,0.0,0.0,0.0,0.5762,0.0036,0.1658,2190.5931585883804,31.36665544880625,38.93289581096465,3.2,69.76627082012537,0,0,0.0,2.5,-2.5,100.0,0.0,6,0
severe,rule_based,17,True,,8,0.16326530612244897,0.0,200.0,-7.0,80.0,0.0,2.5,0.0,0.0,34.5916,0,8,1,38,0,200,0,0,0,0.0,1.0,0.22204081632653058,6184,9800,61,13.5757,0.0,0.0,0.0,0.6783,0.0048,0.1865,2008.7024749617274,30.668067477954878,29.635285449010095,6.4,65.38255687478475,0,0,0.0,2.5,-2.5,100.0,0.0,6,0
severe,rule_based,18,True,,8,0.16326530612244897,0.0,200.0,-7.0,80.0,0.0,2.4857,0.0,0.0,41.8656,0,8,1,35,0,200,0,0,0,0.0,1.0,0.2808163265306122,5845,9800,77,14.4784,0.0,0.0,0.0,0.724,0.0047,0.2035,1833.9403561609688,31.17566802293998,24.292942392965145,6.187336540375676,58.67901713907306,0,0,0.0,2.485749450035734,-2.485749450035734,100.0,0.0,5,0
severe,rule_based,19,True,,8,0.16326530612244897,0.0,200.0,-7.0,80.0,0.0,2.4411,0.0,0.0,32.6796,0,8,1,38,0,200,0,0,0,0.0,1.0,0.22204081632653058,6257,9800,57,14.4648,0.0,0.0,0.0,0.6059,0.0038,0.1671,1453.5763659888153,30.86049723975532,33.18079930535082,6.4,47.01760183545542,0,0,0.0,2.4410780581690394,-2.4410780581690394,100.0,0.0,4,0
severe,rule_based,20,True,,8,0.16326530612244897,0.0,200.0,-7.0,80.0,0.0,2.4667,0.0,0.0,32.1122,0,8,1,38,0,200,0,0,0,0.0,1.0,0.22204081632653058,5850,9800,141,14.2243,0.0,0.0,0.0,0.6286,0.0039,0.1788,786.534175283325,30.990900847082393,23.946384392748076,5.186952412035334,25.30496225491803,0,0,0.0,2.466666457527058,-2.466666457527058,100.0,0.0,6,0
severe,rule_based,21,True,,8,0.16326530612244897,0.0,200.0,-7.0,80.0,0.0,2.5,0.0,0.0,31.9802,0,8,1,38,0,200,0,0,0,0.0,1.0,0.22204081632653058,6614,9800,19,13.4722,0.0,0.0,0.0,0.6516,0.0041,0.1691,843.7651411222556,6.469222626177433,19.874140881643086,12.8,130.0813197133337,0,0,0.0,2.5,-2.5,100.0,0.0,6,0
severe,rule_based,22,True,,8,0.16326530612244897,0.0,200.0,-7.0,80.0,0.0,2.3023,0.0,0.0,34.3664,0,8,1,38,0,200,0,0,0,0.0,1.0,0.22204081632653058,5548,9800,48,14.6381,0.0,0.0,0.0,0.5921,0.0033,0.1663,1332.635036670099,10.810826441359735,7.880930474355941,11.530998367276176,122.95087154244915,0,0,0.0,2.302315897315714,-2.302315897315714,100.0,0.0,6,0
severe,rule_based,23,True,,8,0.16326530612244897,0.0,200.0,-7.0,80.0,0.0,2.3413,0.0,0.0,34.7142,0,8,1,38,0,200,0,0,0,0.0,1.0,0.22204081632653058,5694,9800,102,14.9288,0.0,0.0,0.0,0.5643,0.0031,0.1582,1363.3824709843843,30.83516013405634,29.109074959058326,6.4,44.09804995004182,0,0,0.0,2.341327740353685,-2.341327740353685,100.0,0.0,7,0
severe,rule_based,24,True,,8,0.16326530612244897,0.0,199.0,-7.0,80.0,0.0,2.3172,0.0,0.0,34.9882,0,8,1,38,0,200,0,0,0,0.0,1.0,0.22204081632653058,6074,9751,85,14.8462,0.0,0.0,0.0,0.6254,0.0037,0.1759,1150.9954339481542,9.29186004933647,0.06428528681623336,9.521927926548049,123.46826604033404,0,0,0.0,2.3172195554594563,-2.3172195554594563,100.0,0.0,6,0
severe,rule_based,25,True,,8,0.16326530612244897,0.0,200.0,-7.0,80.0,0.0,2.5,0.0,0.0,31.9687,0,8,1,38,0,200,0,0,0,0.0,1.0,0.22204081632653058,5858,9800,85,15.2783,0.0,0.0,0.0,0.6263,0.0043,0.1814,2188.982376634349,32.18885749266574,29.976514819805768,9.600000000000001,67.93493806120166,0,0,0.0,2.5,-2.5,100.0,0.0,6,0
severe,rule_based,26,True,,8,0.16326530612244897,0.0,200.0,-7.0,80.0,0.0,2.2932,0.0,0.0,34.3451,0,8,1,38,0,200,0,0,0,0.0,1.0,0.22204081632653058,6019,9800,87,16.4217,0.0,0.0,0.0,0.66,0.004,0.1907,1714.5310482878217,31.15005173954625,27.69440886188116,6.26972783268793,54.93116057011993,0,0,0.0,2.2932160537211677,-2.2932160537211677,100.0,0.0,6,0
severe,rule_based,27,True,,8,0.16326530612244897,0.0,200.0,-7.0,80.0,0.0,2.5,0.0,0.0,32.0073,0,8,1,38,0,200,0,0,0,0.0,1.0,0.22204081632653058,5920,9800,111,16.1012,0.0,0.0,0.0,0.6337,0.0037,0.1735,754.477727854862,6.570653844270135,24.43369346058878,9.184247556501393,114.48195361816491,0,0,0.0,2.5,-2.5,100.0,0.0,6,0
severe,rule_based,28,True,,8,0.16326530612244897,0.0,200.0,-7.0,80.0,0.0,2.5,0.0,0.0,34.3009,0,8,1,37,0,200,0,0,0,0.0,1.0,0.24183673469387754,6419,9800,83,14.3994,0.0,0.0,0.0,0.6453,0.0039,0.1697,724.8969646875327,5.808334748118368,16.627085805055376,8.820382984862233,124.43265219345629,0,0,0.0,2.5,-2.5,100.0,0.0,5,0
severe,rule_based,29,True,,8,0.16326530612244897,0.0,200.0,-7.0,80.0,0.0,2.4912,0.0,0.0,36.0411,0,8,1,38,0,200,0,0,0,0.0,1.0,0.22204081632653058,6106,9800,68,16.7722,0.0,0.0,0.0,0.5748,0.0032,0.16,1619.1328911329688,30.914938163134202,27.28353428767344,6.12572028189834,52.235623070322454,0,0,0.0,2.4912396714985925,-2.4912396714985925,100.0,0.0,6,0
severe,dqn_core_only,0,True,,8,0.16326530612244897,0.0,200.0,-7.0,80.0,0.0,2.5,0.0,0.0,35.1222,0,8,1,43,0,200,0,0,0,0.0,1.0,0.12224489795918368,7041,9800,52,14.658,0.0,0.0,0.0,0.5968,0.1066,0.1192,3943.596863478794,31.375423046968276,27.713767672618864,9.600000000000001,125.36996739142492,0,0,0.0,2.5,-2.5,100.0,0.0,6,0
severe,dqn_core_only,1,True,,8,0.16326530612244897,0.0,200.0,-7.0,80.0,0.0,2.5,0.0,0.0,41.2173,0,8,1,35,0,200,0,0,0,0.0,1.0,0.2808163265306122,5960,9800,105,14.5586,0.0,0.0,0.0,0.7837,0.1295,0.1825,1690.1970586767015,31.29782192727778,27.82603673070367,3.2,53.869548380090606,0,0,0.0,2.5,-2.5,100.0,0.0,5,0
severe,dqn_core_only,2,True,,7,0.14285714285714285,0.0,200.0,-6.0,70.0,0.0,2.5,0.0,0.0,34.6253,0,7,1,37,0,200,0,0,0,0.0,1.0,0.24183673469387754,5283,9800,214,12.7675,0.0,0.0,0.0,0.7785,0.1266,0.1872,821.396696380701,8.154891644160166,5.049455576227426,14.305199813764522,100.44065307880724,0,0,0.0,2.5,-2.5,100.0,0.0,6,0
severe,dqn_core_only,3,True,,8,0.16326530612244897,0.0,200.0,-7.0,80.0,0.0,2.5,0.0,0.0,39.7474,0,8,1,35,0,200,0,0,0,0.0,1.0,0.2808163265306122,6080,9800,122,14.0794,0.0,0.0,0.0,0.7857,0.1303,0.1775,1073.0959438513719,9.622118043918967,0.3093776894018019,7.803397327905924,111.17750333578873,0,0,0.0,2.5,-2.5,100.0,0.0,5,0
severe,dqn_core_only,4,True,,8,0.16326530612244897,0.0,188.0,-7.0,80.0,0.0,2.4335,0.0,0.0,32.2032,0,8,1,38,0,200,0,0,0,0.0,1.0,0.22204081632653058,6616,9212,21,16.904,0.0,0.0,0.0,0.7722,0.1338,0.1588,626.888029976438,10.089733435564936,6.731982116113678,6.4,61.89769127013848,0,0,0.0,2.433467556606221,-2.433467556606221,100.0,0.0,7,0
severe,dqn_core_only,5,True,,8,0.16326530612244897,0.0,200.0,-7.0,80.0,0.0,2.5,0.0,0.0,39.6781,0,8,1,35,0,200,0,0,0,0.0,1.0,0.2808163265306122,5578,9800,98,13.5524,0.0,0.0,0.0,0.7473,0.1249,0.1796,1085.7015677311433,10.31061822745826,0.981960174301304,13.965624000735978,104.97809819721326,0,0,0.0,2.5,-2.5,100.0,0.0,5,0
severe,dqn_core_only,6,True,,8,0.16326530612244897,0.0,200.0,-7.0,80.0,0.0,2.0107,0.0,0.0,41.1759,0,8,1,33,0,200,0,0,0,0.0,1.0,0.31979591836734694,5615,9800,159,14.3905,0.0,0.0,0.0,0.7535,0.1224,0.1744,1120.7970966257587,7.775199841440845,8.444005690167529,9.402681064134736,143.82293587869242,0,0,0.0,2.010655659375222,-2.010655659375222,100.0,0.0,7,0
severe,dqn_core_only,7,True,,8,0.16326530612244897,0.0,200.0,-7.0,80.0,0.0,2.5,0.0,0.0,31.3891,0,8,1,38,0,200,0,0,0,0.0,1.0,0.22204081632653058,5777,9800,114,14.9987,0.0,0.0,0.0,0.8192,0.1436,0.1952,1702.9985859121962,30.689100756287914,35.187889024177046,9.600000000000001,55.42860457692036,0,0,0.0,2.5,-2.5,100.0,0.0,4,0
severe,dqn_core_only,8,True,,8,0.16326530612244897,0.0,200.0,-7.0,80.0,0.0,2.5,0.0,0.0,40.164,0,8,1,35,0,200,0,0,0,0.0,1.0,0.2808163265306122,5882,9800,150,12.9968,0.0,0.0,0.0,0.7506,0.1226,0.1708,1504.7267137559768,10.159639157579422,18.028913092861323,8.946574728408716,147.76247008361995,0,0,0.0,2.5,-2.5,100.0,0.0,6,0
severe,dqn_core_only,9,True,,8,0.16326530612244897,0.0,200.0,-7.0,80.0,0.0,2.2533,0.0,0.0,31.1127,0,8,1,43,0,200,0,0,0,0.0,1.0,0.12224489795918368,6909,9800,36,13.0756,0.0,0.0,0.0,0.7184,0.1294,0.1387,3571.206555534407,31.949131208941424,19.457658245081085,11.699353648149419,111.52573149620244,0,0,0.0,2.253338172023266,-2.253338172023266,100.0,0.0,6,0
severe,dqn_core_only,10,True,,8,0.16326530612244897,0.0,200.0,-7.0,80.0,0.0,2.2143,0.0,0.0,42.1004,0,8,1,35,0,200,0,0,0,0.0,1.0,0.2808163265306122,5505,9800,159,13.6044,0.0,0.0,0.0,0.7025,0.1106,0.1653,1104.0654765940506,14.641684630300484,24.25020603977931,6.3775598315041995,75.10192411424737,0,0,0.0,2.214282224150791,-2.214282224150791,100.0,0.0,5,0
severe,dqn_core_only,11,True,,8,0.16326530612244897,0.0,200.0,-7.0,80.0,0.0,2.4648,0.0,0.0,39.8017,0,8,1,35,0,200,0,0,0,0.0,1.0,0.2808163265306122,5707,9800,124,16.7563,0.0,0.0,0.0,0.8874,0.1425,0.2122,1354.8875147779577,31.128866991920752,25.464112117792315,6.3162164705756885,43.41226591935586,0,0,0.0,2.46475487412844,-2.46475487412844,100.0,0.0,6,0
severe,dqn_core_only,12,True,,8,0.16326530612244897,0.0,200.0,-7.0,80.0,0.0,2.5,0.0,0.0,47.6011,0,8,1,30,0,200,0,0,0,0.0,1.0,0.37795918367346937,5185,9800,242,12.7514,0.0,0.0,0.0,0.7732,0.1272,0.185,527.2235987350241,7.011614857187109,0.8101851637699529,10.344104875124128,74.89136370463619,0,0,0.0,2.5,-2.5,100.0,0.0,5,0
severe,dqn_core_only,13,True,,8,0.16326530612244897,0.0,200.0,-7.0,80.0,0.0,2.5,0.0,0.0,45.5345,0,8,1,32,0,200,0,0,0,0.0,1.0,0.33918367346938777,5504,9800,146,15.9362,0.0,0.0,0.0,0.7398,0.1198,0.1765,1058.100418456798,14.524125878496422,11.324125878496421,6.3436924441238975,72.61960896193325,0,0,0.0,2.5,-2.5,100.0,0.0,5,0
severe,dqn_core_only,14,True,,8,0.16326530612244897,0.0,200.0,-7.0,80.0,0.0,2.4617,0.0,0.0,34.125,0,8,1,38,0,200,0,0,0,0.0,1.0,0.22204081632653058,5546,9800,154,15.2081,0.0,0.0,0.0,0.7474,0.1279,0.1801,1265.1830732254978,31.27783524527632,30.864266182130912,6.4,40.34392352009508,0,0,0.0,2.4617154706075643,-2.4617154706075643,100.0,0.0,5,0
severe,dqn_core_only,15,True,,8,0.16326530612244897,0.0,200.0,-7.0,80.0,0.0,2.5,0.0,0.0,42.313,0,8,1,35,0,200,0,0,0,0.0,1.0,0.2808163265306122,5645,9800,94,13.0418,0.0,0.0,0.0,0.6954,0.1105,0.17,2298.0026726914475,30.992415777628576,23.981734075034666,5.886947654670592,73.99281399994405,0,0,0.0,2.5,-2.5,100.0,0.0,6,0
severe,dqn_core_only,16,True,,8,0.16326530612244897,0.0,199.0,-7.0,80.0,0.0,2.5,0.0,0.0,32.0163,0,8,1,38,0,200,0,0,0,0.0,1.0,0.22204081632653058,6089,9751,75,16.9474,0.0,0.0,0.0,0.6974,0.1173,0.1677,2188.31743205019,31.565444063101612,39.10840567513167,3.2,69.25482488453972,0,0,0.0,2.5,-2.5,100.0,0.0,6,0
severe,dqn_core_only,17,True,,8,0.16326530612244897,0.0,200.0,-7.0,80.0,0.0,2.5,0.0,0.0,34.5217,0,8,1,38,0,200,0,0,0,0.0,1.0,0.22204081632653058,6199,9800,64,13.5402,0.0,0.0,0.0,0.8759,0.1398,0.2104,2030.4537834302077,31.25677109352977,30.323153276673136,6.4,64.84772273742232,0,0,0.0,2.5,-2.5,100.0,0.0,6,0
severe,dqn_core_only,18,True,,8,0.16326530612244897,0.0,200.0,-7.0,80.0,0.0,2.5,0.0,0.0,41.9085,0,8,1,35,0,200,0,0,0,0.0,1.0,0.2808163265306122,5845,9800,55,14.4989,0.0,0.0,0.0,0.7018,0.1128,0.1633,1874.1287796943734,30.808170085676856,23.52149356336297,6.151710663471591,60.683911874465075,0,0,0.0,2.5,-2.5,100.0,0.0,5,0
severe,dqn_core_only,19,True,,8,0.16326530612244897,0.0,200.0,-7.0,80.0,0.0,2.5,0.0,0.0,32.5565,0,8,1,38,0,200,0,0,0,0.0,1.0,0.22204081632653058,6257,9800,51,14.3438,0.0,0.0,0.0,0.7189,0.1207,0.1645,1475.5183302166274,31.282000602700517,33.70711855622119,6.4,47.087464592751964,0,0,0.0,2.5,-2.5,100.0,0.0,4,0
severe,dqn_core_only,20,True,,8,0.16326530612244897,0.0,200.0,-7.0,80.0,0.0,2.5,0.0,0.0,31.9203,0,8,1,38,0,200,0,0,0,0.0,1.0,0.22204081632653058,5825,9800,155,13.8871,0.0,0.0,0.0,0.7176,0.119,0.168,924.4277088620379,31.981399546610586,35.478377611397974,6.4,28.835924812805914,0,0,0.0,2.5,-2.5,100.0,0.0,6,0
severe,dqn_core_only,21,True,,8,0.16326530612244897,0.0,200.0,-7.0,80.0,0.0,2.5,0.0,0.0,32.0775,0,8,1,38,0,200,0,0,0,0.0,1.0,0.22204081632653058,6614,9800,22,13.3763,0.0,0.0,0.0,0.7255,0.1217,0.1575,867.6429088834103,6.519340160698768,19.65688470691476,12.8,132.7364627567089,0,0,0.0,2.5,-2.5,100.0,0.0,6,0
severe,dqn_core_only,22,True,,8,0.16326530612244897,0.0,200.0,-7.0,80.0,0.0,2.1875,0.0,0.0,34.2158,0,8,1,38,0,200,0,0,0,0.0,1.0,0.22204081632653058,5563,9800,47,14.1208,0.0,0.0,0.0,0.7123,0.1153,0.1677,1304.666124941567,10.640104842011912,4.589574368538054,15.001224334102407,122.30219805819995,0,0,0.0,2.1874926303107705,-2.1874926303107705,100.0,0.0,6,0
severe,dqn_core_only,23,True,,8,0.16326530612244897,0.0,200.0,-7.0,80.0,0.0,2.3981,0.0,0.0,34.828,0,8,1,38,0,200,0,0,0,0.0,1.0,0.22204081632653058,5724,9800,100,14.7833,0.0,0.0,0.0,0.7308,0.1223,0.1708,1400.9951050339303,30.853368763276137,29.070386815592776,6.4,45.28941806067088,0,0,0.0,2.3981378586084077,-2.3981378586084077,100.0,0.0,7,0
severe,dqn_core_only,24,True,,8,0.16326530612244897,0.0,199.0,-7.0,80.0,0.0,2.5,0.0,0.0,35.3476,0,8,1,38,0,200,0,0,0,0.0,1.0,0.22204081632653058,6059,9751,84,14.6363,0.0,0.0,0.0,0.7465,0.1188,0.1833,1207.5136833176832,9.559943656780185,0.15238227563835016,9.86695355314761,125.89921797192542,0,0,0.0,2.5,-2.5,100.0,0.0,6,0
severe,dqn_core_only,25,True,,8,0.16326530612244897,0.0,200.0,-7.0,80.0,0.0,2.5,0.0,0.0,32.0301,0,8,1,38,0,200,0,0,0,0.0,1.0,0.22204081632653058,5843,9800,84,15.107,0.0,0.0,0.0,0.619,0.1029,0.1508,2146.910273608365,31.788258976225656,29.57585572351422,9.570897698824828,67.4665830344379,0,0,0.0,2.5,-2.5,100.0,0.0,6,0
severe,dqn_core_only,26,True,,8,0.16326530612244897,0.0,199.0,-7.0,80.0,0.0,2.4284,0.0,0.0,34.4588,0,8,1,38,0,200,0,0,0,0.0,1.0,0.22204081632653058,6004,9751,89,16.5498,0.0,0.0,0.0,0.6338,0.101,0.1525,1708.7159879222816,31.113067075752063,27.627547010804744,6.292703086701404,54.80745824107818,0,0,0.0,2.428414239034804,-2.428414239034804,100.0,0.0,6,0
severe,dqn_core_only,27,True,,8,0.16326530612244897,0.0,200.0,-7.0,80.0,0.0,2.5,0.0,0.0,32.0211,0,8,1,38,0,200,0,0,0,0.0,1.0,0.22204081632653058,5920,9800,104,16.1188,0.0,0.0,0.0,0.6712,0.1045,0.1549,738.855385979115,6.389413579756075,23.493662292831086,9.18263424603882,115.2836384539494,0,0,0.0,2.5,-2.5,100.0,0.0,6,0
severe,dqn_core_only,28,True,,8,0.16326530612244897,0.0,200.0,-7.0,80.0,0.0,2.2877,0.0,0.0,33.974,0,8,1,37,0,200,0,0,0,0.0,1.0,0.24183673469387754,6406,9800,81,14.2838,0.0,0.0,0.0,0.7251,0.1125,0.1611,677.1888784057114,8.009026774285116,15.87573678498988,13.991582341858802,84.30510770338537,0,0,0.0,2.2877289787721335,-2.2877289787721335,100.0,0.0,5,0
severe,dqn_core_only,29,True,,8,0.16326530612244897,0.0,200.0,-7.0,80.0,0.0,2.5,0.0,0.0,36.19,0,8,1,38,0,200,0,0,0,0.0,1.0,0.22204081632653058,6121,9800,51,16.8832,0.0,0.0,0.0,0.6613,0.1048,0.1541,1651.3773845100732,31.16296121153616,27.590017457646827,6.166546997524095,52.85224209858403,0,0,0.0,2.5,-2.5,100.0,0.0,6,0
severe,full_stack,0,True,,8,0.16326530612244897,0.0,200.0,-7.0,80.0,0.0,2.5,0.0,0.0,35.1222,0,8,1,43,0,200,0,0,0,0.0,1.0,0.12224489795918368,7041,9800,52,14.658,0.0,0.0,0.0,0.9471,0.3401,0.1349,3943.596863478794,31.375423046968276,27.713767672618864,9.600000000000001,125.36996739142492,0,0,0.0,2.5,-2.5,100.0,0.0,6,0
severe,full_stack,1,True,,8,0.16326530612244897,0.0,200.0,-7.0,80.0,0.0,2.5,0.0,0.0,41.2173,0,8,1,35,0,200,0,0,0,0.0,1.0,0.2808163265306122,5960,9800,105,14.5586,0.0,0.0,0.0,1.0131,0.3094,0.1778,1690.1970586767015,31.29782192727778,27.82603673070367,3.2,53.869548380090606,0,0,0.0,2.5,-2.5,100.0,0.0,5,0
severe,full_stack,2,True,,7,0.14285714285714285,0.0,200.0,-6.0,70.0,0.0,2.5,0.0,0.0,34.6253,0,7,1,37,0,200,0,0,0,0.0,1.0,0.24183673469387754,5283,9800,214,12.7675,0.0,0.0,0.0,1.0093,0.3074,0.1828,821.396696380701,8.154891644160166,5.049455576227426,14.305199813764522,100.44065307880724,0,0,0.0,2.5,-2.5,100.0,0.0,6,0
severe,full_stack,3,True,,8,0.16326530612244897,0.0,200.0,-7.0,80.0,0.0,2.5,0.0,0.0,39.7474,0,8,1,35,0,200,0,0,0,0.0,1.0,0.2808163265306122,6080,9800,122,14.0794,0.0,0.0,0.0,1.0527,0.3191,0.1812,1073.0959438513719,9.622118043918967,0.3093776894018019,7.803397327905924,111.17750333578873,0,0,0.0,2.5,-2.5,100.0,0.0,5,0
severe,full_stack,4,True,,8,0.16326530612244897,0.0,188.0,-7.0,80.0,0.0,2.4335,0.0,0.0,32.2032,0,8,1,38,0,200,0,0,0,0.0,1.0,0.22204081632653058,6616,9212,21,16.904,0.0,0.0,0.0,1.0188,0.3146,0.1599,626.888029976438,10.089733435564936,6.731982116113678,6.4,61.89769127013848,0,0,0.0,2.433467556606221,-2.433467556606221,100.0,0.0,7,0
severe,full_stack,5,True,,8,0.16326530612244897,0.0,200.0,-7.0,80.0,0.0,2.5,0.0,0.0,39.6781,0,8,1,35,0,200,0,0,0,0.0,1.0,0.2808163265306122,5578,9800,98,13.5524,0.0,0.0,0.0,0.9869,0.3087,0.1759,1085.7015677311433,10.31061822745826,0.981960174301304,13.965624000735978,104.97809819721326,0,0,0.0,2.5,-2.5,100.0,0.0,5,0
severe,full_stack,6,True,,8,0.16326530612244897,0.0,200.0,-7.0,80.0,0.0,2.0107,0.0,0.0,41.1759,0,8,1,33,0,200,0,0,0,0.0,1.0,0.31979591836734694,5615,9800,159,14.3905,0.0,0.0,0.0,1.0553,0.3166,0.1852,1120.7970966257587,7.775199841440845,8.444005690167529,9.402681064134736,143.82293587869242,0,0,0.0,2.010655659375222,-2.010655659375222,100.0,0.0,7,0
severe,full_stack,7,True,,8,0.16326530612244897,0.0,200.0,-7.0,80.0,0.0,2.5,0.0,0.0,31.3891,0,8,1,38,0,200,0,0,0,0.0,1.0,0.22204081632653058,5777,9800,114,14.9987,0.0,0.0,0.0,0.9984,0.3098,0.1803,1702.9985859121962,30.689100756287914,35.187889024177046,9.600000000000001,55.42860457692036,0,0,0.0,2.5,-2.5,100.0,0.0,4,0
severe,full_stack,8,True,,8,0.16326530612244897,0.0,200.0,-7.0,80.0,0.0,2.5,0.0,0.0,40.164,0,8,1,35,0,200,0,0,0,0.0,1.0,0.2808163265306122,5882,9800,150,12.9968,0.0,0.0,0.0,1.0859,0.3253,0.1876,1504.7267137559768,10.159639157579422,18.028913092861323,8.946574728408716,147.76247008361995,0,0,0.0,2.5,-2.5,100.0,0.0,6,0
severe,full_stack,9,True,,8,0.16326530612244897,0.0,200.0,-7.0,80.0,0.0,2.2533,0.0,0.0,31.1127,0,8,1,43,0,200,0,0,0,0.0,1.0,0.12224489795918368,6909,9800,36,13.0756,0.0,0.0,0.0,0.9749,0.3148,0.1415,3571.206555534407,31.949131208941424,19.457658245081085,11.699353648149419,111.52573149620244,0,0,0.0,2.253338172023266,-2.253338172023266,100.0,0.0,6,0
severe,full_stack,10,True,,8,0.16326530612244897,0.0,200.0,-7.0,80.0,0.0,2.2143,0.0,0.0,42.1004,0,8,1,35,0,200,0,0,0,0.0,1.0,0.2808163265306122,5505,9800,159,13.6044,0.0,0.0,0.0,1.1305,0.3184,0.2247,1104.0654765940506,14.641684630300484,24.25020603977931,6.3775598315041995,75.10192411424737,0,0,0.0,2.214282224150791,-2.214282224150791,100.0,0.0,5,0
severe,full_stack,11,True,,8,0.16326530612244897,0.0,200.0,-7.0,80.0,0.0,2.4648,0.0,0.0,39.8017,0,8,1,35,0,200,0,0,0,0.0,1.0,0.2808163265306122,5707,9800,124,16.7563,0.0,0.0,0.0,1.0018,0.3048,0.1795,1354.8875147779577,31.128866991920752,25.464112117792315,6.3162164705756885,43.41226591935586,0,0,0.0,2.46475487412844,-2.46475487412844,100.0,0.0,6,0
severe,full_stack,12,True,,8,0.16326530612244897,0.0,200.0,-7.0,80.0,0.0,2.5,0.0,0.0,47.6011,0,8,1,30,0,200,0,0,0,0.0,1.0,0.37795918367346937,5185,9800,242,12.7514,0.0,0.0,0.0,1.0828,0.3263,0.1973,527.2235987350241,7.011614857187109,0.8101851637699529,10.344104875124128,74.89136370463619,0,0,0.0,2.5,-2.5,100.0,0.0,5,0
severe,full_stack,13,True,,8,0.16326530612244897,0.0,200.0,-7.0,80.0,0.0,2.5,0.0,0.0,45.5345,0,8,1,32,0,200,0,0,0,0.0,1.0,0.33918367346938777,5504,9800,146,15.9362,0.0,0.0,0.0,1.1748,0.37,0.2079,1058.100418456798,14.524125878496422,11.324125878496421,6.3436924441238975,72.61960896193325,0,0,0.0,2.5,-2.5,100.0,0.0,5,0
severe,full_stack,14,True,,8,0.16326530612244897,0.0,200.0,-7.0,80.0,0.0,2.4617,0.0,0.0,34.125,0,8,1,38,0,200,0,0,0,0.0,1.0,0.22204081632653058,5546,9800,154,15.2081,0.0,0.0,0.0,1.7269,0.6386,0.2883,1265.1830732254978,31.27783524527632,30.864266182130912,6.4,40.34392352009508,0,0,0.0,2.4617154706075643,-2.4617154706075643,100.0,0.0,5,0
severe,full_stack,15,True,,8,0.16326530612244897,0.0,200.0,-7.0,80.0,0.0,2.5,0.0,0.0,42.313,0,8,1,35,0,200,0,0,0,0.0,1.0,0.2808163265306122,5645,9800,94,13.0418,0.0,0.0,0.0,1.6783,0.5924,0.2871,2298.0026726914475,30.992415777628576,23.981734075034666,5.886947654670592,73.99281399994405,0,0,0.0,2.5,-2.5,100.0,0.0,6,0
severe,full_stack,16,True,,8,0.16326530612244897,0.0,199.0,-7.0,80.0,0.0,2.5,0.0,0.0,32.0163,0,8,1,38,0,200,0,0,0,0.0,1.0,0.22204081632653058,6089,9751,75,16.9474,0.0,0.0,0.0,1.4035,0.4703,0.247,2188.31743205019,31.565444063101612,39.10840567513167,3.2,69.25482488453972,0,0,0.0,2.5,-2.5,100.0,0.0,6,0
severe,full_stack,17,True,,8,0.16326530612244897,0.0,200.0,-7.0,80.0,0.0,2.5,0.0,0.0,34.5217,0,8,1,38,0,200,0,0,0,0.0,1.0,0.22204081632653058,6199,9800,64,13.5402,0.0,0.0,0.0,1.8601,0.6409,0.3096,2030.4537834302077,31.25677109352977,30.323153276673136,6.4,64.84772273742232,0,0,0.0,2.5,-2.5,100.0,0.0,6,0
severe,full_stack,18,True,,8,0.16326530612244897,0.0,200.0,-7.0,80.0,0.0,2.5,0.0,0.0,41.9085,0,8,1,35,0,200,0,0,0,0.0,1.0,0.2808163265306122,5845,9800,55,14.4989,0.0,0.0,0.0,1.4456,0.4812,0.2452,1874.1287796943734,30.808170085676856,23.52149356336297,6.151710663471591,60.683911874465075,0,0,0.0,2.5,-2.5,100.0,0.0,5,0
severe,full_stack,19,True,,8,0.16326530612244897,0.0,200.0,-7.0,80.0,0.0,2.5,0.0,0.0,32.5565,0,8,1,38,0,200,0,0,0,0.0,1.0,0.22204081632653058,6257,9800,51,14.3438,0.0,0.0,0.0,1.7368,0.6189,0.2774,1475.5183302166274,31.282000602700517,33.70711855622119,6.4,47.087464592751964,0,0,0.0,2.5,-2.5,100.0,0.0,4,0
severe,full_stack,20,True,,8,0.16326530612244897,0.0,200.0,-7.0,80.0,0.0,2.5,0.0,0.0,31.9203,0,8,1,38,0,200,0,0,0,0.0,1.0,0.22204081632653058,5825,9800,155,13.8871,0.0,0.0,0.0,1.2001,0.3813,0.2097,924.4277088620379,31.981399546610586,35.478377611397974,6.4,28.835924812805914,0,0,0.0,2.5,-2.5,100.0,0.0,6,0
severe,full_stack,21,True,,8,0.16326530612244897,0.0,200.0,-7.0,80.0,0.0,2.5,0.0,0.0,32.0775,0,8,1,38,0,200,0,0,0,0.0,1.0,0.22204081632653058,6614,9800,22,13.3763,0.0,0.0,0.0,1.7624,0.6523,0.2737,867.6429088834103,6.519340160698768,19.65688470691476,12.8,132.7364627567089,0,0,0.0,2.5,-2.5,100.0,0.0,6,0
severe,full_stack,22,True,,8,0.16326530612244897,0.0,200.0,-7.0,80.0,0.0,2.1875,0.0,0.0,34.2158,0,8,1,38,0,200,0,0,0,0.0,1.0,0.22204081632653058,5563,9800,47,14.1208,0.0,0.0,0.0,1.347,0.432,0.2405,1304.666124941567,10.640104842011912,4.589574368538054,15.001224334102407,122.30219805819995,0,0,0.0,2.1874926303107705,-2.1874926303107705,100.0,0.0,6,0
severe,full_stack,23,True,,8,0.16326530612244897,0.0,200.0,-7.0,80.0,0.0,2.3981,0.0,0.0,34.828,0,8,1,38,0,200,0,0,0,0.0,1.0,0.22204081632653058,5724,9800,100,14.7833,0.0,0.0,0.0,1.3652,0.4486,0.2361,1400.9951050339303,30.853368763276137,29.070386815592776,6.4,45.28941806067088,0,0,0.0,2.3981378586084077,-2.3981378586084077,100.0,0.0,7,0
severe,full_stack,24,True,,8,0.16326530612244897,0.0,199.0,-7.0,80.0,0.0,2.5,0.0,0.0,35.3476,0,8,1,38,0,200,0,0,0,0.0,1.0,0.22204081632653058,6059,9751,84,14.6363,0.0,0.0,0.0,1.2261,0.3958,0.2085,1207.5136833176832,9.559943656780185,0.15238227563835016,9.86695355314761,125.89921797192542,0,0,0.0,2.5,-2.5,100.0,0.0,6,0
severe,full_stack,25,True,,8,0.16326530612244897,0.0,200.0,-7.0,80.0,0.0,2.5,0.0,0.0,32.0301,0,8,1,38,0,200,0,0,0,0.0,1.0,0.22204081632653058,5843,9800,84,15.107,0.0,0.0,0.0,1.6897,0.6016,0.3342,2146.910273608365,31.788258976225656,29.57585572351422,9.570897698824828,67.4665830344379,0,0,0.0,2.5,-2.5,100.0,0.0,6,0
severe,full_stack,26,True,,8,0.16326530612244897,0.0,199.0,-7.0,80.0,0.0,2.4284,0.0,0.0,34.4588,0,8,1,38,0,200,0,0,0,0.0,1.0,0.22204081632653058,6004,9751,89,16.5498,0.0,0.0,0.0,1.0852,0.3504,0.1934,1708.7159879222816,31.113067075752063,27.627547010804744,6.292703086701404,54.80745824107818,0,0,0.0,2.428414239034804,-2.428414239034804,100.0,0.0,6,0
severe,full_stack,27,True,,8,0.16326530612244897,0.0,200.0,-7.0,80.0,0.0,2.5,0.0,0.0,32.0211,0,8,1,38,0,200,0,0,0,0.0,1.0,0.22204081632653058,5920,9800,104,16.1188,0.0,0.0,0.0,1.1236,0.3528,0.1943,738.855385979115,6.389413579756075,23.493662292831086,9.18263424603882,115.2836384539494,0,0,0.0,2.5,-2.5,100.0,0.0,6,0
severe,full_stack,28,True,,8,0.16326530612244897,0.0,200.0,-7.0,80.0,0.0,2.2877,0.0,0.0,33.974,0,8,1,37,0,200,0,0,0,0.0,1.0,0.24183673469387754,6406,9800,81,14.2838,0.0,0.0,0.0,1.036,0.3159,0.1752,677.1888784057114,8.009026774285116,15.87573678498988,13.991582341858802,84.30510770338537,0,0,0.0,2.2877289787721335,-2.2877289787721335,100.0,0.0,5,0
severe,full_stack,29,True,,8,0.16326530612244897,0.0,200.0,-7.0,80.0,0.0,2.5,0.0,0.0,36.19,0,8,1,38,0,200,0,0,0,0.0,1.0,0.22204081632653058,6121,9800,51,16.8832,0.0,0.0,0.0,1.1385,0.3638,0.1991,1651.3773845100732,31.16296121153616,27.590017457646827,6.166546997524095,52.85224209858403,0,0,0.0,2.5,-2.5,100.0,0.0,6,0
severe,no_lstm,0,True,,8,0.16326530612244897,0.0,200.0,-7.0,80.0,0.0,2.5,0.0,0.0,35.1222,0,8,1,43,0,200,0,0,0,0.0,1.0,0.12224489795918368,7041,9800,52,14.658,0.0,0.0,0.0,0.8358,0.1431,0.1538,3943.596863478794,31.375423046968276,27.713767672618864,9.600000000000001,125.36996739142492,0,0,0.0,2.5,-2.5,100.0,0.0,6,0
severe,no_lstm,1,True,,8,0.16326530612244897,0.0,200.0,-7.0,80.0,0.0,2.5,0.0,0.0,41.2173,0,8,1,35,0,200,0,0,0,0.0,1.0,0.2808163265306122,5960,9800,105,14.5586,0.0,0.0,0.0,0.9904,0.1514,0.2165,1690.1970586767015,31.29782192727778,27.82603673070367,3.2,53.869548380090606,0,0,0.0,2.5,-2.5,100.0,0.0,5,0
severe,no_lstm,2,True,,7,0.14285714285714285,0.0,200.0,-6.0,70.0,0.0,2.5,0.0,0.0,34.6253,0,7,1,37,0,200,0,0,0,0.0,1.0,0.24183673469387754,5283,9800,214,12.7675,0.0,0.0,0.0,0.9888,0.1421,0.22,821.396696380701,8.154891644160166,5.049455576227426,14.305199813764522,100.44065307880724,0,0,0.0,2.5,-2.5,100.0,0.0,6,0
severe,no_lstm,3,True,,8,0.16326530612244897,0.0,200.0,-7.0,80.0,0.0,2.5,0.0,0.0,39.7474,0,8,1,35,0,200,0,0,0,0.0,1.0,0.2808163265306122,6080,9800,122,14.0794,0.0,0.0,0.0,0.821,0.1239,0.1785,1073.0959438513719,9.622118043918967,0.3093776894018019,7.803397327905924,111.17750333578873,0,0,0.0,2.5,-2.5,100.0,0.0,5,0
severe,no_lstm,4,True,,8,0.16326530612244897,0.0,188.0,-7.0,80.0,0.0,2.4335,0.0,0.0,32.2032,0,8,1,38,0,200,0,0,0,0.0,1.0,0.22204081632653058,6616,9212,21,16.904,0.0,0.0,0.0,0.8886,0.1314,0.1673,626.888029976438,10.089733435564936,6.731982116113678,6.4,61.89769127013848,0,0,0.0,2.433467556606221,-2.433467556606221,100.0,0.0,7,0
severe,no_lstm,5,True,,8,0.16326530612244897,0.0,200.0,-7.0,80.0,0.0,2.5,0.0,0.0,39.6781,0,8,1,35,0,200,0,0,0,0.0,1.0,0.2808163265306122,5578,9800,98,13.5524,0.0,0.0,0.0,0.7367,0.1086,0.1658,1085.7015677311433,10.31061822745826,0.981960174301304,13.965624000735978,104.97809819721326,0,0,0.0,2.5,-2.5,100.0,0.0,5,0
severe,no_lstm,6,True,,8,0.16326530612244897,0.0,200.0,-7.0,80.0,0.0,2.0107,0.0,0.0,41.1759,0,8,1,33,0,200,0,0,0,0.0,1.0,0.31979591836734694,5615,9800,159,14.3905,0.0,0.0,0.0,0.755,0.1112,0.1639,1120.7970966257587,7.775199841440845,8.444005690167529,9.402681064134736,143.82293587869242,0,0,0.0,2.010655659375222,-2.010655659375222,100.0,0.0,7,0
severe,no_lstm,7,True,,8,0.16326530612244897,0.0,200.0,-7.0,80.0,0.0,2.5,0.0,0.0,31.3891,0,8,1,38,0,200,0,0,0,0.0,1.0,0.22204081632653058,5777,9800,114,14.9987,0.0,0.0,0.0,0.7271,0.1084,0.1677,1702.9985859121962,30.689100756287914,35.187889024177046,9.600000000000001,55.42860457692036,0,0,0.0,2.5,-2.5,100.0,0.0,4,0
severe,no_lstm,8,True,,8,0.16326530612244897,0.0,200.0,-7.0,80.0,0.0,2.5,0.0,0.0,40.164,0,8,1,35,0,200,0,0,0,0.0,1.0,0.2808163265306122,5882,9800,150,12.9968,0.0,0.0,0.0,0.7732,0.1119,0.1674,1504.7267137559768,10.159639157579422,18.028913092861323,8.946574728408716,147.76247008361995,0,0,0.0,2.5,-2.5,100.0,0.0,6,0
severe,no_lstm,9,True,,8,0.16326530612244897,0.0,200.0,-7.0,80.0,0.0,2.2533,0.0,0.0,31.1127,0,8,1,43,0,200,0,0,0,0.0,1.0,0.12224489795918368,6909,9800,36,13.0756,0.0,0.0,0.0,0.7391,0.1194,0.1392,3571.206555534407,31.949131208941424,19.457658245081085,11.699353648149419,111.52573149620244,0,0,0.0,2.253338172023266,-2.253338172023266,100.0,0.0,6,0
severe,no_lstm,10,True,,8,0.16326530612244897,0.0,200.0,-7.0,80.0,0.0,2.2143,0.0,0.0,42.1004,0,8,1,35,0,200,0,0,0,0.0,1.0,0.2808163265306122,5505,9800,159,13.6044,0.0,0.0,0.0,0.8128,0.1286,0.1794,1104.0654765940506,14.641684630300484,24.25020603977931,6.3775598315041995,75.10192411424737,0,0,0.0,2.214282224150791,-2.214282224150791,100.0,0.0,5,0
severe,no_lstm,11,True,,8,0.16326530612244897,0.0,200.0,-7.0,80.0,0.0,2.4648,0.0,0.0,39.8017,0,8,1,35,0,200,0,0,0,0.0,1.0,0.2808163265306122,5707,9800,124,16.7563,0.0,0.0,0.0,0.7478,0.1129,0.1644,1354.8875147779577,31.128866991920752,25.464112117792315,6.3162164705756885,43.41226591935586,0,0,0.0,2.46475487412844,-2.46475487412844,100.0,0.0,6,0
severe,no_lstm,12,True,,8,0.16326530612244897,0.0,200.0,-7.0,80.0,0.0,2.5,0.0,0.0,47.6011,0,8,1,30,0,200,0,0,0,0.0,1.0,0.37795918367346937,5185,9800,242,12.7514,0.0,0.0,0.0,0.7642,0.111,0.1741,527.2235987350241,7.011614857187109,0.8101851637699529,10.344104875124128,74.89136370463619,0,0,0.0,2.5,-2.5,100.0,0.0,5,0
severe,no_lstm,13,True,,8,0.16326530612244897,0.0,200.0,-7.0,80.0,0.0,2.5,0.0,0.0,45.5345,0,8,1,32,0,200,0,0,0,0.0,1.0,0.33918367346938777,5504,9800,146,15.9362,0.0,0.0,0.0,0.7655,0.1111,0.173,1058.100418456798,14.524125878496422,11.324125878496421,6.3436924441238975,72.61960896193325,0,0,0.0,2.5,-2.5,100.0,0.0,5,0
severe,no_lstm,14,True,,8,0.16326530612244897,0.0,200.0,-7.0,80.0,0.0,2.4617,0.0,0.0,34.125,0,8,1,38,0,200,0,0,0,0.0,1.0,0.22204081632653058,5546,9800,154,15.2081,0.0,0.0,0.0,0.841,0.1206,0.2048,1265.1830732254978,31.27783524527632,30.864266182130912,6.4,40.34392352009508,0,0,0.0,2.4617154706075643,-2.4617154706075643,100.0,0.0,5,0
severe,no_lstm,15,True,,8,0.16326530612244897,0.0,200.0,-7.0,80.0,0.0,2.5,0.0,0.0,42.313,0,8,1,35,0,200,0,0,0,0.0,1.0,0.2808163265306122,5645,9800,94,13.0418,0.0,0.0,0.0,0.8039,0.1238,0.1821,2298.0026726914475,30.992415777628576,23.981734075034666,5.886947654670592,73.99281399994405,0,0,0.0,2.5,-2.5,100.0,0.0,6,0
severe,no_lstm,16,True,,8,0.16326530612244897,0.0,199.0,-7.0,80.0,0.0,2.5,0.0,0.0,32.0163,0,8,1,38,0,200,0,0,0,0.0,1.0,0.22204081632653058,6089,9751,75,16.9474,0.0,0.0,0.0,0.7216,0.1129,0.1629,2188.31743205019,31.565444063101612,39.10840567513167,3.2,69.25482488453972,0,0,0.0,2.5,-2.5,100.0,0.0,6,0
severe,no_lstm,17,True,,8,0.16326530612244897,0.0,200.0,-7.0,80.0,0.0,2.5,0.0,0.0,34.5217,0,8,1,38,0,200,0,0,0,0.0,1.0,0.22204081632653058,6199,9800,64,13.5402,0.0,0.0,0.0,0.7273,0.1097,0.161,2030.4537834302077,31.25677109352977,30.323153276673136,6.4,64.84772273742232,0,0,0.0,2.5,-2.5,100.0,0.0,6,0
severe,no_lstm,18,True,,8,0.16326530612244897,0.0,200.0,-7.0,80.0,0.0,2.5,0.0,0.0,41.9085,0,8,1,35,0,200,0,0,0,0.0,1.0,0.2808163265306122,5845,9800,55,14.4989,0.0,0.0,0.0,0.7273,0.1084,0.1612,1874.1287796943734,30.808170085676856,23.52149356336297,6.151710663471591,60.683911874465075,0,0,0.0,2.5,-2.5,100.0,0.0,5,0
severe,no_lstm,19,True,,8,0.16326530612244897,0.0,200.0,-7.0,80.0,0.0,2.5,0.0,0.0,32.5565,0,8,1,38,0,200,0,0,0,0.0,1.0,0.22204081632653058,6257,9800,51,14.3438,0.0,0.0,0.0,0.7275,0.1088,0.1567,1475.5183302166274,31.282000602700517,33.70711855622119,6.4,47.087464592751964,0,0,0.0,2.5,-2.5,100.0,0.0,4,0
severe,no_lstm,20,True,,8,0.16326530612244897,0.0,200.0,-7.0,80.0,0.0,2.5,0.0,0.0,31.9203,0,8,1,38,0,200,0,0,0,0.0,1.0,0.22204081632653058,5825,9800,155,13.8871,0.0,0.0,0.0,0.7238,0.1076,0.1606,924.4277088620379,31.981399546610586,35.478377611397974,6.4,28.835924812805914,0,0,0.0,2.5,-2.5,100.0,0.0,6,0
severe,no_lstm,21,True,,8,0.16326530612244897,0.0,200.0,-7.0,80.0,0.0,2.5,0.0,0.0,32.0775,0,8,1,38,0,200,0,0,0,0.0,1.0,0.22204081632653058,6614,9800,22,13.3763,0.0,0.0,0.0,0.7648,0.1173,0.1546,867.6429088834103,6.519340160698768,19.65688470691476,12.8,132.7364627567089,0,0,0.0,2.5,-2.5,100.0,0.0,6,0
severe,no_lstm,22,True,,8,0.16326530612244897,0.0,200.0,-7.0,80.0,0.0,2.1875,0.0,0.0,34.2158,0,8,1,38,0,200,0,0,0,0.0,1.0,0.22204081632653058,5563,9800,47,14.1208,0.0,0.0,0.0,0.7455,0.1091,0.1666,1304.666124941567,10.640104842011912,4.589574368538054,15.001224334102407,122.30219805819995,0,0,0.0,2.1874926303107705,-2.1874926303107705,100.0,0.0,6,0
severe,no_lstm,23,True,,8,0.16326530612244897,0.0,200.0,-7.0,80.0,0.0,2.3981,0.0,0.0,34.828,0,8,1,38,0,200,0,0,0,0.0,1.0,0.22204081632653058,5724,9800,100,14.7833,0.0,0.0,0.0,0.8358,0.1264,0.1858,1400.9951050339303,30.853368763276137,29.070386815592776,6.4,45.28941806067088,0,0,0.0,2.3981378586084077,-2.3981378586084077,100.0,0.0,7,0
severe,no_lstm,24,True,,8,0.16326530612244897,0.0,199.0,-7.0,80.0,0.0,2.5,0.0,0.0,35.3476,0,8,1,38,0,200,0,0,0,0.0,1.0,0.22204081632653058,6059,9751,84,14.6363,0.0,0.0,0.0,0.8366,0.1253,0.1837,1207.5136833176832,9.559943656780185,0.15238227563835016,9.86695355314761,125.89921797192542,0,0,0.0,2.5,-2.5,100.0,0.0,6,0
severe,no_lstm,25,True,,8,0.16326530612244897,0.0,200.0,-7.0,80.0,0.0,2.5,0.0,0.0,32.0301,0,8,1,38,0,200,0,0,0,0.0,1.0,0.22204081632653058,5843,9800,84,15.107,0.0,0.0,0.0,0.8106,0.1313,0.1815,2146.910273608365,31.788258976225656,29.57585572351422,9.570897698824828,67.4665830344379,0,0,0.0,2.5,-2.5,100.0,0.0,6,0
severe,no_lstm,26,True,,8,0.16326530612244897,0.0,199.0,-7.0,80.0,0.0,2.4284,0.0,0.0,34.4588,0,8,1,38,0,200,0,0,0,0.0,1.0,0.22204081632653058,6004,9751,89,16.5498,0.0,0.0,0.0,0.7505,0.1157,0.1675,1708.7159879222816,31.113067075752063,27.627547010804744,6.292703086701404,54.80745824107818,0,0,0.0,2.428414239034804,-2.428414239034804,100.0,0.0,6,0
severe,no_lstm,27,True,,8,0.16326530612244897,0.0,200.0,-7.0,80.0,0.0,2.5,0.0,0.0,32.0211,0,8,1,38,0,200,0,0,0,0.0,1.0,0.22204081632653058,5920,9800,104,16.1188,0.0,0.0,0.0,0.8555,0.1353,0.1842,738.855385979115,6.389413579756075,23.493662292831086,9.18263424603882,115.2836384539494,0,0,0.0,2.5,-2.5,100.0,0.0,6,0
severe,no_lstm,28,True,,8,0.16326530612244897,0.0,200.0,-7.0,80.0,0.0,2.2877,0.0,0.0,33.974,0,8,1,37,0,200,0,0,0,0.0,1.0,0.24183673469387754,6406,9800,81,14.2838,0.0,0.0,0.0,0.8603,0.1286,0.1808,677.1888784057114,8.009026774285116,15.87573678498988,13.991582341858802,84.30510770338537,0,0,0.0,2.2877289787721335,-2.2877289787721335,100.0,0.0,5,0
severe,no_lstm,29,True,,8,0.16326530612244897,0.0,200.0,-7.0,80.0,0.0,2.5,0.0,0.0,36.19,0,8,1,38,0,200,0,0,0,0.0,1.0,0.22204081632653058,6121,9800,51,16.8832,0.0,0.0,0.0,0.8011,0.1213,0.1775,1651.3773845100732,31.16296121153616,27.590017457646827,6.166546997524095,52.85224209858403,0,0,0.0,2.5,-2.5,100.0,0.0,6,0
severe,no_twin,0,True,,8,0.16326530612244897,0.0,200.0,-7.0,80.0,0.0,2.5,0.0,0.0,35.1222,0,8,1,43,0,200,0,0,0,0.0,1.0,0.12224489795918368,7041,9800,52,14.658,0.0,0.0,0.0,1.0375,0.3772,0.1543,3943.596863478794,31.375423046968276,27.713767672618864,9.600000000000001,125.36996739142492,0,0,0.0,2.5,-2.5,100.0,0.0,6,0
severe,no_twin,1,True,,8,0.16326530612244897,0.0,200.0,-7.0,80.0,0.0,2.5,0.0,0.0,41.2173,0,8,1,35,0,200,0,0,0,0.0,1.0,0.2808163265306122,5960,9800,105,14.5586,0.0,0.0,0.0,1.5797,0.5459,0.285,1690.1970586767015,31.29782192727778,27.82603673070367,3.2,53.869548380090606,0,0,0.0,2.5,-2.5,100.0,0.0,5,0
severe,no_twin,2,True,,7,0.14285714285714285,0.0,200.0,-6.0,70.0,0.0,2.5,0.0,0.0,34.6253,0,7,1,37,0,200,0,0,0,0.0,1.0,0.24183673469387754,5283,9800,214,12.7675,0.0,0.0,0.0,1.3339,0.4737,0.2436,821.396696380701,8.154891644160166,5.049455576227426,14.305199813764522,100.44065307880724,0,0,0.0,2.5,-2.5,100.0,0.0,6,0
severe,no_twin,3,True,,8,0.16326530612244897,0.0,200.0,-7.0,80.0,0.0,2.5,0.0,0.0,39.7474,0,8,1,35,0,200,0,0,0,0.0,1.0,0.2808163265306122,6080,9800,122,14.0794,0.0,0.0,0.0,1.0662,0.3606,0.1891,1073.0959438513719,9.622118043918967,0.3093776894018019,7.803397327905924,111.17750333578873,0,0,0.0,2.5,-2.5,100.0,0.0,5,0
severe,no_twin,4,True,,8,0.16326530612244897,0.0,188.0,-7.0,80.0,0.0,2.4335,0.0,0.0,32.2032,0,8,1,38,0,200,0,0,0,0.0,1.0,0.22204081632653058,6616,9212,21,16.904,0.0,0.0,0.0,1.4029,0.6012,0.1999,626.888029976438,10.089733435564936,6.731982116113678,6.4,61.89769127013848,0,0,0.0,2.433467556606221,-2.433467556606221,100.0,0.0,7,0
severe,no_twin,5,True,,8,0.16326530612244897,0.0,200.0,-7.0,80.0,0.0,2.5,0.0,0.0,39.6781,0,8,1,35,0,200,0,0,0,0.0,1.0,0.2808163265306122,5578,9800,98,13.5524,0.0,0.0,0.0,0.9993,0.3363,0.1894,1085.7015677311433,10.31061822745826,0.981960174301304,13.965624000735978,104.97809819721326,0,0,0.0,2.5,-2.5,100.0,0.0,5,0
severe,no_twin,6,True,,8,0.16326530612244897,0.0,200.0,-7.0,80.0,0.0,2.0107,0.0,0.0,41.1759,0,8,1,33,0,200,0,0,0,0.0,1.0,0.31979591836734694,5615,9800,159,14.3905,0.0,0.0,0.0,1.1201,0.369,0.2042,1120.7970966257587,7.775199841440845,8.444005690167529,9.402681064134736,143.82293587869242,0,0,0.0,2.010655659375222,-2.010655659375222,100.0,0.0,7,0
severe,no_twin,7,True,,8,0.16326530612244897,0.0,200.0,-7.0,80.0,0.0,2.5,0.0,0.0,31.3891,0,8,1,38,0,200,0,0,0,0.0,1.0,0.22204081632653058,5777,9800,114,14.9987,0.0,0.0,0.0,1.096,0.3796,0.2026,1702.9985859121962,30.689100756287914,35.187889024177046,9.600000000000001,55.42860457692036,0,0,0.0,2.5,-2.5,100.0,0.0,4,0
severe,no_twin,8,True,,8,0.16326530612244897,0.0,200.0,-7.0,80.0,0.0,2.5,0.0,0.0,40.164,0,8,1,35,0,200,0,0,0,0.0,1.0,0.2808163265306122,5882,9800,150,12.9968,0.0,0.0,0.0,1.1107,0.3779,0.1973,1504.7267137559768,10.159639157579422,18.028913092861323,8.946574728408716,147.76247008361995,0,0,0.0,2.5,-2.5,100.0,0.0,6,0
severe,no_twin,9,True,,8,0.16326530612244897,0.0,200.0,-7.0,80.0,0.0,2.2533,0.0,0.0,31.1127,0,8,1,43,0,200,0,0,0,0.0,1.0,0.12224489795918368,6909,9800,36,13.0756,0.0,0.0,0.0,1.0175,0.3779,0.1505,3571.206555534407,31.949131208941424,19.457658245081085,11.699353648149419,111.52573149620244,0,0,0.0,2.253338172023266,-2.253338172023266,100.0,0.0,6,0
severe,no_twin,10,True,,8,0.16326530612244897,0.0,200.0,-7.0,80.0,0.0,2.2143,0.0,0.0,42.1004,0,8,1,35,0,200,0,0,0,0.0,1.0,0.2808163265306122,5505,9800,159,13.6044,0.0,0.0,0.0,1.0709,0.3526,0.1994,1104.0654765940506,14.641684630300484,24.25020603977931,6.3775598315041995,75.10192411424737,0,0,0.0,2.214282224150791,-2.214282224150791,100.0,0.0,5,0
severe,no_twin,11,True,,8,0.16326530612244897,0.0,200.0,-7.0,80.0,0.0,2.4648,0.0,0.0,39.8017,0,8,1,35,0,200,0,0,0,0.0,1.0,0.2808163265306122,5707,9800,124,16.7563,0.0,0.0,0.0,1.0557,0.3555,0.1964,1354.8875147779577,31.128866991920752,25.464112117792315,6.3162164705756885,43.41226591935586,0,0,0.0,2.46475487412844,-2.46475487412844,100.0,0.0,6,0
severe,no_twin,12,True,,8,0.16326530612244897,0.0,200.0,-7.0,80.0,0.0,2.5,0.0,0.0,47.6011,0,8,1,30,0,200,0,0,0,0.0,1.0,0.37795918367346937,5185,9800,242,12.7514,0.0,0.0,0.0,1.0699,0.3562,0.2013,527.2235987350241,7.011614857187109,0.8101851637699529,10.344104875124128,74.89136370463619,0,0,0.0,2.5,-2.5,100.0,0.0,5,0
severe,no_twin,13,True,,8,0.16326530612244897,0.0,200.0,-7.0,80.0,0.0,2.5,0.0,0.0,45.5345,0,8,1,32,0,200,0,0,0,0.0,1.0,0.33918367346938777,5504,9800,146,15.9362,0.0,0.0,0.0,1.0843,0.3632,0.2022,1058.100418456798,14.524125878496422,11.324125878496421,6.3436924441238975,72.61960896193325,0,0,0.0,2.5,-2.5,100.0,0.0,5,0
severe,no_twin,14,True,,8,0.16326530612244897,0.0,200.0,-7.0,80.0,0.0,2.4617,0.0,0.0,34.125,0,8,1,38,0,200,0,0,0,0.0,1.0,0.22204081632653058,5546,9800,154,15.2081,0.0,0.0,0.0,1.0112,0.3412,0.1903,1265.1830732254978,31.27783524527632,30.864266182130912,6.4,40.34392352009508,0,0,0.0,2.4617154706075643,-2.4617154706075643,100.0,0.0,5,0
severe,no_twin,15,True,,8,0.16326530612244897,0.0,200.0,-7.0,80.0,0.0,2.5,0.0,0.0,42.313,0,8,1,35,0,200,0,0,0,0.0,1.0,0.2808163265306122,5645,9800,94,13.0418,0.0,0.0,0.0,1.058,0.3637,0.198,2298.0026726914475,30.992415777628576,23.981734075034666,5.886947654670592,73.99281399994405,0,0,0.0,2.5,-2.5,100.0,0.0,6,0
severe,no_twin,16,True,,8,0.16326530612244897,0.0,199.0,-7.0,80.0,0.0,2.5,0.0,0.0,32.0163,0,8,1,38,0,200,0,0,0,0.0,1.0,0.22204081632653058,6089,9751,75,16.9474,0.0,0.0,0.0,0.9512,0.3271,0.1775,2188.31743205019,31.565444063101612,39.10840567513167,3.2,69.25482488453972,0,0,0.0,2.5,-2.5,100.0,0.0,6,0
severe,no_twin,17,True,,8,0.16326530612244897,0.0,200.0,-7.0,80.0,0.0,2.5,0.0,0.0,34.5217,0,8,1,38,0,200,0,0,0,0.0,1.0,0.22204081632653058,6199,9800,64,13.5402,0.0,0.0,0.0,0.9919,0.3349,0.1824,2030.4537834302077,31.25677109352977,30.323153276673136,6.4,64.84772273742232,0,0,0.0,2.5,-2.5,100.0,0.0,6,0
severe,no_twin,18,True,,8,0.16326530612244897,0.0,200.0,-7.0,80.0,0.0,2.5,0.0,0.0,41.9085,0,8,1,35,0,200,0,0,0,0.0,1.0,0.2808163265306122,5845,9800,55,14.4989,0.0,0.0,0.0,1.0805,0.3594,0.2021,1874.1287796943734,30.808170085676856,23.52149356336297,6.151710663471591,60.683911874465075,0,0,0.0,2.5,-2.5,100.0,0.0,5,0
severe,no_twin,19,True,,8,0.16326530612244897,0.0,200.0,-7.0,80.0,0.0,2.5,0.0,0.0,32.5565,0,8,1,38,0,200,0,0,0,0.0,1.0,0.22204081632653058,6257,9800,51,14.3438,0.0,0.0,0.0,1.0549,0.362,0.1872,1475.5183302166274,31.282000602700517,33.70711855622119,6.4,47.087464592751964,0,0,0.0,2.5,-2.5,100.0,0.0,4,0
severe,no_twin,20,True,,8,0.16326530612244897,0.0,200.0,-7.0,80.0,0.0,2.5,0.0,0.0,31.9203,0,8,1,38,0,200,0,0,0,0.0,1.0,0.22204081632653058,5825,9800,155,13.8871,0.0,0.0,0.0,1.0039,0.3372,0.1855,924.4277088620379,31.981399546610586,35.478377611397974,6.4,28.835924812805914,0,0,0.0,2.5,-2.5,100.0,0.0,6,0
severe,no_twin,21,True,,8,0.16326530612244897,0.0,200.0,-7.0,80.0,0.0,2.5,0.0,0.0,32.0775,0,8,1,38,0,200,0,0,0,0.0,1.0,0.22204081632653058,6614,9800,22,13.3763,0.0,0.0,0.0,0.9682,0.3207,0.1658,867.6429088834103,6.519340160698768,19.65688470691476,12.8,132.7364627567089,0,0,0.0,2.5,-2.5,100.0,0.0,6,0
severe,no_twin,22,True,,8,0.16326530612244897,0.0,200.0,-7.0,80.0,0.0,2.1875,0.0,0.0,34.2158,0,8,1,38,0,200,0,0,0,0.0,1.0,0.22204081632653058,5563,9800,47,14.1208,0.0,0.0,0.0,1.2259,0.3904,0.2162,1304.666124941567,10.640104842011912,4.589574368538054,15.001224334102407,122.30219805819995,0,0,0.0,2.1874926303107705,-2.1874926303107705,100.0,0.0,6,0
severe,no_twin,23,True,,8,0.16326530612244897,0.0,200.0,-7.0,80.0,0.0,2.3981,0.0,0.0,34.828,0,8,1,38,0,200,0,0,0,0.0,1.0,0.22204081632653058,5724,9800,100,14.7833,0.0,0.0,0.0,1.1102,0.377,0.2056,1400.9951050339303,30.853368763276137,29.070386815592776,6.4,45.28941806067088,0,0,0.0,2.3981378586084077,-2.3981378586084077,100.0,0.0,7,0
severe,no_twin,24,True,,8,0.16326530612244897,0.0,199.0,-7.0,80.0,0.0,2.5,0.0,0.0,35.3476,0,8,1,38,0,200,0,0,0,0.0,1.0,0.22204081632653058,6059,9751,84,14.6363,0.0,0.0,0.0,1.1768,0.4118,0.2084,1207.5136833176832,9.559943656780185,0.15238227563835016,9.86695355314761,125.89921797192542,0,0,0.0,2.5,-2.5,100.0,0.0,6,0
severe,no_twin,25,True,,8,0.16326530612244897,0.0,200.0,-7.0,80.0,0.0,2.5,0.0,0.0,32.0301,0,8,1,38,0,200,0,0,0,0.0,1.0,0.22204081632653058,5843,9800,84,15.107,0.0,0.0,0.0,1.0883,0.3886,0.202,2146.910273608365,31.788258976225656,29.57585572351422,9.570897698824828,67.4665830344379,0,0,0.0,2.5,-2.5,100.0,0.0,6,0
severe,no_twin,26,True,,8,0.16326530612244897,0.0,199.0,-7.0,80.0,0.0,2.4284,0.0,0.0,34.4588,0,8,1,38,0,200,0,0,0,0.0,1.0,0.22204081632653058,6004,9751,89,16.5498,0.0,0.0,0.0,1.1969,0.4172,0.2222,1708.7159879222816,31.113067075752063,27.627547010804744,6.292703086701404,54.80745824107818,0,0,0.0,2.428414239034804,-2.428414239034804,100.0,0.0,6,0
severe,no_twin,27,True,,8,0.16326530612244897,0.0,200.0,-7.0,80.0,0.0,2.5,0.0,0.0,32.0211,0,8,1,38,0,200,0,0,0,0.0,1.0,0.22204081632653058,5920,9800,104,16.1188,0.0,0.0,0.0,1.0309,0.3466,0.1842,738.855385979115,6.389413579756075,23.493662292831086,9.18263424603882,115.2836384539494,0,0,0.0,2.5,-2.5,100.0,0.0,6,0
severe,no_twin,28,True,,8,0.16326530612244897,0.0,200.0,-7.0,80.0,0.0,2.2877,0.0,0.0,33.974,0,8,1,37,0,200,0,0,0,0.0,1.0,0.24183673469387754,6406,9800,81,14.2838,0.0,0.0,0.0,1.043,0.3543,0.1798,677.1888784057114,8.009026774285116,15.87573678498988,13.991582341858802,84.30510770338537,0,0,0.0,2.2877289787721335,-2.2877289787721335,100.0,0.0,5,0
severe,no_twin,29,True,,8,0.16326530612244897,0.0,200.0,-7.0,80.0,0.0,2.5,0.0,0.0,36.19,0,8,1,38,0,200,0,0,0,0.0,1.0,0.22204081632653058,6121,9800,51,16.8832,0.0,0.0,0.0,1.0776,0.3736,0.1893,1651.3773845100732,31.16296121153616,27.590017457646827,6.166546997524095,52.85224209858403,0,0,0.0,2.5,-2.5,100.0,0.0,6,0
severe,no_predictive,0,True,,8,0.16326530612244897,0.0,200.0,-7.0,80.0,0.0,2.5,0.0,0.0,35.1222,0,8,1,43,0,200,0,0,0,0.0,1.0,0.12224489795918368,7041,9800,52,14.658,0.0,0.0,0.0,0.9992,0.351,0.1458,3943.596863478794,31.375423046968276,27.713767672618864,9.600000000000001,125.36996739142492,0,0,0.0,2.5,-2.5,100.0,0.0,6,0
severe,no_predictive,1,True,,8,0.16326530612244897,0.0,200.0,-7.0,80.0,0.0,2.5,0.0,0.0,41.2173,0,8,1,35,0,200,0,0,0,0.0,1.0,0.2808163265306122,5960,9800,105,14.5586,0.0,0.0,0.0,1.0551,0.3375,0.1835,1690.1970586767015,31.29782192727778,27.82603673070367,3.2,53.869548380090606,0,0,0.0,2.5,-2.5,100.0,0.0,5,0
severe,no_predictive,2,True,,7,0.14285714285714285,0.0,200.0,-6.0,70.0,0.0,2.5,0.0,0.0,34.6253,0,7,1,37,0,200,0,0,0,0.0,1.0,0.24183673469387754,5283,9800,214,12.7675,0.0,0.0,0.0,1.0895,0.3449,0.1981,821.396696380701,8.154891644160166,5.049455576227426,14.305199813764522,100.44065307880724,0,0,0.0,2.5,-2.5,100.0,0.0,6,0
severe,no_predictive,3,True,,8,0.16326530612244897,0.0,200.0,-7.0,80.0,0.0,2.5,0.0,0.0,39.7474,0,8,1,35,0,200,0,0,0,0.0,1.0,0.2808163265306122,6080,9800,122,14.0794,0.0,0.0,0.0,1.1908,0.3872,0.2036,1073.0959438513719,9.622118043918967,0.3093776894018019,7.803397327905924,111.17750333578873,0,0,0.0,2.5,-2.5,100.0,0.0,5,0
severe,no_predictive,4,True,,8,0.16326530612244897,0.0,188.0,-7.0,80.0,0.0,2.4335,0.0,0.0,32.2032,0,8,1,38,0,200,0,0,0,0.0,1.0,0.22204081632653058,6616,9212,21,16.904,0.0,0.0,0.0,1.0755,0.3479,0.1687,626.888029976438,10.089733435564936,6.731982116113678,6.4,61.89769127013848,0,0,0.0,2.433467556606221,-2.433467556606221,100.0,0.0,7,0
severe,no_predictive,5,True,,8,0.16326530612244897,0.0,200.0,-7.0,80.0,0.0,2.5,0.0,0.0,39.6781,0,8,1,35,0,200,0,0,0,0.0,1.0,0.2808163265306122,5578,9800,98,13.5524,0.0,0.0,0.0,1.0205,0.3277,0.1844,1085.7015677311433,10.31061822745826,0.981960174301304,13.965624000735978,104.97809819721326,0,0,0.0,2.5,-2.5,100.0,0.0,5,0
severe,no_predictive,6,True,,8,0.16326530612244897,0.0,200.0,-7.0,80.0,0.0,2.0107,0.0,0.0,41.1759,0,8,1,33,0,200,0,0,0,0.0,1.0,0.31979591836734694,5615,9800,159,14.3905,0.0,0.0,0.0,1.1404,0.362,0.1974,1120.7970966257587,7.775199841440845,8.444005690167529,9.402681064134736,143.82293587869242,0,0,0.0,2.010655659375222,-2.010655659375222,100.0,0.0,7,0
severe,no_predictive,7,True,,8,0.16326530612244897,0.0,200.0,-7.0,80.0,0.0,2.5,0.0,0.0,31.3891,0,8,1,38,0,200,0,0,0,0.0,1.0,0.22204081632653058,5777,9800,114,14.9987,0.0,0.0,0.0,1.1095,0.3555,0.2076,1702.9985859121962,30.689100756287914,35.187889024177046,9.600000000000001,55.42860457692036,0,0,0.0,2.5,-2.5,100.0,0.0,4,0
severe,no_predictive,8,True,,8,0.16326530612244897,0.0,200.0,-7.0,80.0,0.0,2.5,0.0,0.0,40.164,0,8,1,35,0,200,0,0,0,0.0,1.0,0.2808163265306122,5882,9800,150,12.9968,0.0,0.0,0.0,1.2217,0.3939,0.207,1504.7267137559768,10.159639157579422,18.028913092861323,8.946574728408716,147.76247008361995,0,0,0.0,2.5,-2.5,100.0,0.0,6,0
severe,no_predictive,9,True,,8,0.16326530612244897,0.0,200.0,-7.0,80.0,0.0,2.2533,0.0,0.0,31.1127,0,8,1,43,0,200,0,0,0,0.0,1.0,0.12224489795918368,6909,9800,36,13.0756,0.0,0.0,0.0,0.9951,0.3447,0.1452,3571.206555534407,31.949131208941424,19.457658245081085,11.699353648149419,111.52573149620244,0,0,0.0,2.253338172023266,-2.253338172023266,100.0,0.0,6,0
severe,no_predictive,10,True,,8,0.16326530612244897,0.0,200.0,-7.0,80.0,0.0,2.2143,0.0,0.0,42.1004,0,8,1,35,0,200,0,0,0,0.0,1.0,0.2808163265306122,5505,9800,159,13.6044,0.0,0.0,0.0,1.1719,0.3886,0.1919,1104.0654765940506,14.641684630300484,24.25020603977931,6.3775598315041995,75.10192411424737,0,0,0.0,2.214282224150791,-2.214282224150791,100.0,0.0,5,0
severe,no_predictive,11,True,,8,0.16326530612244897,0.0,200.0,-7.0,80.0,0.0,2.4648,0.0,0.0,39.8017,0,8,1,35,0,200,0,0,0,0.0,1.0,0.2808163265306122,5707,9800,124,16.7563,0.0,0.0,0.0,1.0993,0.352,0.1926,1354.8875147779577,31.128866991920752,25.464112117792315,6.3162164705756885,43.41226591935586,0,0,0.0,2.46475487412844,-2.46475487412844,100.0,0.0,6,0
severe,no_predictive,12,True,,8,0.16326530612244897,0.0,200.0,-7.0,80.0,0.0,2.5,0.0,0.0,47.6011,0,8,1,30,0,200,0,0,0,0.0,1.0,0.37795918367346937,5185,9800,242,12.7514,0.0,0.0,0.0,1.242,0.3963,0.2223,527.2235987350241,7.011614857187109,0.8101851637699529,10.344104875124128,74.89136370463619,0,0,0.0,2.5,-2.5,100.0,0.0,5,0
severe,no_predictive,13,True,,8,0.16326530612244897,0.0,200.0,-7.0,80.0,0.0,2.5,0.0,0.0,45.5345,0,8,1,32,0,200,0,0,0,0.0,1.0,0.33918367346938777,5504,9800,146,15.9362,0.0,0.0,0.0,1.2937,0.4113,0.2305,1058.100418456798,14.524125878496422,11.324125878496421,6.3436924441238975,72.61960896193325,0,0,0.0,2.5,-2.5,100.0,0.0,5,0
severe,no_predictive,14,True,,8,0.16326530612244897,0.0,200.0,-7.0,80.0,0.0,2.4617,0.0,0.0,34.125,0,8,1,38,0,200,0,0,0,0.0,1.0,0.22204081632653058,5546,9800,154,15.2081,0.0,0.0,0.0,1.0831,0.3478,0.1925,1265.1830732254978,31.27783524527632,30.864266182130912,6.4,40.34392352009508,0,0,0.0,2.4617154706075643,-2.4617154706075643,100.0,0.0,5,0
severe,no_predictive,15,True,,8,0.16326530612244897,0.0,200.0,-7.0,80.0,0.0,2.5,0.0,0.0,42.313,0,8,1,35,0,200,0,0,0,0.0,1.0,0.2808163265306122,5645,9800,94,13.0418,0.0,0.0,0.0,1.076,0.3495,0.1921,2298.0026726914475,30.992415777628576,23.981734075034666,5.886947654670592,73.99281399994405,0,0,0.0,2.5,-2.5,100.0,0.0,6,0
severe,no_predictive,16,True,,8,0.16326530612244897,0.0,199.0,-7.0,80.0,0.0,2.5,0.0,0.0,32.0163,0,8,1,38,0,200,0,0,0,0.0,1.0,0.22204081632653058,6089,9751,75,16.9474,0.0,0.0,0.0,1.1726,0.3561,0.2361,2188.31743205019,31.565444063101612,39.10840567513167,3.2,69.25482488453972,0,0,0.0,2.5,-2.5,100.0,0.0,6,0
severe,no_predictive,17,True,,8,0.16326530612244897,0.0,200.0,-7.0,80.0,0.0,2.5,0.0,0.0,34.5217,0,8,1,38,0,200,0,0,0,0.0,1.0,0.22204081632653058,6199,9800,64,13.5402,0.0,0.0,0.0,1.1838,0.3857,0.2076,2030.4537834302077,31.25677109352977,30.323153276673136,6.4,64.84772273742232,0,0,0.0,2.5,-2.5,100.0,0.0,6,0
severe,no_predictive,18,True,,8,0.16326530612244897,0.0,200.0,-7.0,80.0,0.0,2.5,0.0,0.0,41.9085,0,8,1,35,0,200,0,0,0,0.0,1.0,0.2808163265306122,5845,9800,55,14.4989,0.0,0.0,0.0,1.138,0.3584,0.2018,1874.1287796943734,30.808170085676856,23.52149356336297,6.151710663471591,60.683911874465075,0,0,0.0,2.5,-2.5,100.0,0.0,5,0
severe,no_predictive,19,True,,8,0.16326530612244897,0.0,200.0,-7.0,80.0,0.0,2.5,0.0,0.0,32.5565,0,8,1,38,0,200,0,0,0,0.0,1.0,0.22204081632653058,6257,9800,51,14.3438,0.0,0.0,0.0,1.0481,0.3379,0.1807,1475.5183302166274,31.282000602700517,33.70711855622119,6.4,47.087464592751964,0,0,0.0,2.5,-2.5,100.0,0.0,4,0
severe,no_predictive,20,True,,8,0.16326530612244897,0.0,200.0,-7.0,80.0,0.0,2.5,0.0,0.0,31.9203,0,8,1,38,0,200,0,0,0,0.0,1.0,0.22204081632653058,5825,9800,155,13.8871,0.0,0.0,0.0,1.0974,0.3462,0.1954,924.4277088620379,31.981399546610586,35.478377611397974,6.4,28.835924812805914,0,0,0.0,2.5,-2.5,100.0,0.0,6,0
severe,no_predictive,21,True,,8,0.16326530612244897,0.0,200.0,-7.0,80.0,0.0,2.5,0.0,0.0,32.0775,0,8,1,38,0,200,0,0,0,0.0,1.0,0.22204081632653058,6614,9800,22,13.3763,0.0,0.0,0.0,1.0513,0.331,0.1711,867.6429088834103,6.519340160698768,19.65688470691476,12.8,132.7364627567089,0,0,0.0,2.5,-2.5,100.0,0.0,6,0
severe,no_predictive,22,True,,8,0.16326530612244897,0.0,200.0,-7.0,80.0,0.0,2.1875,0.0,0.0,34.2158,0,8,1,38,0,200,0,0,0,0.0,1.0,0.22204081632653058,5563,9800,47,14.1208,0.0,0.0,0.0,1.106,0.3536,0.1942,1304.666124941567,10.640104842011912,4.589574368538054,15.001224334102407,122.30219805819995,0,0,0.0,2.1874926303107705,-2.1874926303107705,100.0,0.0,6,0
severe,no_predictive,23,True,,8,0.16326530612244897,0.0,200.0,-7.0,80.0,0.0,2.3981,0.0,0.0,34.828,0,8,1,38,0,200,0,0,0,0.0,1.0,0.22204081632653058,5724,9800,100,14.7833,0.0,0.0,0.0,1.0866,0.3403,0.1944,1400.9951050339303,30.853368763276137,29.070386815592776,6.4,45.28941806067088,0,0,0.0,2.3981378586084077,-2.3981378586084077,100.0,0.0,7,0
severe,no_predictive,24,True,,8,0.16326530612244897,0.0,199.0,-7.0,80.0,0.0,2.5,0.0,0.0,35.3476,0,8,1,38,0,200,0,0,0,0.0,1.0,0.22204081632653058,6059,9751,84,14.6363,0.0,0.0,0.0,1.1068,0.363,0.1894,1207.5136833176832,9.559943656780185,0.15238227563835016,9.86695355314761,125.89921797192542,0,0,0.0,2.5,-2.5,100.0,0.0,6,0
severe,no_predictive,25,True,,8,0.16326530612244897,0.0,200.0,-7.0,80.0,0.0,2.5,0.0,0.0,32.0301,0,8,1,38,0,200,0,0,0,0.0,1.0,0.22204081632653058,5843,9800,84,15.107,0.0,0.0,0.0,1.1069,0.3763,0.1943,2146.910273608365,31.788258976225656,29.57585572351422,9.570897698824828,67.4665830344379,0,0,0.0,2.5,-2.5,100.0,0.0,6,0
severe,no_predictive,26,True,,8,0.16326530612244897,0.0,199.0,-7.0,80.0,0.0,2.4284,0.0,0.0,34.4588,0,8,1,38,0,200,0,0,0,0.0,1.0,0.22204081632653058,6004,9751,89,16.5498,0.0,0.0,0.0,1.1645,0.3952,0.2027,1708.7159879222816,31.113067075752063,27.627547010804744,6.292703086701404,54.80745824107818,0,0,0.0,2.428414239034804,-2.428414239034804,100.0,0.0,6,0
severe,no_predictive,27,True,,8,0.16326530612244897,0.0,200.0,-7.0,80.0,0.0,2.5,0.0,0.0,32.0211,0,8,1,38,0,200,0,0,0,0.0,1.0,0.22204081632653058,5920,9800,104,16.1188,0.0,0.0,0.0,1.0798,0.3451,0.1869,738.855385979115,6.389413579756075,23.493662292831086,9.18263424603882,115.2836384539494,0,0,0.0,2.5,-2.5,100.0,0.0,6,0
severe,no_predictive,28,True,,8,0.16326530612244897,0.0,200.0,-7.0,80.0,0.0,2.2877,0.0,0.0,33.974,0,8,1,37,0,200,0,0,0,0.0,1.0,0.24183673469387754,6406,9800,81,14.2838,0.0,0.0,0.0,1.1594,0.3622,0.195,677.1888784057114,8.009026774285116,15.87573678498988,13.991582341858802,84.30510770338537,0,0,0.0,2.2877289787721335,-2.2877289787721335,100.0,0.0,5,0
severe,no_predictive,29,True,,8,0.16326530612244897,0.0,200.0,-7.0,80.0,0.0,2.5,0.0,0.0,36.19,0,8,1,38,0,200,0,0,0,0.0,1.0,0.22204081632653058,6121,9800,51,16.8832,0.0,0.0,0.0,1.1877,0.3811,0.2058,1651.3773845100732,31.16296121153616,27.590017457646827,6.166546997524095,52.85224209858403,0,0,0.0,2.5,-2.5,100.0,0.0,6,0
severe,no_reward,0,True,,8,0.16326530612244897,0.0,200.0,-7.0,80.0,0.0,2.5,0.0,0.0,35.1222,0,8,1,43,0,200,0,0,0,0.0,1.0,0.12224489795918368,7041,9800,52,14.658,0.0,0.0,0.0,0.9842,0.3435,0.1436,3943.596863478794,31.375423046968276,27.713767672618864,9.600000000000001,125.36996739142492,0,0,0.0,2.5,-2.5,100.0,0.0,6,0
severe,no_reward,1,True,,8,0.16326530612244897,0.0,200.0,-7.0,80.0,0.0,2.5,0.0,0.0,41.2173,0,8,1,35,0,200,0,0,0,0.0,1.0,0.2808163265306122,5960,9800,105,14.5586,0.0,0.0,0.0,1.1445,0.361,0.1987,1690.1970586767015,31.29782192727778,27.82603673070367,3.2,53.869548380090606,0,0,0.0,2.5,-2.5,100.0,0.0,5,0
severe,no_reward,2,True,,7,0.14285714285714285,0.0,200.0,-6.0,70.0,0.0,2.5,0.0,0.0,34.6253,0,7,1,37,0,200,0,0,0,0.0,1.0,0.24183673469387754,5283,9800,214,12.7675,0.0,0.0,0.0,1.2616,0.4013,0.227,821.396696380701,8.154891644160166,5.049455576227426,14.305199813764522,100.44065307880724,0,0,0.0,2.5,-2.5,100.0,0.0,6,0
severe,no_reward,3,True,,8,0.16326530612244897,0.0,200.0,-7.0,80.0,0.0,2.5,0.0,0.0,39.7474,0,8,1,35,0,200,0,0,0,0.0,1.0,0.2808163265306122,6080,9800,122,14.0794,0.0,0.0,0.0,1.4656,0.5049,0.2398,1073.0959438513719,9.622118043918967,0.3093776894018019,7.803397327905924,111.17750333578873,0,0,0.0,2.5,-2.5,100.0,0.0,5,0
severe,no_reward,4,True,,8,0.16326530612244897,0.0,188.0,-7.0,80.0,0.0,2.4335,0.0,0.0,32.2032,0,8,1,38,0,200,0,0,0,0.0,1.0,0.22204081632653058,6616,9212,21,16.904,0.0,0.0,0.0,1.2845,0.407,0.2003,626.888029976438,10.089733435564936,6.731982116113678,6.4,61.89769127013848,0,0,0.0,2.433467556606221,-2.433467556606221,100.0,0.0,7,0
severe,no_reward,5,True,,8,0.16326530612244897,0.0,200.0,-7.0,80.0,0.0,2.5,0.0,0.0,39.6781,0,8,1,35,0,200,0,0,0,0.0,1.0,0.2808163265306122,5578,9800,98,13.5524,0.0,0.0,0.0,1.1562,0.3601,0.2065,1085.7015677311433,10.31061822745826,0.981960174301304,13.965624000735978,104.97809819721326,0,0,0.0,2.5,-2.5,100.0,0.0,5,0
severe,no_reward,6,True,,8,0.16326530612244897,0.0,200.0,-7.0,80.0,0.0,2.0107,0.0,0.0,41.1759,0,8,1,33,0,200,0,0,0,0.0,1.0,0.31979591836734694,5615,9800,159,14.3905,0.0,0.0,0.0,1.3836,0.4896,0.2303,1120.7970966257587,7.775199841440845,8.444005690167529,9.402681064134736,143.82293587869242,0,0,0.0,2.010655659375222,-2.010655659375222,100.0,0.0,7,0
severe,no_reward,7,True,,8,0.16326530612244897,0.0,200.0,-7.0,80.0,0.0,2.5,0.0,0.0,31.3891,0,8,1,38,0,200,0,0,0,0.0,1.0,0.22204081632653058,5777,9800,114,14.9987,0.0,0.0,0.0,1.3096,0.4411,0.2265,1702.9985859121962,30.689100756287914,35.187889024177046,9.600000000000001,55.42860457692036,0,0,0.0,2.5,-2.5,100.0,0.0,4,0
severe,no_reward,8,True,,8,0.16326530612244897,0.0,200.0,-7.0,80.0,0.0,2.5,0.0,0.0,40.164,0,8,1,35,0,200,0,0,0,0.0,1.0,0.2808163265306122,5882,9800,150,12.9968,0.0,0.0,0.0,1.3161,0.4302,0.2223,1504.7267137559768,10.159639157579422,18.028913092861323,8.946574728408716,147.76247008361995,0,0,0.0,2.5,-2.5,100.0,0.0,6,0
severe,no_reward,9,True,,8,0.16326530612244897,0.0,200.0,-7.0,80.0,0.0,2.2533,0.0,0.0,31.1127,0,8,1,43,0,200,0,0,0,0.0,1.0,0.12224489795918368,6909,9800,36,13.0756,0.0,0.0,0.0,1.2466,0.4529,0.1773,3571.206555534407,31.949131208941424,19.457658245081085,11.699353648149419,111.52573149620244,0,0,0.0,2.253338172023266,-2.253338172023266,100.0,0.0,6,0
severe,no_reward,10,True,,8,0.16326530612244897,0.0,200.0,-7.0,80.0,0.0,2.2143,0.0,0.0,42.1004,0,8,1,35,0,200,0,0,0,0.0,1.0,0.2808163265306122,5505,9800,159,13.6044,0.0,0.0,0.0,1.1813,0.3698,0.2068,1104.0654765940506,14.641684630300484,24.25020603977931,6.3775598315041995,75.10192411424737,0,0,0.0,2.214282224150791,-2.214282224150791,100.0,0.0,5,0
severe,no_reward,11,True,,8,0.16326530612244897,0.0,200.0,-7.0,80.0,0.0,2.4648,0.0,0.0,39.8017,0,8,1,35,0,200,0,0,0,0.0,1.0,0.2808163265306122,5707,9800,124,16.7563,0.0,0.0,0.0,1.4581,0.5499,0.2312,1354.8875147779577,31.128866991920752,25.464112117792315,6.3162164705756885,43.41226591935586,0,0,0.0,2.46475487412844,-2.46475487412844,100.0,0.0,6,0
severe,no_reward,12,True,,8,0.16326530612244897,0.0,200.0,-7.0,80.0,0.0,2.5,0.0,0.0,47.6011,0,8,1,30,0,200,0,0,0,0.0,1.0,0.37795918367346937,5185,9800,242,12.7514,0.0,0.0,0.0,1.4804,0.4941,0.2571,527.2235987350241,7.011614857187109,0.8101851637699529,10.344104875124128,74.89136370463619,0,0,0.0,2.5,-2.5,100.0,0.0,5,0
severe,no_reward,13,True,,8,0.16326530612244897,0.0,200.0,-7.0,80.0,0.0,2.5,0.0,0.0,45.5345,0,8,1,32,0,200,0,0,0,0.0,1.0,0.33918367346938777,5504,9800,146,15.9362,0.0,0.0,0.0,1.2269,0.3849,0.2203,1058.100418456798,14.524125878496422,11.324125878496421,6.3436924441238975,72.61960896193325,0,0,0.0,2.5,-2.5,100.0,0.0,5,0
severe,no_reward,14,True,,8,0.16326530612244897,0.0,200.0,-7.0,80.0,0.0,2.4617,0.0,0.0,34.125,0,8,1,38,0,200,0,0,0,0.0,1.0,0.22204081632653058,5546,9800,154,15.2081,0.0,0.0,0.0,1.1851,0.3805,0.213,1265.1830732254978,31.27783524527632,30.864266182130912,6.4,40.34392352009508,0,0,0.0,2.4617154706075643,-2.4617154706075643,100.0,0.0,5,0
severe,no_reward,15,True,,8,0.16326530612244897,0.0,200.0,-7.0,80.0,0.0,2.5,0.0,0.0,42.313,0,8,1,35,0,200,0,0,0,0.0,1.0,0.2808163265306122,5645,9800,94,13.0418,0.0,0.0,0.0,1.1348,0.3633,0.202,2298.0026726914475,30.992415777628576,23.981734075034666,5.886947654670592,73.99281399994405,0,0,0.0,2.5,-2.5,100.0,0.0,6,0
severe,no_reward,16,True,,8,0.16326530612244897,0.0,199.0,-7.0,80.0,0.0,2.5,0.0,0.0,32.0163,0,8,1,38,0,200,0,0,0,0.0,1.0,0.22204081632653058,6089,9751,75,16.9474,0.0,0.0,0.0,1.266,0.4395,0.2141,2188.31743205019,31.565444063101612,39.10840567513167,3.2,69.25482488453972,0,0,0.0,2.5,-2.5,100.0,0.0,6,0
severe,no_reward,17,True,,8,0.16326530612244897,0.0,200.0,-7.0,80.0,0.0,2.5,0.0,0.0,34.5217,0,8,1,38,0,200,0,0,0,0.0,1.0,0.22204081632653058,6199,9800,64,13.5402,0.0,0.0,0.0,1.2774,0.4456,0.2112,2030.4537834302077,31.25677109352977,30.323153276673136,6.4,64.84772273742232,0,0,0.0,2.5,-2.5,100.0,0.0,6,0
severe,no_reward,18,True,,8,0.16326530612244897,0.0,200.0,-7.0,80.0,0.0,2.5,0.0,0.0,41.9085,0,8,1,35,0,200,0,0,0,0.0,1.0,0.2808163265306122,5845,9800,55,14.4989,0.0,0.0,0.0,1.2381,0.3954,0.2162,1874.1287796943734,30.808170085676856,23.52149356336297,6.151710663471591,60.683911874465075,0,0,0.0,2.5,-2.5,100.0,0.0,5,0
severe,no_reward,19,True,,8,0.16326530612244897,0.0,200.0,-7.0,80.0,0.0,2.5,0.0,0.0,32.5565,0,8,1,38,0,200,0,0,0,0.0,1.0,0.22204081632653058,6257,9800,51,14.3438,0.0,0.0,0.0,1.213,0.3914,0.2077,1475.5183302166274,31.282000602700517,33.70711855622119,6.4,47.087464592751964,0,0,0.0,2.5,-2.5,100.0,0.0,4,0
severe,no_reward,20,True,,8,0.16326530612244897,0.0,200.0,-7.0,80.0,0.0,2.5,0.0,0.0,31.9203,0,8,1,38,0,200,0,0,0,0.0,1.0,0.22204081632653058,5825,9800,155,13.8871,0.0,0.0,0.0,1.1691,0.3758,0.2045,924.4277088620379,31.981399546610586,35.478377611397974,6.4,28.835924812805914,0,0,0.0,2.5,-2.5,100.0,0.0,6,0
severe,no_reward,21,True,,8,0.16326530612244897,0.0,200.0,-7.0,80.0,0.0,2.5,0.0,0.0,32.0775,0,8,1,38,0,200,0,0,0,0.0,1.0,0.22204081632653058,6614,9800,22,13.3763,0.0,0.0,0.0,1.1893,0.3879,0.1893,867.6429088834103,6.519340160698768,19.65688470691476,12.8,132.7364627567089,0,0,0.0,2.5,-2.5,100.0,0.0,6,0
severe,no_reward,22,True,,8,0.16326530612244897,0.0,200.0,-7.0,80.0,0.0,2.1875,0.0,0.0,34.2158,0,8,1,38,0,200,0,0,0,0.0,1.0,0.22204081632653058,5563,9800,47,14.1208,0.0,0.0,0.0,1.2701,0.4084,0.2252,1304.666124941567,10.640104842011912,4.589574368538054,15.001224334102407,122.30219805819995,0,0,0.0,2.1874926303107705,-2.1874926303107705,100.0,0.0,6,0
severe,no_reward,23,True,,8,0.16326530612244897,0.0,200.0,-7.0,80.0,0.0,2.3981,0.0,0.0,34.828,0,8,1,38,0,200,0,0,0,0.0,1.0,0.22204081632653058,5724,9800,100,14.7833,0.0,0.0,0.0,1.1915,0.3813,0.2092,1400.9951050339303,30.853368763276137,29.070386815592776,6.4,45.28941806067088,0,0,0.0,2.3981378586084077,-2.3981378586084077,100.0,0.0,7,0
severe,no_reward,24,True,,8,0.16326530612244897,0.0,199.0,-7.0,80.0,0.0,2.5,0.0,0.0,35.3476,0,8,1,38,0,200,0,0,0,0.0,1.0,0.22204081632653058,6059,9751,84,14.6363,0.0,0.0,0.0,1.3139,0.4421,0.2204,1207.5136833176832,9.559943656780185,0.15238227563835016,9.86695355314761,125.89921797192542,0,0,0.0,2.5,-2.5,100.0,0.0,6,0
severe,no_reward,25,True,,8,0.16326530612244897,0.0,200.0,-7.0,80.0,0.0,2.5,0.0,0.0,32.0301,0,8,1,38,0,200,0,0,0,0.0,1.0,0.22204081632653058,5843,9800,84,15.107,0.0,0.0,0.0,1.3322,0.4723,0.2249,2146.910273608365,31.788258976225656,29.57585572351422,9.570897698824828,67.4665830344379,0,0,0.0,2.5,-2.5,100.0,0.0,6,0
severe,no_reward,26,True,,8,0.16326530612244897,0.0,199.0,-7.0,80.0,0.0,2.4284,0.0,0.0,34.4588,0,8,1,38,0,200,0,0,0,0.0,1.0,0.22204081632653058,6004,9751,89,16.5498,0.0,0.0,0.0,1.1122,0.36,0.1977,1708.7159879222816,31.113067075752063,27.627547010804744,6.292703086701404,54.80745824107818,0,0,0.0,2.428414239034804,-2.428414239034804,100.0,0.0,6,0
severe,no_reward,27,True,,8,0.16326530612244897,0.0,200.0,-7.0,80.0,0.0,2.5,0.0,0.0,32.0211,0,8,1,38,0,200,0,0,0,0.0,1.0,0.22204081632653058,5920,9800,104,16.1188,0.0,0.0,0.0,1.2988,0.4125,0.2195,738.855385979115,6.389413579756075,23.493662292831086,9.18263424603882,115.2836384539494,0,0,0.0,2.5,-2.5,100.0,0.0,6,0
severe,no_reward,28,True,,8,0.16326530612244897,0.0,200.0,-7.0,80.0,0.0,2.2877,0.0,0.0,33.974,0,8,1,37,0,200,0,0,0,0.0,1.0,0.24183673469387754,6406,9800,81,14.2838,0.0,0.0,0.0,1.2221,0.4165,0.1957,677.1888784057114,8.009026774285116,15.87573678498988,13.991582341858802,84.30510770338537,0,0,0.0,2.2877289787721335,-2.2877289787721335,100.0,0.0,5,0
severe,no_reward,29,True,,8,0.16326530612244897,0.0,200.0,-7.0,80.0,0.0,2.5,0.0,0.0,36.19,0,8,1,38,0,200,0,0,0,0.0,1.0,0.22204081632653058,6121,9800,51,16.8832,0.0,0.0,0.0,1.5802,0.5307,0.2661,1651.3773845100732,31.16296121153616,27.590017457646827,6.166546997524095,52.85224209858403,0,0,0.0,2.5,-2.5,100.0,0.0,6,0
