stress_level,controller_label,seed,valid,invalid_reason,n_faults,saifi,saidi,maifi,asai,ens,restoration_time_seconds,critical_load_total_mw,critical_load_restored_mw,critical_load_restored_pct,total_load_mw,successful_restoration_count,n_faults,number_of_islands,isolated_nodes,switching_operations,actions_taken,illegal_actions_attempted,load_shedding_events,battery_dispatch_events,minimum_voltage_pu,maximum_voltage_pu,average_voltage_pu,voltage_violation_count,frequency_deviation_count,line_overload_count,generation_mw,operating_cost_usd,outage_cost_usd,carbon_kg,runtime_s,controller_runtime_s,power_flow_runtime_s,stress_cumulative_unserved_energy,stress_max_unserved_load_mw,stress_cum_unserved_restoration_mw,stress_cum_feasible_restoration_mw,resilience_loss_area,resilience_time_to_50pct_restoration,resilience_time_to_90pct_restoration,stress_critical_load_total_mw,stress_critical_load_interrupted_mw,stress_critical_load_restored_mw,stress_critical_load_restored_pct,stress_restoration_rate,stress_n_faults,stress_n_restored
moderate,persistence,0,True,,5,0.10204081632653061,0.0,104.0,-4.0,50.0,0.0,1.109,1.109,100.0,24.0674,0,5,1,0,0,0,0,0,0,0.95,1.0,0.961428571428572,0,5096,0,40.934,0.0,0.0,0.0,0.9172,0.0,0.3758,0.0,0.0,0.0,0.0,0.0,0,0,0.0,0.0,0.0,100.0,0.0,5,0
moderate,persistence,1,True,,5,0.10204081632653061,0.0,113.0,-4.0,50.0,0.0,1.639,1.639,99.99999999999999,25.0337,0,5,1,0,0,0,0,0,0,0.95,1.0,0.961428571428572,0,5537,0,40.4768,0.0,0.0,0.0,0.854,0.001,0.3395,0.0,0.0,0.0,0.0,0.0,0,0,0.0,0.0,0.0,100.0,0.0,5,0
moderate,persistence,2,True,,5,0.10204081632653061,0.0,83.0,-4.0,50.0,0.0,1.5081,1.5081,99.99999999999999,25.7447,0,5,1,1,0,0,0,0,0,0.0,1.0,0.9420408163265311,176,4067,0,38.9948,0.0,0.0,0.0,0.8453,0.0,0.3569,17.205429674585304,0.09945695281777978,0.0,0.0,172.49373434563418,0,0,0.0,0.0,0.0,100.0,0.0,5,0
moderate,persistence,3,True,,5,0.10204081632653061,0.0,106.0,-4.0,50.0,0.0,1.4349,1.4349,100.0,24.9846,0,5,1,0,0,0,0,0,0,0.95,1.0,0.961428571428572,0,5194,0,41.0205,0.0,0.0,0.0,0.8629,0.0,0.359,0.0,0.0,0.0,0.0,0.0,0,0,0.0,0.0,0.0,100.0,0.0,5,0
moderate,persistence,4,True,,5,0.10204081632653061,0.0,139.0,-4.0,50.0,0.0,1.1827,1.1827,100.0,24.1119,0,5,1,1,0,0,0,0,0,0.0,1.0,0.9420408163265311,151,6811,0,44.5118,0.0,0.0,0.0,0.9705,0.0,0.4078,24.447677656773706,0.18530153381309072,0.0,0.0,131.50904150197607,0,0,0.0,0.0,0.0,100.0,0.0,5,0
moderate,persistence,5,True,,5,0.10204081632653061,0.0,86.0,-4.0,50.0,0.0,0.9981,0.9981,100.0,26.0549,0,5,1,0,0,0,0,0,0,0.95,1.0,0.961428571428572,0,4214,0,39.781,0.0,0.0,0.0,0.847,0.001,0.346,0.0,0.0,0.0,0.0,0.0,0,0,0.0,0.0,0.0,100.0,0.0,5,0
moderate,persistence,6,True,,5,0.10204081632653061,0.0,128.0,-4.0,50.0,0.0,1.4768,1.4768,100.00000000000001,24.3996,0,5,1,1,0,0,0,0,0,0.0,1.0,0.9420408163265311,44,6272,0,42.0733,0.0,0.0,0.0,0.8548,0.0,0.3659,18.1210486477616,0.4826385419847383,0.0,0.0,37.40436368857961,0,0,0.0,0.0,0.0,100.0,0.0,5,0
moderate,persistence,7,True,,5,0.10204081632653061,0.0,118.0,-4.0,50.0,0.0,1.4913,1.4913,100.0,25.6825,0,5,1,1,0,0,0,0,0,0.0,1.0,0.9420408163265311,53,5782,0,40.3264,0.0,0.0,0.0,0.8448,0.0,0.3394,12.520335095916732,0.2585873807482452,0.0,0.0,47.918198365628015,0,0,0.0,0.0,0.0,100.0,0.0,5,0
moderate,persistence,8,True,,5,0.10204081632653061,0.0,101.0,-4.0,50.0,0.0,1.6147,1.6147,100.00000000000001,25.029,0,5,1,0,0,0,0,0,0,0.95,1.0,0.961428571428572,0,4949,0,40.3352,0.0,0.0,0.0,0.9124,0.0,0.3757,0.0,0.0,0.0,0.0,0.0,0,0,0.0,0.0,0.0,100.0,0.0,5,0
moderate,persistence,9,True,,5,0.10204081632653061,0.0,157.0,-4.0,50.0,0.0,0.9262,0.9262,100.0,24.4405,0,5,1,0,0,0,0,0,0,0.95,1.0,0.961428571428572,0,7693,3,43.5877,0.0,0.0,0.0,0.9497,0.0,0.3972,0.0,0.0,0.0,0.0,0.0,0,0,0.0,0.0,0.0,100.0,0.0,5,0
moderate,persistence,10,True,,5,0.10204081632653061,0.0,130.0,-4.0,50.0,0.0,1.0321,1.0321,100.0,24.6345,0,5,1,0,0,0,0,0,0,0.95,1.0,0.961428571428572,0,6370,0,44.0111,0.0,0.0,0.0,0.8652,0.0,0.386,0.0,0.0,0.0,0.0,0.0,0,0,0.0,0.0,0.0,100.0,0.0,5,0
moderate,persistence,11,True,,5,0.10204081632653061,0.0,144.0,-4.0,50.0,0.0,0.537,0.537,100.0,24.4226,0,5,1,1,0,0,0,0,0,0.0,1.0,0.9420408163265311,143,7056,1,43.3697,0.0,0.0,0.0,0.9312,0.0,0.3941,30.529778780128478,0.4711701978706704,0.0,0.0,64.65770622204604,0,0,0.0,0.0,0.0,100.0,0.0,5,0
moderate,persistence,12,True,,5,0.10204081632653061,0.0,130.0,-4.0,50.0,0.0,0.706,0.706,100.0,21.7321,0,5,1,0,0,0,0,0,0,0.95,1.0,0.961428571428572,0,6370,0,42.1496,0.0,0.0,0.0,0.8581,0.0,0.3436,0.0,0.0,0.0,0.0,0.0,0,0,0.0,0.0,0.0,100.0,0.0,5,0
moderate,persistence,13,True,,5,0.10204081632653061,0.0,114.0,-4.0,50.0,0.0,1.0104,1.0104,100.0,26.4296,0,5,1,0,0,0,0,0,0,0.95,1.0,0.961428571428572,0,5586,0,41.9607,0.0,0.0,0.0,0.8463,0.0,0.339,0.0,0.0,0.0,0.0,0.0,0,0,0.0,0.0,0.0,100.0,0.0,5,0
moderate,persistence,14,True,,5,0.10204081632653061,0.0,115.0,-4.0,50.0,0.0,0.678,0.678,100.00000000000001,23.2882,0,5,1,0,0,0,0,0,0,0.95,1.0,0.961428571428572,0,5635,0,42.5084,0.0,0.0,0.0,0.9676,0.001,0.42,0.0,0.0,0.0,0.0,0.0,0,0,0.0,0.0,0.0,100.0,0.0,5,0
moderate,persistence,15,True,,5,0.10204081632653061,0.0,140.0,-4.0,50.0,0.0,0.8625,0.8625,100.0,22.4305,0,5,1,0,0,0,0,0,0,0.95,1.0,0.961428571428572,0,6860,0,41.8872,0.0,0.0,0.0,0.86,0.0,0.3612,0.0,0.0,0.0,0.0,0.0,0,0,0.0,0.0,0.0,100.0,0.0,5,0
moderate,persistence,16,True,,5,0.10204081632653061,0.0,153.0,-4.0,50.0,0.0,1.4217,1.4217,100.0,24.6582,0,5,1,0,0,0,0,0,0,0.95,1.0,0.961428571428572,0,7497,3,44.1213,0.0,0.0,0.0,0.8799,0.001,0.3739,0.0,0.0,0.0,0.0,0.0,0,0,0.0,0.0,0.0,100.0,0.0,5,0
moderate,persistence,17,True,,5,0.10204081632653061,0.0,110.0,-4.0,50.0,0.0,1.1712,1.1712,100.0,25.6574,0,5,1,0,0,0,0,0,0,0.95,1.0,0.961428571428572,0,5390,0,40.4553,0.0,0.0,0.0,0.949,0.0,0.3995,0.0,0.0,0.0,0.0,0.0,0,0,0.0,0.0,0.0,100.0,0.0,5,0
moderate,persistence,18,True,,5,0.10204081632653061,0.0,134.0,-4.0,50.0,0.0,1.1757,1.1757,100.0,25.0282,0,5,1,0,0,0,0,0,0,0.95,1.0,0.961428571428572,0,6566,0,43.7209,0.0,0.0,0.0,1.0184,0.001,0.44,0.0,0.0,0.0,0.0,0.0,0,0,0.0,0.0,0.0,100.0,0.0,5,0
moderate,persistence,19,True,,5,0.10204081632653061,0.0,132.0,-4.0,50.0,0.0,1.0606,1.0606,100.0,23.2561,0,5,1,0,0,0,0,0,0,0.95,1.0,0.961428571428572,0,6468,0,41.9683,0.0,0.0,0.0,0.9522,0.0,0.4098,0.0,0.0,0.0,0.0,0.0,0,0,0.0,0.0,0.0,100.0,0.0,5,0
moderate,persistence,20,True,,5,0.10204081632653061,0.0,108.0,-4.0,50.0,0.0,0.9747,0.9747,100.0,25.2205,0,5,1,0,0,0,0,0,0,0.95,1.0,0.961428571428572,0,5292,0,42.1302,0.0,0.0,0.0,1.0867,0.0,0.4634,0.0,0.0,0.0,0.0,0.0,0,0,0.0,0.0,0.0,100.0,0.0,5,0
moderate,persistence,21,True,,5,0.10204081632653061,0.0,99.0,-4.0,50.0,0.0,0.9748,0.9748,100.0,25.9585,0,5,1,0,0,0,0,0,0,0.95,1.0,0.961428571428572,0,4851,0,41.0408,0.0,0.0,0.0,0.9876,0.001,0.4148,0.0,0.0,0.0,0.0,0.0,0,0,0.0,0.0,0.0,100.0,0.0,5,0
moderate,persistence,22,True,,5,0.10204081632653061,0.0,117.0,-4.0,50.0,0.0,1.0196,1.0196,100.0,26.4177,0,5,1,1,0,0,0,0,0,0.0,1.0,0.9420408163265311,102,5733,0,42.9975,0.0,0.0,0.0,1.0478,0.0,0.4452,36.0554315814345,0.39730767239016773,0.0,0.0,90.24939671949511,0,0,0.0,0.0,0.0,100.0,0.0,5,0
moderate,persistence,23,True,,5,0.10204081632653061,0.0,107.0,-4.0,50.0,0.0,0.9205,0.9205,100.0,22.9946,0,5,1,1,0,0,0,0,0,0.0,1.0,0.9420408163265311,116,5243,0,40.209,0.0,0.0,0.0,0.9506,0.0,0.3971,36.242602279469025,0.346430500395187,0.0,0.0,104.17714775942785,0,0,0.0,0.0,0.0,100.0,0.0,5,0
moderate,persistence,24,True,,5,0.10204081632653061,0.0,138.0,-4.0,50.0,0.0,0.5284,0.5284,100.0,23.7122,0,5,1,1,0,0,0,0,0,0.0,1.0,0.9420408163265311,16,6762,0,42.1521,0.0,0.0,0.0,1.4304,0.0,0.6159,5.866062172060802,0.3802350713562127,0.0,0.0,14.927462151605013,0,0,0.0,0.0,0.0,100.0,0.0,5,0
moderate,persistence,25,True,,5,0.10204081632653061,0.0,107.0,-4.0,50.0,0.0,0.8024,0.8024,100.0,24.7844,0,5,1,1,0,0,0,0,0,0.0,1.0,0.9420408163265311,82,5243,0,40.7371,0.0,0.0,0.0,0.9617,0.0,0.4078,13.413100208032983,0.25172720927029446,0.0,0.0,52.78426850206148,0,0,0.0,0.0,0.0,100.0,0.0,4,0
moderate,persistence,26,True,,5,0.10204081632653061,0.0,137.0,-4.0,50.0,0.0,1.0206,1.0206,100.0,24.8037,0,5,1,0,0,0,0,0,0,0.95,1.0,0.961428571428572,0,6713,0,43.8623,0.0,0.0,0.0,1.1428,0.0,0.4899,0.0,0.0,0.0,0.0,0.0,0,0,0.0,0.0,0.0,100.0,0.0,5,0
moderate,persistence,27,True,,5,0.10204081632653061,0.0,121.0,-4.0,50.0,0.0,1.6637,1.6637,100.0,25.1598,0,5,1,0,0,0,0,0,0,0.95,1.0,0.961428571428572,0,5929,0,43.0366,0.0,0.0,0.0,0.9363,0.0,0.392,0.0,0.0,0.0,0.0,0.0,0,0,0.0,0.0,0.0,100.0,0.0,4,0
moderate,persistence,28,True,,5,0.10204081632653061,0.0,107.0,-4.0,50.0,0.0,0.6878,0.6878,100.0,25.7114,0,5,1,0,0,0,0,0,0,0.95,1.0,0.961428571428572,0,5243,0,42.638,0.0,0.0,0.0,1.03,0.0,0.4302,0.0,0.0,0.0,0.0,0.0,0,0,0.0,0.0,0.0,100.0,0.0,5,0
moderate,persistence,29,True,,5,0.10204081632653061,0.0,115.0,-4.0,50.0,0.0,0.9834,0.9834,100.0,23.5127,0,5,1,0,0,0,0,0,0,0.95,1.0,0.961428571428572,0,5635,0,42.0868,0.0,0.0,0.0,1.0151,0.0,0.4275,0.0,0.0,0.0,0.0,0.0,0,0,0.0,0.0,0.0,100.0,0.0,5,0
moderate,random,0,True,,5,0.10204081632653061,0.0,104.0,-4.0,50.0,0.0,1.109,1.109,100.0,24.0674,0,5,1,0,0,200,0,0,0,0.95,1.0,0.961428571428572,0,5096,0,40.934,0.0,0.0,0.0,1.1916,0.002,0.5018,0.0,0.0,0.0,0.0,0.0,0,0,0.0,0.0,0.0,100.0,0.0,5,0
moderate,random,1,True,,5,0.10204081632653061,0.0,113.0,-4.0,50.0,0.0,1.639,1.639,99.99999999999999,25.0337,0,5,1,0,0,200,0,0,0,0.95,1.0,0.961428571428572,0,5537,0,40.4768,0.0,0.0,0.0,1.0898,0.001,0.4654,0.0,0.0,0.0,0.0,0.0,0,0,0.0,0.0,0.0,100.0,0.0,5,0
moderate,random,2,True,,5,0.10204081632653061,0.0,83.0,-4.0,50.0,0.0,1.5081,1.5081,99.99999999999999,25.7447,0,5,1,1,0,200,0,0,0,0.0,1.0,0.9420408163265311,176,4067,0,38.9948,0.0,0.0,0.0,1.3485,0.003,0.5781,17.205429674585304,0.09945695281777978,0.0,0.0,172.49373434563418,0,0,0.0,0.0,0.0,100.0,0.0,5,0
moderate,random,3,True,,5,0.10204081632653061,0.0,106.0,-4.0,50.0,0.0,1.4349,1.4349,100.0,24.9846,0,5,1,0,0,200,0,0,0,0.95,1.0,0.961428571428572,0,5194,0,41.0205,0.0,0.0,0.0,1.4016,0.0,0.5981,0.0,0.0,0.0,0.0,0.0,0,0,0.0,0.0,0.0,100.0,0.0,5,0
moderate,random,4,True,,5,0.10204081632653061,0.0,139.0,-4.0,50.0,0.0,1.1827,1.1827,100.0,24.1119,0,5,1,1,0,200,0,0,0,0.0,1.0,0.9420408163265311,151,6811,0,44.5118,0.0,0.0,0.0,1.1359,0.0043,0.4877,24.447677656773706,0.18530153381309072,0.0,0.0,131.50904150197607,0,0,0.0,0.0,0.0,100.0,0.0,5,0
moderate,random,5,True,,5,0.10204081632653061,0.0,86.0,-4.0,50.0,0.0,0.9981,0.9981,100.0,26.0549,0,5,1,0,0,200,0,0,0,0.95,1.0,0.961428571428572,0,4214,0,39.781,0.0,0.0,0.0,0.9698,0.001,0.4129,0.0,0.0,0.0,0.0,0.0,0,0,0.0,0.0,0.0,100.0,0.0,5,0
moderate,random,6,True,,5,0.10204081632653061,0.0,128.0,-4.0,50.0,0.0,1.4768,1.4768,100.00000000000001,24.3996,0,5,1,1,0,200,0,0,0,0.0,1.0,0.9420408163265311,44,6272,0,42.0733,0.0,0.0,0.0,1.0635,0.002,0.453,18.1210486477616,0.4826385419847383,0.0,0.0,37.40436368857961,0,0,0.0,0.0,0.0,100.0,0.0,5,0
moderate,random,7,True,,5,0.10204081632653061,0.0,118.0,-4.0,50.0,0.0,1.4913,1.4913,100.0,25.6825,0,5,1,1,0,200,0,0,0,0.0,1.0,0.9420408163265311,53,5782,0,40.3264,0.0,0.0,0.0,1.2098,0.001,0.514,12.520335095916732,0.2585873807482452,0.0,0.0,47.918198365628015,0,0,0.0,0.0,0.0,100.0,0.0,5,0
moderate,random,8,True,,5,0.10204081632653061,0.0,101.0,-4.0,50.0,0.0,1.6147,1.6147,100.00000000000001,25.029,0,5,1,0,0,200,0,0,0,0.95,1.0,0.961428571428572,0,4949,0,40.3352,0.0,0.0,0.0,1.2556,0.002,0.5376,0.0,0.0,0.0,0.0,0.0,0,0,0.0,0.0,0.0,100.0,0.0,5,0
moderate,random,9,True,,5,0.10204081632653061,0.0,157.0,-4.0,50.0,0.0,0.9262,0.9262,100.0,24.4405,0,5,1,0,0,200,0,0,0,0.95,1.0,0.961428571428572,0,7693,3,43.5877,0.0,0.0,0.0,1.133,0.001,0.4817,0.0,0.0,0.0,0.0,0.0,0,0,0.0,0.0,0.0,100.0,0.0,5,0
moderate,random,10,True,,5,0.10204081632653061,0.0,130.0,-4.0,50.0,0.0,1.0321,1.0321,100.0,24.6345,0,5,1,0,0,200,0,0,0,0.95,1.0,0.961428571428572,0,6370,0,44.0111,0.0,0.0,0.0,1.1908,0.003,0.5032,0.0,0.0,0.0,0.0,0.0,0,0,0.0,0.0,0.0,100.0,0.0,5,0
moderate,random,11,True,,5,0.10204081632653061,0.0,144.0,-4.0,50.0,0.0,0.537,0.537,100.0,24.4226,0,5,1,1,0,200,0,0,0,0.0,1.0,0.9420408163265311,143,7056,1,43.3697,0.0,0.0,0.0,1.4961,0.004,0.6314,30.529778780128478,0.4711701978706704,0.0,0.0,64.65770622204604,0,0,0.0,0.0,0.0,100.0,0.0,5,0
moderate,random,12,True,,5,0.10204081632653061,0.0,130.0,-4.0,50.0,0.0,0.706,0.706,100.0,21.7321,0,5,1,0,0,200,0,0,0,0.95,1.0,0.961428571428572,0,6370,0,42.1496,0.0,0.0,0.0,1.5352,0.0015,0.6506,0.0,0.0,0.0,0.0,0.0,0,0,0.0,0.0,0.0,100.0,0.0,5,0
moderate,random,13,True,,5,0.10204081632653061,0.0,114.0,-4.0,50.0,0.0,1.0104,1.0104,100.0,26.4296,0,5,1,0,0,200,0,0,0,0.95,1.0,0.961428571428572,0,5586,0,41.9607,0.0,0.0,0.0,1.8301,0.003,0.7717,0.0,0.0,0.0,0.0,0.0,0,0,0.0,0.0,0.0,100.0,0.0,5,0
moderate,random,14,True,,5,0.10204081632653061,0.0,115.0,-4.0,50.0,0.0,0.678,0.678,100.00000000000001,23.2882,0,5,1,0,0,200,0,0,0,0.95,1.0,0.961428571428572,0,5635,0,42.5084,0.0,0.0,0.0,1.7731,0.005,0.7407,0.0,0.0,0.0,0.0,0.0,0,0,0.0,0.0,0.0,100.0,0.0,5,0
moderate,random,15,True,,5,0.10204081632653061,0.0,140.0,-4.0,50.0,0.0,0.8625,0.8625,100.0,22.4305,0,5,1,0,0,200,0,0,0,0.95,1.0,0.961428571428572,0,6860,0,41.8872,0.0,0.0,0.0,0.9909,0.0,0.413,0.0,0.0,0.0,0.0,0.0,0,0,0.0,0.0,0.0,100.0,0.0,5,0
moderate,random,16,True,,5,0.10204081632653061,0.0,153.0,-4.0,50.0,0.0,1.4217,1.4217,100.0,24.6582,0,5,1,0,0,200,0,0,0,0.95,1.0,0.961428571428572,0,7497,3,44.1213,0.0,0.0,0.0,1.0352,0.004,0.4361,0.0,0.0,0.0,0.0,0.0,0,0,0.0,0.0,0.0,100.0,0.0,5,0
moderate,random,17,True,,5,0.10204081632653061,0.0,110.0,-4.0,50.0,0.0,1.1712,1.1712,100.0,25.6574,0,5,1,0,0,200,0,0,0,0.95,1.0,0.961428571428572,0,5390,0,40.4553,0.0,0.0,0.0,0.9988,0.003,0.4173,0.0,0.0,0.0,0.0,0.0,0,0,0.0,0.0,0.0,100.0,0.0,5,0
moderate,random,18,True,,5,0.10204081632653061,0.0,134.0,-4.0,50.0,0.0,1.1757,1.1757,100.0,25.0282,0,5,1,0,0,200,0,0,0,0.95,1.0,0.961428571428572,0,6566,0,43.7209,0.0,0.0,0.0,0.9223,0.0,0.3802,0.0,0.0,0.0,0.0,0.0,0,0,0.0,0.0,0.0,100.0,0.0,5,0
moderate,random,19,True,,5,0.10204081632653061,0.0,132.0,-4.0,50.0,0.0,1.0606,1.0606,100.0,23.2561,0,5,1,0,0,200,0,0,0,0.95,1.0,0.961428571428572,0,6468,0,41.9683,0.0,0.0,0.0,0.9463,0.001,0.3941,0.0,0.0,0.0,0.0,0.0,0,0,0.0,0.0,0.0,100.0,0.0,5,0
moderate,random,20,True,,5,0.10204081632653061,0.0,108.0,-4.0,50.0,0.0,0.9747,0.9747,100.0,25.2205,0,5,1,0,0,200,0,0,0,0.95,1.0,0.961428571428572,0,5292,0,42.1302,0.0,0.0,0.0,0.8943,0.0,0.3811,0.0,0.0,0.0,0.0,0.0,0,0,0.0,0.0,0.0,100.0,0.0,5,0
moderate,random,21,True,,5,0.10204081632653061,0.0,99.0,-4.0,50.0,0.0,0.9748,0.9748,100.0,25.9585,0,5,1,0,0,200,0,0,0,0.95,1.0,0.961428571428572,0,4851,0,41.0408,0.0,0.0,0.0,0.9149,0.002,0.3844,0.0,0.0,0.0,0.0,0.0,0,0,0.0,0.0,0.0,100.0,0.0,5,0
moderate,random,22,True,,5,0.10204081632653061,0.0,117.0,-4.0,50.0,0.0,1.0196,1.0196,100.0,26.4177,0,5,1,1,0,200,0,0,0,0.0,1.0,0.9420408163265311,102,5733,0,42.9975,0.0,0.0,0.0,0.985,0.002,0.415,36.0554315814345,0.39730767239016773,0.0,0.0,90.24939671949511,0,0,0.0,0.0,0.0,100.0,0.0,5,0
moderate,random,23,True,,5,0.10204081632653061,0.0,107.0,-4.0,50.0,0.0,0.9205,0.9205,100.0,22.9946,0,5,1,1,0,200,0,0,0,0.0,1.0,0.9420408163265311,116,5243,0,40.209,0.0,0.0,0.0,0.9192,0.001,0.3881,36.242602279469025,0.346430500395187,0.0,0.0,104.17714775942785,0,0,0.0,0.0,0.0,100.0,0.0,5,0
moderate,random,24,True,,5,0.10204081632653061,0.0,138.0,-4.0,50.0,0.0,0.5284,0.5284,100.0,23.7122,0,5,1,1,0,200,0,0,0,0.0,1.0,0.9420408163265311,16,6762,0,42.1521,0.0,0.0,0.0,0.9336,0.001,0.3904,5.866062172060802,0.3802350713562127,0.0,0.0,14.927462151605013,0,0,0.0,0.0,0.0,100.0,0.0,5,0
moderate,random,25,True,,5,0.10204081632653061,0.0,107.0,-4.0,50.0,0.0,0.8024,0.8024,100.0,24.7844,0,5,1,1,0,200,0,0,0,0.0,1.0,0.9420408163265311,82,5243,0,40.7371,0.0,0.0,0.0,0.9658,0.001,0.4089,13.413100208032983,0.25172720927029446,0.0,0.0,52.78426850206148,0,0,0.0,0.0,0.0,100.0,0.0,4,0
moderate,random,26,True,,5,0.10204081632653061,0.0,137.0,-4.0,50.0,0.0,1.0206,1.0206,100.0,24.8037,0,5,1,0,0,200,0,0,0,0.95,1.0,0.961428571428572,0,6713,0,43.8623,0.0,0.0,0.0,1.0564,0.002,0.4472,0.0,0.0,0.0,0.0,0.0,0,0,0.0,0.0,0.0,100.0,0.0,5,0
moderate,random,27,True,,5,0.10204081632653061,0.0,121.0,-4.0,50.0,0.0,1.6637,1.6637,100.0,25.1598,0,5,1,0,0,200,0,0,0,0.95,1.0,0.961428571428572,0,5929,0,43.0366,0.0,0.0,0.0,0.9186,0.0,0.3833,0.0,0.0,0.0,0.0,0.0,0,0,0.0,0.0,0.0,100.0,0.0,4,0
moderate,random,28,True,,5,0.10204081632653061,0.0,107.0,-4.0,50.0,0.0,0.6878,0.6878,100.0,25.7114,0,5,1,0,0,200,0,0,0,0.95,1.0,0.961428571428572,0,5243,0,42.638,0.0,0.0,0.0,0.9922,0.003,0.4212,0.0,0.0,0.0,0.0,0.0,0,0,0.0,0.0,0.0,100.0,0.0,5,0
moderate,random,29,True,,5,0.10204081632653061,0.0,115.0,-4.0,50.0,0.0,0.9834,0.9834,100.0,23.5127,0,5,1,0,0,200,0,0,0,0.95,1.0,0.961428571428572,0,5635,0,42.0868,0.0,0.0,0.0,0.958,0.0,0.3977,0.0,0.0,0.0,0.0,0.0,0,0,0.0,0.0,0.0,100.0,0.0,5,0
moderate,rule_based,0,True,,5,0.10204081632653061,0.0,104.0,-4.0,50.0,0.0,1.109,1.109,100.0,24.0674,0,5,1,0,0,200,0,0,0,0.95,1.0,0.961428571428572,0,5096,0,40.934,0.0,0.0,0.0,1.0696,0.0257,0.4435,0.0,0.0,0.0,0.0,0.0,0,0,0.0,0.0,0.0,100.0,0.0,5,0
moderate,rule_based,1,True,,5,0.10204081632653061,0.0,113.0,-4.0,50.0,0.0,1.639,1.639,99.99999999999999,25.0337,0,5,1,0,0,200,0,0,0,0.95,1.0,0.961428571428572,0,5537,0,40.4768,0.0,0.0,0.0,0.9389,0.006,0.3897,0.0,0.0,0.0,0.0,0.0,0,0,0.0,0.0,0.0,100.0,0.0,5,0
moderate,rule_based,2,True,,5,0.10204081632653061,0.0,83.0,-4.0,50.0,0.0,1.5081,1.5081,99.99999999999999,25.7447,0,5,1,1,0,200,0,0,0,0.0,1.0,0.9420408163265311,176,4067,0,38.9948,0.0,0.0,0.0,0.9345,0.003,0.3895,17.205429674585304,0.09945695281777978,0.0,0.0,172.49373434563418,0,0,0.0,0.0,0.0,100.0,0.0,5,0
moderate,rule_based,3,True,,5,0.10204081632653061,0.0,106.0,-4.0,50.0,0.0,1.4349,1.4349,100.0,24.9846,0,5,1,0,0,200,0,0,0,0.95,1.0,0.961428571428572,0,5194,0,41.0205,0.0,0.0,0.0,0.9538,0.005,0.3972,0.0,0.0,0.0,0.0,0.0,0,0,0.0,0.0,0.0,100.0,0.0,5,0
moderate,rule_based,4,True,,5,0.10204081632653061,0.0,139.0,-4.0,50.0,0.0,1.1827,1.1827,100.0,24.1119,0,5,1,1,0,200,0,0,0,0.0,1.0,0.9420408163265311,151,6811,0,44.5118,0.0,0.0,0.0,1.0892,0.006,0.4575,24.447677656773706,0.18530153381309072,0.0,0.0,131.50904150197607,0,0,0.0,0.0,0.0,100.0,0.0,5,0
moderate,rule_based,5,True,,5,0.10204081632653061,0.0,86.0,-4.0,50.0,0.0,0.9981,0.9981,100.0,26.0549,0,5,1,0,0,200,0,0,0,0.95,1.0,0.961428571428572,0,4214,0,39.781,0.0,0.0,0.0,1.0147,0.0025,0.42,0.0,0.0,0.0,0.0,0.0,0,0,0.0,0.0,0.0,100.0,0.0,5,0
moderate,rule_based,6,True,,5,0.10204081632653061,0.0,128.0,-4.0,50.0,0.0,1.4768,1.4768,100.00000000000001,24.3996,0,5,1,1,0,200,0,0,0,0.0,1.0,0.9420408163265311,44,6272,0,42.0733,0.0,0.0,0.0,1.0472,0.003,0.4291,18.1210486477616,0.4826385419847383,0.0,0.0,37.40436368857961,0,0,0.0,0.0,0.0,100.0,0.0,5,0
moderate,rule_based,7,True,,5,0.10204081632653061,0.0,118.0,-4.0,50.0,0.0,1.4913,1.4913,100.0,25.6825,0,5,1,1,0,200,0,0,0,0.0,1.0,0.9420408163265311,53,5782,0,40.3264,0.0,0.0,0.0,1.0076,0.002,0.4223,12.520335095916732,0.2585873807482452,0.0,0.0,47.918198365628015,0,0,0.0,0.0,0.0,100.0,0.0,5,0
moderate,rule_based,8,True,,5,0.10204081632653061,0.0,101.0,-4.0,50.0,0.0,1.6147,1.6147,100.00000000000001,25.029,0,5,1,0,0,200,0,0,0,0.95,1.0,0.961428571428572,0,4949,0,40.3352,0.0,0.0,0.0,1.558,0.008,0.6828,0.0,0.0,0.0,0.0,0.0,0,0,0.0,0.0,0.0,100.0,0.0,5,0
moderate,rule_based,9,True,,5,0.10204081632653061,0.0,157.0,-4.0,50.0,0.0,0.9262,0.9262,100.0,24.4405,0,5,1,0,0,200,0,0,0,0.95,1.0,0.961428571428572,0,7693,3,43.5877,0.0,0.0,0.0,0.8843,0.009,0.369,0.0,0.0,0.0,0.0,0.0,0,0,0.0,0.0,0.0,100.0,0.0,5,0
moderate,rule_based,10,True,,5,0.10204081632653061,0.0,130.0,-4.0,50.0,0.0,1.0321,1.0321,100.0,24.6345,0,5,1,0,0,200,0,0,0,0.95,1.0,0.961428571428572,0,6370,0,44.0111,0.0,0.0,0.0,0.8766,0.002,0.3668,0.0,0.0,0.0,0.0,0.0,0,0,0.0,0.0,0.0,100.0,0.0,5,0
moderate,rule_based,11,True,,5,0.10204081632653061,0.0,144.0,-4.0,50.0,0.0,0.537,0.537,100.0,24.4226,0,5,1,1,0,200,0,0,0,0.0,1.0,0.9420408163265311,143,7056,1,43.3697,0.0,0.0,0.0,0.8519,0.006,0.3661,30.529778780128478,0.4711701978706704,0.0,0.0,64.65770622204604,0,0,0.0,0.0,0.0,100.0,0.0,5,0
moderate,rule_based,12,True,,5,0.10204081632653061,0.0,130.0,-4.0,50.0,0.0,0.706,0.706,100.0,21.7321,0,5,1,0,0,200,0,0,0,0.95,1.0,0.961428571428572,0,6370,0,42.1496,0.0,0.0,0.0,0.864,0.002,0.3525,0.0,0.0,0.0,0.0,0.0,0,0,0.0,0.0,0.0,100.0,0.0,5,0
moderate,rule_based,13,True,,5,0.10204081632653061,0.0,114.0,-4.0,50.0,0.0,1.0104,1.0104,100.0,26.4296,0,5,1,0,0,200,0,0,0,0.95,1.0,0.961428571428572,0,5586,0,41.9607,0.0,0.0,0.0,0.881,0.005,0.3595,0.0,0.0,0.0,0.0,0.0,0,0,0.0,0.0,0.0,100.0,0.0,5,0
moderate,rule_based,14,True,,5,0.10204081632653061,0.0,115.0,-4.0,50.0,0.0,0.678,0.678,100.00000000000001,23.2882,0,5,1,0,0,200,0,0,0,0.95,1.0,0.961428571428572,0,5635,0,42.5084,0.0,0.0,0.0,0.8685,0.001,0.375,0.0,0.0,0.0,0.0,0.0,0,0,0.0,0.0,0.0,100.0,0.0,5,0
moderate,rule_based,15,True,,5,0.10204081632653061,0.0,140.0,-4.0,50.0,0.0,0.8625,0.8625,100.0,22.4305,0,5,1,0,0,200,0,0,0,0.95,1.0,0.961428571428572,0,6860,0,41.8872,0.0,0.0,0.0,0.916,0.006,0.4005,0.0,0.0,0.0,0.0,0.0,0,0,0.0,0.0,0.0,100.0,0.0,5,0
moderate,rule_based,16,True,,5,0.10204081632653061,0.0,153.0,-4.0,50.0,0.0,1.4217,1.4217,100.0,24.6582,0,5,1,0,0,200,0,0,0,0.95,1.0,0.961428571428572,0,7497,3,44.1213,0.0,0.0,0.0,0.8656,0.003,0.3548,0.0,0.0,0.0,0.0,0.0,0,0,0.0,0.0,0.0,100.0,0.0,5,0
moderate,rule_based,17,True,,5,0.10204081632653061,0.0,110.0,-4.0,50.0,0.0,1.1712,1.1712,100.0,25.6574,0,5,1,0,0,200,0,0,0,0.95,1.0,0.961428571428572,0,5390,0,40.4553,0.0,0.0,0.0,0.9015,0.003,0.3737,0.0,0.0,0.0,0.0,0.0,0,0,0.0,0.0,0.0,100.0,0.0,5,0
moderate,rule_based,18,True,,5,0.10204081632653061,0.0,134.0,-4.0,50.0,0.0,1.1757,1.1757,100.0,25.0282,0,5,1,0,0,200,0,0,0,0.95,1.0,0.961428571428572,0,6566,0,43.7209,0.0,0.0,0.0,0.9172,0.004,0.383,0.0,0.0,0.0,0.0,0.0,0,0,0.0,0.0,0.0,100.0,0.0,5,0
moderate,rule_based,19,True,,5,0.10204081632653061,0.0,132.0,-4.0,50.0,0.0,1.0606,1.0606,100.0,23.2561,0,5,1,0,0,200,0,0,0,0.95,1.0,0.961428571428572,0,6468,0,41.9683,0.0,0.0,0.0,0.8856,0.004,0.3738,0.0,0.0,0.0,0.0,0.0,0,0,0.0,0.0,0.0,100.0,0.0,5,0
moderate,rule_based,20,True,,5,0.10204081632653061,0.0,108.0,-4.0,50.0,0.0,0.9747,0.9747,100.0,25.2205,0,5,1,0,0,200,0,0,0,0.95,1.0,0.961428571428572,0,5292,0,42.1302,0.0,0.0,0.0,0.8825,0.005,0.3611,0.0,0.0,0.0,0.0,0.0,0,0,0.0,0.0,0.0,100.0,0.0,5,0
moderate,rule_based,21,True,,5,0.10204081632653061,0.0,99.0,-4.0,50.0,0.0,0.9748,0.9748,100.0,25.9585,0,5,1,0,0,200,0,0,0,0.95,1.0,0.961428571428572,0,4851,0,41.0408,0.0,0.0,0.0,0.9065,0.009,0.3832,0.0,0.0,0.0,0.0,0.0,0,0,0.0,0.0,0.0,100.0,0.0,5,0
moderate,rule_based,22,True,,5,0.10204081632653061,0.0,117.0,-4.0,50.0,0.0,1.0196,1.0196,100.0,26.4177,0,5,1,1,0,200,0,0,0,0.0,1.0,0.9420408163265311,102,5733,0,42.9975,0.0,0.0,0.0,0.8461,0.01,0.3471,36.0554315814345,0.39730767239016773,0.0,0.0,90.24939671949511,0,0,0.0,0.0,0.0,100.0,0.0,5,0
moderate,rule_based,23,True,,5,0.10204081632653061,0.0,107.0,-4.0,50.0,0.0,0.9205,0.9205,100.0,22.9946,0,5,1,1,0,200,0,0,0,0.0,1.0,0.9420408163265311,116,5243,0,40.209,0.0,0.0,0.0,0.8582,0.004,0.3646,36.242602279469025,0.346430500395187,0.0,0.0,104.17714775942785,0,0,0.0,0.0,0.0,100.0,0.0,5,0
moderate,rule_based,24,True,,5,0.10204081632653061,0.0,138.0,-4.0,50.0,0.0,0.5284,0.5284,100.0,23.7122,0,5,1,1,0,200,0,0,0,0.0,1.0,0.9420408163265311,16,6762,0,42.1521,0.0,0.0,0.0,0.8607,0.002,0.351,5.866062172060802,0.3802350713562127,0.0,0.0,14.927462151605013,0,0,0.0,0.0,0.0,100.0,0.0,5,0
moderate,rule_based,25,True,,5,0.10204081632653061,0.0,107.0,-4.0,50.0,0.0,0.8024,0.8024,100.0,24.7844,0,5,1,1,0,200,0,0,0,0.0,1.0,0.9420408163265311,82,5243,0,40.7371,0.0,0.0,0.0,0.9635,0.007,0.4153,13.413100208032983,0.25172720927029446,0.0,0.0,52.78426850206148,0,0,0.0,0.0,0.0,100.0,0.0,4,0
moderate,rule_based,26,True,,5,0.10204081632653061,0.0,137.0,-4.0,50.0,0.0,1.0206,1.0206,100.0,24.8037,0,5,1,0,0,200,0,0,0,0.95,1.0,0.961428571428572,0,6713,0,43.8623,0.0,0.0,0.0,0.8688,0.001,0.3594,0.0,0.0,0.0,0.0,0.0,0,0,0.0,0.0,0.0,100.0,0.0,5,0
moderate,rule_based,27,True,,5,0.10204081632653061,0.0,121.0,-4.0,50.0,0.0,1.6637,1.6637,100.0,25.1598,0,5,1,0,0,200,0,0,0,0.95,1.0,0.961428571428572,0,5929,0,43.0366,0.0,0.0,0.0,0.8765,0.003,0.369,0.0,0.0,0.0,0.0,0.0,0,0,0.0,0.0,0.0,100.0,0.0,4,0
moderate,rule_based,28,True,,5,0.10204081632653061,0.0,107.0,-4.0,50.0,0.0,0.6878,0.6878,100.0,25.7114,0,5,1,0,0,200,0,0,0,0.95,1.0,0.961428571428572,0,5243,0,42.638,0.0,0.0,0.0,0.8689,0.005,0.3549,0.0,0.0,0.0,0.0,0.0,0,0,0.0,0.0,0.0,100.0,0.0,5,0
moderate,rule_based,29,True,,5,0.10204081632653061,0.0,115.0,-4.0,50.0,0.0,0.9834,0.9834,100.0,23.5127,0,5,1,0,0,200,0,0,0,0.95,1.0,0.961428571428572,0,5635,0,42.0868,0.0,0.0,0.0,0.9059,0.004,0.3919,0.0,0.0,0.0,0.0,0.0,0,0,0.0,0.0,0.0,100.0,0.0,5,0
moderate,dqn_core_only,0,True,,5,0.10204081632653061,0.0,108.0,-4.0,50.0,0.0,1.0333,1.0333,100.0,25.915,0,5,1,0,0,200,0,0,0,0.95,1.0,0.961428571428572,0,5292,0,41.0246,0.0,0.0,0.0,0.9751,0.0987,0.3609,0.0,0.0,0.0,0.0,0.0,0,0,0.0,0.0,0.0,100.0,0.0,5,0
moderate,dqn_core_only,1,True,,5,0.10204081632653061,0.0,117.0,-4.0,50.0,0.0,1.0163,1.0163,100.0,23.9717,0,5,1,0,0,200,0,0,0,0.95,1.0,0.961428571428572,0,5733,0,40.3809,0.0,0.0,0.0,1.0023,0.0942,0.3821,0.0,0.0,0.0,0.0,0.0,0,0,0.0,0.0,0.0,100.0,0.0,5,0
moderate,dqn_core_only,2,True,,5,0.10204081632653061,0.0,97.0,-4.0,50.0,0.0,1.0397,1.0397,100.0,22.7456,0,5,1,1,0,200,0,0,0,0.0,1.0,0.9420408163265311,176,4753,0,38.5424,0.0,0.0,0.0,1.0151,0.1247,0.3707,12.990243458048628,0.09754141270825854,0.0,0.0,132.81664542713247,0,0,0.0,0.0,0.0,100.0,0.0,5,0
moderate,dqn_core_only,3,True,,5,0.10204081632653061,0.0,108.0,-4.0,50.0,0.0,1.0551,1.0551,100.0,24.2255,0,5,1,0,0,200,0,0,0,0.95,1.0,0.961428571428572,0,5292,0,41.0911,0.0,0.0,0.0,1.0032,0.1037,0.3732,0.0,0.0,0.0,0.0,0.0,0,0,0.0,0.0,0.0,100.0,0.0,5,0
moderate,dqn_core_only,4,True,,5,0.10204081632653061,0.0,142.0,-4.0,50.0,0.0,0.4738,0.4738,100.0,23.8063,0,5,1,1,0,200,0,0,0,0.0,1.0,0.9420408163265311,151,6958,0,44.4834,0.0,0.0,0.0,0.9679,0.1105,0.3697,24.117982632965248,0.16091921447160507,0.0,0.0,149.37633833634587,0,0,0.0,0.0,0.0,100.0,0.0,5,0
moderate,dqn_core_only,5,True,,5,0.10204081632653061,0.0,90.0,-4.0,50.0,0.0,1.2421,1.2421,100.0,26.2539,0,5,1,0,0,200,0,0,0,0.95,1.0,0.961428571428572,0,4410,0,38.7095,0.0,0.0,0.0,0.984,0.1281,0.3769,0.0,0.0,0.0,0.0,0.0,0,0,0.0,0.0,0.0,100.0,0.0,5,0
moderate,dqn_core_only,6,True,,5,0.10204081632653061,0.0,143.0,-4.0,50.0,0.0,1.0736,1.0736,100.0,22.6063,0,5,1,1,0,200,0,0,0,0.0,1.0,0.9420408163265311,44,7007,0,42.8614,0.0,0.0,0.0,0.9775,0.0934,0.3706,20.28792365958337,0.5323258906115121,0.0,0.0,37.93896796385365,0,0,0.0,0.0,0.0,100.0,0.0,5,0
moderate,dqn_core_only,7,True,,5,0.10204081632653061,0.0,139.0,-4.0,50.0,0.0,0.9735,0.9735,100.0,23.1428,0,5,1,1,0,200,0,0,0,0.0,1.0,0.9420408163265311,53,6811,0,41.1858,0.0,0.0,0.0,0.9879,0.1041,0.3671,15.352944510843527,0.3168675763580049,0.0,0.0,47.952242060567826,0,0,0.0,0.0,0.0,100.0,0.0,5,0
moderate,dqn_core_only,8,True,,5,0.10204081632653061,0.0,106.0,-4.0,50.0,0.0,1.0966,1.0966,100.0,24.4636,0,5,1,0,0,200,0,0,0,0.95,1.0,0.961428571428572,0,5194,0,40.2657,0.0,0.0,0.0,0.9931,0.1098,0.3726,0.0,0.0,0.0,0.0,0.0,0,0,0.0,0.0,0.0,100.0,0.0,5,0
moderate,dqn_core_only,9,True,,5,0.10204081632653061,0.0,159.0,-4.0,50.0,0.0,1.4391,1.4391,100.0,24.9642,0,5,1,0,0,200,0,0,0,0.95,1.0,0.961428571428572,0,7791,1,43.7707,0.0,0.0,0.0,1.0385,0.1009,0.4004,0.0,0.0,0.0,0.0,0.0,0,0,0.0,0.0,0.0,100.0,0.0,5,0
moderate,dqn_core_only,10,True,,5,0.10204081632653061,0.0,139.0,-4.0,50.0,0.0,1.3864,1.3864,100.00000000000001,24.4925,0,5,1,0,0,200,0,0,0,0.95,1.0,0.961428571428572,0,6811,0,43.9281,0.0,0.0,0.0,0.9892,0.1192,0.3735,0.0,0.0,0.0,0.0,0.0,0,0,0.0,0.0,0.0,100.0,0.0,5,0
moderate,dqn_core_only,11,True,,5,0.10204081632653061,0.0,172.0,-4.0,50.0,0.0,0.6036,0.6036,100.0,22.5757,0,5,1,1,0,200,0,0,0,0.0,1.0,0.9420408163265311,143,8428,3,44.0351,0.0,0.0,0.0,0.9781,0.1351,0.3765,32.46335889444827,0.4423125278898081,0.0,0.0,73.21686485390438,0,0,0.0,0.0,0.0,100.0,0.0,5,0
moderate,dqn_core_only,12,True,,5,0.10204081632653061,0.0,119.0,-4.0,50.0,0.0,1.2143,1.2143,100.0,25.2687,0,5,1,0,0,200,0,0,0,0.95,1.0,0.961428571428572,0,5831,0,42.5709,0.0,0.0,0.0,1.0533,0.1192,0.4005,0.0,0.0,0.0,0.0,0.0,0,0,0.0,0.0,0.0,100.0,0.0,5,0
moderate,dqn_core_only,13,True,,5,0.10204081632653061,0.0,119.0,-4.0,50.0,0.0,1.1607,1.1607,100.0,25.1663,0,5,1,0,0,200,0,0,0,0.95,1.0,0.961428571428572,0,5831,0,42.5728,0.0,0.0,0.0,0.9816,0.1132,0.3732,0.0,0.0,0.0,0.0,0.0,0,0,0.0,0.0,0.0,100.0,0.0,5,0
moderate,dqn_core_only,14,True,,5,0.10204081632653061,0.0,112.0,-4.0,50.0,0.0,0.5378,0.5378,100.0,23.2096,0,5,1,0,0,200,0,0,0,0.95,1.0,0.961428571428572,0,5488,0,42.423,0.0,0.0,0.0,1.0012,0.1152,0.376,0.0,0.0,0.0,0.0,0.0,0,0,0.0,0.0,0.0,100.0,0.0,5,0
moderate,dqn_core_only,15,True,,5,0.10204081632653061,0.0,132.0,-4.0,50.0,0.0,1.5965,1.5965,100.0,24.2077,0,5,1,0,0,200,0,0,0,0.95,1.0,0.961428571428572,0,6468,0,41.4766,0.0,0.0,0.0,1.0127,0.0862,0.3779,0.0,0.0,0.0,0.0,0.0,0,0,0.0,0.0,0.0,100.0,0.0,5,0
moderate,dqn_core_only,16,True,,5,0.10204081632653061,0.0,148.0,-4.0,50.0,0.0,1.0987,1.0987,100.0,24.0669,0,5,1,0,0,200,0,0,0,0.95,1.0,0.961428571428572,0,7252,3,44.5032,0.0,0.0,0.0,1.0086,0.1441,0.3897,0.0,0.0,0.0,0.0,0.0,0,0,0.0,0.0,0.0,100.0,0.0,5,0
moderate,dqn_core_only,17,True,,5,0.10204081632653061,0.0,133.0,-4.0,50.0,0.0,0.8711,0.8711,100.0,22.7734,0,5,1,0,0,200,0,0,0,0.95,1.0,0.961428571428572,0,6517,0,41.3404,0.0,0.0,0.0,1.0897,0.1191,0.4073,0.0,0.0,0.0,0.0,0.0,0,0,0.0,0.0,0.0,100.0,0.0,5,0
moderate,dqn_core_only,18,True,,5,0.10204081632653061,0.0,140.0,-4.0,50.0,0.0,0.8742,0.8742,100.0,24.3943,0,5,1,0,0,200,0,0,0,0.95,1.0,0.961428571428572,0,6860,0,43.7636,0.0,0.0,0.0,0.9899,0.1211,0.3728,0.0,0.0,0.0,0.0,0.0,0,0,0.0,0.0,0.0,100.0,0.0,5,0
moderate,dqn_core_only,19,True,,5,0.10204081632653061,0.0,121.0,-4.0,50.0,0.0,1.3651,1.3651,100.0,24.5901,0,5,1,0,0,200,0,0,0,0.95,1.0,0.961428571428572,0,5929,0,41.3813,0.0,0.0,0.0,1.0034,0.1473,0.369,0.0,0.0,0.0,0.0,0.0,0,0,0.0,0.0,0.0,100.0,0.0,5,0
moderate,dqn_core_only,20,True,,5,0.10204081632653061,0.0,98.0,-4.0,50.0,0.0,1.5965,1.5965,100.0,25.7723,0,5,1,0,0,200,0,0,0,0.95,1.0,0.961428571428572,0,4802,0,42.073,0.0,0.0,0.0,1.0164,0.089,0.3846,0.0,0.0,0.0,0.0,0.0,0,0,0.0,0.0,0.0,100.0,0.0,5,0
moderate,dqn_core_only,21,True,,5,0.10204081632653061,0.0,108.0,-4.0,50.0,0.0,1.138,1.138,100.0,24.084,0,5,1,0,0,200,0,0,0,0.95,1.0,0.961428571428572,0,5292,0,40.7192,0.0,0.0,0.0,0.9952,0.0982,0.371,0.0,0.0,0.0,0.0,0.0,0,0,0.0,0.0,0.0,100.0,0.0,5,0
moderate,dqn_core_only,22,True,,5,0.10204081632653061,0.0,118.0,-4.0,50.0,0.0,1.1957,1.1957,100.0,24.5114,0,5,1,1,0,200,0,0,0,0.0,1.0,0.9420408163265311,102,5782,0,41.9304,0.0,0.0,0.0,0.9822,0.1376,0.374,35.54021449739259,0.38508445227778243,0.0,0.0,91.79200059148441,0,0,0.0,0.0,0.0,100.0,0.0,5,0
moderate,dqn_core_only,23,True,,5,0.10204081632653061,0.0,98.0,-4.0,50.0,0.0,1.0666,1.0666,100.0,26.2159,0,5,1,1,0,200,0,0,0,0.0,1.0,0.9420408163265311,116,4802,0,40.7161,0.0,0.0,0.0,1.1416,0.1042,0.4504,38.86090979457326,0.34746349296572565,0.0,0.0,111.34170590953731,0,0,0.0,0.0,0.0,100.0,0.0,5,0
moderate,dqn_core_only,24,True,,5,0.10204081632653061,0.0,145.0,-4.0,50.0,0.0,1.1586,1.1586,100.0,22.5102,0,5,1,1,0,200,0,0,0,0.0,1.0,0.9420408163265311,16,7105,0,41.206,0.0,0.0,0.0,1.1322,0.1252,0.4265,5.590249463013205,0.3630163952440279,0.0,0.0,14.899440731197036,0,0,0.0,0.0,0.0,100.0,0.0,5,0
moderate,dqn_core_only,25,True,,5,0.10204081632653061,0.0,109.0,-4.0,50.0,0.0,1.1066,1.1066,100.0,24.5199,0,5,1,1,0,200,0,0,0,0.0,1.0,0.9420408163265311,82,5341,0,40.0443,0.0,0.0,0.0,1.1436,0.1222,0.4353,13.133728535662495,0.24659900230652634,0.0,0.0,52.75945528091418,0,0,0.0,0.0,0.0,100.0,0.0,4,0
moderate,dqn_core_only,26,True,,5,0.10204081632653061,0.0,132.0,-4.0,50.0,0.0,0.6362,0.6362,100.0,25.9595,0,5,1,0,0,200,0,0,0,0.95,1.0,0.961428571428572,0,6468,3,43.5262,0.0,0.0,0.0,1.1276,0.1202,0.4301,0.0,0.0,0.0,0.0,0.0,0,0,0.0,0.0,0.0,100.0,0.0,5,0
moderate,dqn_core_only,27,True,,5,0.10204081632653061,0.0,131.0,-4.0,50.0,0.0,1.3748,1.3748,100.0,24.3339,0,5,1,0,0,200,0,0,0,0.95,1.0,0.961428571428572,0,6419,0,44.299,0.0,0.0,0.0,1.0938,0.1212,0.4053,0.0,0.0,0.0,0.0,0.0,0,0,0.0,0.0,0.0,100.0,0.0,4,0
moderate,dqn_core_only,28,True,,5,0.10204081632653061,0.0,106.0,-4.0,50.0,0.0,1.2373,1.2373,100.0,25.9592,0,5,1,0,0,200,0,0,0,0.95,1.0,0.961428571428572,0,5194,0,41.8356,0.0,0.0,0.0,1.1309,0.1502,0.4184,0.0,0.0,0.0,0.0,0.0,0,0,0.0,0.0,0.0,100.0,0.0,5,0
moderate,dqn_core_only,29,True,,5,0.10204081632653061,0.0,108.0,-4.0,50.0,0.0,1.0063,1.0063,100.0,24.7725,0,5,1,0,0,200,0,0,0,0.95,1.0,0.961428571428572,0,5292,0,41.9079,0.0,0.0,0.0,1.0986,0.1196,0.417,0.0,0.0,0.0,0.0,0.0,0,0,0.0,0.0,0.0,100.0,0.0,5,0
moderate,full_stack,0,True,,5,0.10204081632653061,0.0,108.0,-4.0,50.0,0.0,1.0333,1.0333,100.0,25.915,0,5,1,0,0,200,0,0,0,0.95,1.0,0.961428571428572,0,5292,0,41.0246,0.0,0.0,0.0,1.3033,0.1258,0.442,0.0,0.0,0.0,0.0,0.0,0,0,0.0,0.0,0.0,100.0,0.0,5,0
moderate,full_stack,1,True,,5,0.10204081632653061,0.0,117.0,-4.0,50.0,0.0,1.0163,1.0163,100.0,23.9717,0,5,1,0,0,200,0,0,0,0.95,1.0,0.961428571428572,0,5733,0,40.3809,0.0,0.0,0.0,1.326,0.1178,0.4631,0.0,0.0,0.0,0.0,0.0,0,0,0.0,0.0,0.0,100.0,0.0,5,0
moderate,full_stack,2,True,,5,0.10204081632653061,0.0,97.0,-4.0,50.0,0.0,1.0397,1.0397,100.0,22.7456,0,5,1,1,0,200,0,0,0,0.0,1.0,0.9420408163265311,176,4753,0,38.5424,0.0,0.0,0.0,1.2313,0.1443,0.4239,12.990243458048628,0.09754141270825854,0.0,0.0,132.81664542713247,0,0,0.0,0.0,0.0,100.0,0.0,5,0
moderate,full_stack,3,True,,5,0.10204081632653061,0.0,108.0,-4.0,50.0,0.0,1.0551,1.0551,100.0,24.2255,0,5,1,0,0,200,0,0,0,0.95,1.0,0.961428571428572,0,5292,0,41.0911,0.0,0.0,0.0,1.2895,0.1298,0.4402,0.0,0.0,0.0,0.0,0.0,0,0,0.0,0.0,0.0,100.0,0.0,5,0
moderate,full_stack,4,True,,5,0.10204081632653061,0.0,142.0,-4.0,50.0,0.0,0.4738,0.4738,100.0,23.8063,0,5,1,1,0,200,0,0,0,0.0,1.0,0.9420408163265311,151,6958,0,44.4834,0.0,0.0,0.0,1.2708,0.111,0.4315,24.117982632965248,0.16091921447160507,0.0,0.0,149.37633833634587,0,0,0.0,0.0,0.0,100.0,0.0,5,0
moderate,full_stack,5,True,,5,0.10204081632653061,0.0,90.0,-4.0,50.0,0.0,1.2421,1.2421,100.0,26.2539,0,5,1,0,0,200,0,0,0,0.95,1.0,0.961428571428572,0,4410,0,38.7095,0.0,0.0,0.0,1.238,0.1363,0.4231,0.0,0.0,0.0,0.0,0.0,0,0,0.0,0.0,0.0,100.0,0.0,5,0
moderate,full_stack,6,True,,5,0.10204081632653061,0.0,143.0,-4.0,50.0,0.0,1.0736,1.0736,100.0,22.6063,0,5,1,1,0,200,0,0,0,0.0,1.0,0.9420408163265311,44,7007,0,42.8614,0.0,0.0,0.0,1.2305,0.1303,0.4247,20.28792365958337,0.5323258906115121,0.0,0.0,37.93896796385365,0,0,0.0,0.0,0.0,100.0,0.0,5,0
moderate,full_stack,7,True,,5,0.10204081632653061,0.0,139.0,-4.0,50.0,0.0,0.9735,0.9735,100.0,23.1428,0,5,1,1,0,200,0,0,0,0.0,1.0,0.9420408163265311,53,6811,0,41.1858,0.0,0.0,0.0,1.2341,0.1352,0.4263,15.352944510843527,0.3168675763580049,0.0,0.0,47.952242060567826,0,0,0.0,0.0,0.0,100.0,0.0,5,0
moderate,full_stack,8,True,,5,0.10204081632653061,0.0,106.0,-4.0,50.0,0.0,1.0966,1.0966,100.0,24.4636,0,5,1,0,0,200,0,0,0,0.95,1.0,0.961428571428572,0,5194,0,40.2657,0.0,0.0,0.0,1.24,0.1062,0.4218,0.0,0.0,0.0,0.0,0.0,0,0,0.0,0.0,0.0,100.0,0.0,5,0
moderate,full_stack,9,True,,5,0.10204081632653061,0.0,159.0,-4.0,50.0,0.0,1.4391,1.4391,100.0,24.9642,0,5,1,0,0,200,0,0,0,0.95,1.0,0.961428571428572,0,7791,1,43.7707,0.0,0.0,0.0,1.2906,0.1271,0.4454,0.0,0.0,0.0,0.0,0.0,0,0,0.0,0.0,0.0,100.0,0.0,5,0
moderate,full_stack,10,True,,5,0.10204081632653061,0.0,139.0,-4.0,50.0,0.0,1.3864,1.3864,100.00000000000001,24.4925,0,5,1,0,0,200,0,0,0,0.95,1.0,0.961428571428572,0,6811,0,43.9281,0.0,0.0,0.0,1.859,0.1493,0.6614,0.0,0.0,0.0,0.0,0.0,0,0,0.0,0.0,0.0,100.0,0.0,5,0
moderate,full_stack,11,True,,5,0.10204081632653061,0.0,172.0,-4.0,50.0,0.0,0.6036,0.6036,100.0,22.5757,0,5,1,1,0,200,0,0,0,0.0,1.0,0.9420408163265311,143,8428,3,44.0351,0.0,0.0,0.0,1.3526,0.1439,0.4562,32.46335889444827,0.4423125278898081,0.0,0.0,73.21686485390438,0,0,0.0,0.0,0.0,100.0,0.0,5,0
moderate,full_stack,12,True,,5,0.10204081632653061,0.0,119.0,-4.0,50.0,0.0,1.2143,1.2143,100.0,25.2687,0,5,1,0,0,200,0,0,0,0.95,1.0,0.961428571428572,0,5831,0,42.5709,0.0,0.0,0.0,1.6304,0.1603,0.5495,0.0,0.0,0.0,0.0,0.0,0,0,0.0,0.0,0.0,100.0,0.0,5,0
moderate,full_stack,13,True,,5,0.10204081632653061,0.0,119.0,-4.0,50.0,0.0,1.1607,1.1607,100.0,25.1663,0,5,1,0,0,200,0,0,0,0.95,1.0,0.961428571428572,0,5831,0,42.5728,0.0,0.0,0.0,1.4207,0.1333,0.4836,0.0,0.0,0.0,0.0,0.0,0,0,0.0,0.0,0.0,100.0,0.0,5,0
moderate,full_stack,14,True,,5,0.10204081632653061,0.0,112.0,-4.0,50.0,0.0,0.5378,0.5378,100.0,23.2096,0,5,1,0,0,200,0,0,0,0.95,1.0,0.961428571428572,0,5488,0,42.423,0.0,0.0,0.0,1.2838,0.1462,0.4332,0.0,0.0,0.0,0.0,0.0,0,0,0.0,0.0,0.0,100.0,0.0,5,0
moderate,full_stack,15,True,,5,0.10204081632653061,0.0,132.0,-4.0,50.0,0.0,1.5965,1.5965,100.0,24.2077,0,5,1,0,0,200,0,0,0,0.95,1.0,0.961428571428572,0,6468,0,41.4766,0.0,0.0,0.0,1.3339,0.1263,0.4572,0.0,0.0,0.0,0.0,0.0,0,0,0.0,0.0,0.0,100.0,0.0,5,0
moderate,full_stack,16,True,,5,0.10204081632653061,0.0,148.0,-4.0,50.0,0.0,1.0987,1.0987,100.0,24.0669,0,5,1,0,0,200,0,0,0,0.95,1.0,0.961428571428572,0,7252,3,44.5032,0.0,0.0,0.0,1.2301,0.1187,0.4173,0.0,0.0,0.0,0.0,0.0,0,0,0.0,0.0,0.0,100.0,0.0,5,0
moderate,full_stack,17,True,,5,0.10204081632653061,0.0,133.0,-4.0,50.0,0.0,0.8711,0.8711,100.0,22.7734,0,5,1,0,0,200,0,0,0,0.95,1.0,0.961428571428572,0,6517,0,41.3404,0.0,0.0,0.0,1.1645,0.1157,0.397,0.0,0.0,0.0,0.0,0.0,0,0,0.0,0.0,0.0,100.0,0.0,5,0
moderate,full_stack,18,True,,5,0.10204081632653061,0.0,140.0,-4.0,50.0,0.0,0.8742,0.8742,100.0,24.3943,0,5,1,0,0,200,0,0,0,0.95,1.0,0.961428571428572,0,6860,0,43.7636,0.0,0.0,0.0,1.1874,0.1043,0.3989,0.0,0.0,0.0,0.0,0.0,0,0,0.0,0.0,0.0,100.0,0.0,5,0
moderate,full_stack,19,True,,5,0.10204081632653061,0.0,121.0,-4.0,50.0,0.0,1.3651,1.3651,100.0,24.5901,0,5,1,0,0,200,0,0,0,0.95,1.0,0.961428571428572,0,5929,0,41.3813,0.0,0.0,0.0,1.9464,0.158,0.7129,0.0,0.0,0.0,0.0,0.0,0,0,0.0,0.0,0.0,100.0,0.0,5,0
moderate,full_stack,20,True,,5,0.10204081632653061,0.0,98.0,-4.0,50.0,0.0,1.5965,1.5965,100.0,25.7723,0,5,1,0,0,200,0,0,0,0.95,1.0,0.961428571428572,0,4802,0,42.073,0.0,0.0,0.0,1.7785,0.1642,0.6361,0.0,0.0,0.0,0.0,0.0,0,0,0.0,0.0,0.0,100.0,0.0,5,0
moderate,full_stack,21,True,,5,0.10204081632653061,0.0,108.0,-4.0,50.0,0.0,1.138,1.138,100.0,24.084,0,5,1,0,0,200,0,0,0,0.95,1.0,0.961428571428572,0,5292,0,40.7192,0.0,0.0,0.0,2.1127,0.1995,0.7437,0.0,0.0,0.0,0.0,0.0,0,0,0.0,0.0,0.0,100.0,0.0,5,0
moderate,full_stack,22,True,,5,0.10204081632653061,0.0,118.0,-4.0,50.0,0.0,1.1957,1.1957,100.0,24.5114,0,5,1,1,0,200,0,0,0,0.0,1.0,0.9420408163265311,102,5782,0,41.9304,0.0,0.0,0.0,1.1924,0.1152,0.4067,35.54021449739259,0.38508445227778243,0.0,0.0,91.79200059148441,0,0,0.0,0.0,0.0,100.0,0.0,5,0
moderate,full_stack,23,True,,5,0.10204081632653061,0.0,98.0,-4.0,50.0,0.0,1.0666,1.0666,100.0,26.2159,0,5,1,1,0,200,0,0,0,0.0,1.0,0.9420408163265311,116,4802,0,40.7161,0.0,0.0,0.0,1.2377,0.1252,0.4202,38.86090979457326,0.34746349296572565,0.0,0.0,111.34170590953731,0,0,0.0,0.0,0.0,100.0,0.0,5,0
moderate,full_stack,24,True,,5,0.10204081632653061,0.0,145.0,-4.0,50.0,0.0,1.1586,1.1586,100.0,22.5102,0,5,1,1,0,200,0,0,0,0.0,1.0,0.9420408163265311,16,7105,0,41.206,0.0,0.0,0.0,1.1607,0.1141,0.3925,5.590249463013205,0.3630163952440279,0.0,0.0,14.899440731197036,0,0,0.0,0.0,0.0,100.0,0.0,5,0
moderate,full_stack,25,True,,5,0.10204081632653061,0.0,109.0,-4.0,50.0,0.0,1.1066,1.1066,100.0,24.5199,0,5,1,1,0,200,0,0,0,0.0,1.0,0.9420408163265311,82,5341,0,40.0443,0.0,0.0,0.0,1.2013,0.1242,0.4106,13.133728535662495,0.24659900230652634,0.0,0.0,52.75945528091418,0,0,0.0,0.0,0.0,100.0,0.0,4,0
moderate,full_stack,26,True,,5,0.10204081632653061,0.0,132.0,-4.0,50.0,0.0,0.6362,0.6362,100.0,25.9595,0,5,1,0,0,200,0,0,0,0.95,1.0,0.961428571428572,0,6468,3,43.5262,0.0,0.0,0.0,1.2061,0.1188,0.409,0.0,0.0,0.0,0.0,0.0,0,0,0.0,0.0,0.0,100.0,0.0,5,0
moderate,full_stack,27,True,,5,0.10204081632653061,0.0,131.0,-4.0,50.0,0.0,1.3748,1.3748,100.0,24.3339,0,5,1,0,0,200,0,0,0,0.95,1.0,0.961428571428572,0,6419,0,44.299,0.0,0.0,0.0,1.1823,0.1304,0.4001,0.0,0.0,0.0,0.0,0.0,0,0,0.0,0.0,0.0,100.0,0.0,4,0
moderate,full_stack,28,True,,5,0.10204081632653061,0.0,106.0,-4.0,50.0,0.0,1.2373,1.2373,100.0,25.9592,0,5,1,0,0,200,0,0,0,0.95,1.0,0.961428571428572,0,5194,0,41.8356,0.0,0.0,0.0,1.1887,0.1232,0.3987,0.0,0.0,0.0,0.0,0.0,0,0,0.0,0.0,0.0,100.0,0.0,5,0
moderate,full_stack,29,True,,5,0.10204081632653061,0.0,108.0,-4.0,50.0,0.0,1.0063,1.0063,100.0,24.7725,0,5,1,0,0,200,0,0,0,0.95,1.0,0.961428571428572,0,5292,0,41.9079,0.0,0.0,0.0,1.1789,0.1147,0.3982,0.0,0.0,0.0,0.0,0.0,0,0,0.0,0.0,0.0,100.0,0.0,5,0
moderate,no_lstm,0,True,,5,0.10204081632653061,0.0,108.0,-4.0,50.0,0.0,1.0333,1.0333,100.0,25.915,0,5,1,0,0,200,0,0,0,0.95,1.0,0.961428571428572,0,5292,0,41.0246,0.0,0.0,0.0,1.137,0.1131,0.3899,0.0,0.0,0.0,0.0,0.0,0,0,0.0,0.0,0.0,100.0,0.0,5,0
moderate,no_lstm,1,True,,5,0.10204081632653061,0.0,117.0,-4.0,50.0,0.0,1.0163,1.0163,100.0,23.9717,0,5,1,0,0,200,0,0,0,0.95,1.0,0.961428571428572,0,5733,0,40.3809,0.0,0.0,0.0,1.1616,0.1161,0.3893,0.0,0.0,0.0,0.0,0.0,0,0,0.0,0.0,0.0,100.0,0.0,5,0
moderate,no_lstm,2,True,,5,0.10204081632653061,0.0,97.0,-4.0,50.0,0.0,1.0397,1.0397,100.0,22.7456,0,5,1,1,0,200,0,0,0,0.0,1.0,0.9420408163265311,176,4753,0,38.5424,0.0,0.0,0.0,1.7641,0.1453,0.6524,12.990243458048628,0.09754141270825854,0.0,0.0,132.81664542713247,0,0,0.0,0.0,0.0,100.0,0.0,5,0
moderate,no_lstm,3,True,,5,0.10204081632653061,0.0,108.0,-4.0,50.0,0.0,1.0551,1.0551,100.0,24.2255,0,5,1,0,0,200,0,0,0,0.95,1.0,0.961428571428572,0,5292,0,41.0911,0.0,0.0,0.0,1.2966,0.1292,0.4476,0.0,0.0,0.0,0.0,0.0,0,0,0.0,0.0,0.0,100.0,0.0,5,0
moderate,no_lstm,4,True,,5,0.10204081632653061,0.0,142.0,-4.0,50.0,0.0,0.4738,0.4738,100.0,23.8063,0,5,1,1,0,200,0,0,0,0.0,1.0,0.9420408163265311,151,6958,0,44.4834,0.0,0.0,0.0,1.4133,0.1203,0.5112,24.117982632965248,0.16091921447160507,0.0,0.0,149.37633833634587,0,0,0.0,0.0,0.0,100.0,0.0,5,0
moderate,no_lstm,5,True,,5,0.10204081632653061,0.0,90.0,-4.0,50.0,0.0,1.2421,1.2421,100.0,26.2539,0,5,1,0,0,200,0,0,0,0.95,1.0,0.961428571428572,0,4410,0,38.7095,0.0,0.0,0.0,1.1785,0.1129,0.402,0.0,0.0,0.0,0.0,0.0,0,0,0.0,0.0,0.0,100.0,0.0,5,0
moderate,no_lstm,6,True,,5,0.10204081632653061,0.0,143.0,-4.0,50.0,0.0,1.0736,1.0736,100.0,22.6063,0,5,1,1,0,200,0,0,0,0.0,1.0,0.9420408163265311,44,7007,0,42.8614,0.0,0.0,0.0,1.3025,0.1299,0.4545,20.28792365958337,0.5323258906115121,0.0,0.0,37.93896796385365,0,0,0.0,0.0,0.0,100.0,0.0,5,0
moderate,no_lstm,7,True,,5,0.10204081632653061,0.0,139.0,-4.0,50.0,0.0,0.9735,0.9735,100.0,23.1428,0,5,1,1,0,200,0,0,0,0.0,1.0,0.9420408163265311,53,6811,0,41.1858,0.0,0.0,0.0,1.1447,0.1097,0.3858,15.352944510843527,0.3168675763580049,0.0,0.0,47.952242060567826,0,0,0.0,0.0,0.0,100.0,0.0,5,0
moderate,no_lstm,8,True,,5,0.10204081632653061,0.0,106.0,-4.0,50.0,0.0,1.0966,1.0966,100.0,24.4636,0,5,1,0,0,200,0,0,0,0.95,1.0,0.961428571428572,0,5194,0,40.2657,0.0,0.0,0.0,1.3452,0.1286,0.4686,0.0,0.0,0.0,0.0,0.0,0,0,0.0,0.0,0.0,100.0,0.0,5,0
moderate,no_lstm,9,True,,5,0.10204081632653061,0.0,159.0,-4.0,50.0,0.0,1.4391,1.4391,100.0,24.9642,0,5,1,0,0,200,0,0,0,0.95,1.0,0.961428571428572,0,7791,1,43.7707,0.0,0.0,0.0,1.1873,0.0882,0.4082,0.0,0.0,0.0,0.0,0.0,0,0,0.0,0.0,0.0,100.0,0.0,5,0
moderate,no_lstm,10,True,,5,0.10204081632653061,0.0,139.0,-4.0,50.0,0.0,1.3864,1.3864,100.00000000000001,24.4925,0,5,1,0,0,200,0,0,0,0.95,1.0,0.961428571428572,0,6811,0,43.9281,0.0,0.0,0.0,1.1509,0.1092,0.3905,0.0,0.0,0.0,0.0,0.0,0,0,0.0,0.0,0.0,100.0,0.0,5,0
moderate,no_lstm,11,True,,5,0.10204081632653061,0.0,172.0,-4.0,50.0,0.0,0.6036,0.6036,100.0,22.5757,0,5,1,1,0,200,0,0,0,0.0,1.0,0.9420408163265311,143,8428,3,44.0351,0.0,0.0,0.0,1.1978,0.1172,0.4142,32.46335889444827,0.4423125278898081,0.0,0.0,73.21686485390438,0,0,0.0,0.0,0.0,100.0,0.0,5,0
moderate,no_lstm,12,True,,5,0.10204081632653061,0.0,119.0,-4.0,50.0,0.0,1.2143,1.2143,100.0,25.2687,0,5,1,0,0,200,0,0,0,0.95,1.0,0.961428571428572,0,5831,0,42.5709,0.0,0.0,0.0,1.1357,0.1027,0.3807,0.0,0.0,0.0,0.0,0.0,0,0,0.0,0.0,0.0,100.0,0.0,5,0
moderate,no_lstm,13,True,,5,0.10204081632653061,0.0,119.0,-4.0,50.0,0.0,1.1607,1.1607,100.0,25.1663,0,5,1,0,0,200,0,0,0,0.95,1.0,0.961428571428572,0,5831,0,42.5728,0.0,0.0,0.0,1.5822,0.1148,0.5679,0.0,0.0,0.0,0.0,0.0,0,0,0.0,0.0,0.0,100.0,0.0,5,0
moderate,no_lstm,14,True,,5,0.10204081632653061,0.0,112.0,-4.0,50.0,0.0,0.5378,0.5378,100.0,23.2096,0,5,1,0,0,200,0,0,0,0.95,1.0,0.961428571428572,0,5488,0,42.423,0.0,0.0,0.0,1.3402,0.1283,0.4629,0.0,0.0,0.0,0.0,0.0,0,0,0.0,0.0,0.0,100.0,0.0,5,0
moderate,no_lstm,15,True,,5,0.10204081632653061,0.0,132.0,-4.0,50.0,0.0,1.5965,1.5965,100.0,24.2077,0,5,1,0,0,200,0,0,0,0.95,1.0,0.961428571428572,0,6468,0,41.4766,0.0,0.0,0.0,1.2292,0.1272,0.4224,0.0,0.0,0.0,0.0,0.0,0,0,0.0,0.0,0.0,100.0,0.0,5,0
moderate,no_lstm,16,True,,5,0.10204081632653061,0.0,148.0,-4.0,50.0,0.0,1.0987,1.0987,100.0,24.0669,0,5,1,0,0,200,0,0,0,0.95,1.0,0.961428571428572,0,7252,3,44.5032,0.0,0.0,0.0,1.2496,0.1252,0.4381,0.0,0.0,0.0,0.0,0.0,0,0,0.0,0.0,0.0,100.0,0.0,5,0
moderate,no_lstm,17,True,,5,0.10204081632653061,0.0,133.0,-4.0,50.0,0.0,0.8711,0.8711,100.0,22.7734,0,5,1,0,0,200,0,0,0,0.95,1.0,0.961428571428572,0,6517,0,41.3404,0.0,0.0,0.0,1.1916,0.1057,0.4133,0.0,0.0,0.0,0.0,0.0,0,0,0.0,0.0,0.0,100.0,0.0,5,0
moderate,no_lstm,18,True,,5,0.10204081632653061,0.0,140.0,-4.0,50.0,0.0,0.8742,0.8742,100.0,24.3943,0,5,1,0,0,200,0,0,0,0.95,1.0,0.961428571428572,0,6860,0,43.7636,0.0,0.0,0.0,1.1487,0.0972,0.3842,0.0,0.0,0.0,0.0,0.0,0,0,0.0,0.0,0.0,100.0,0.0,5,0
moderate,no_lstm,19,True,,5,0.10204081632653061,0.0,121.0,-4.0,50.0,0.0,1.3651,1.3651,100.0,24.5901,0,5,1,0,0,200,0,0,0,0.95,1.0,0.961428571428572,0,5929,0,41.3813,0.0,0.0,0.0,1.2105,0.1257,0.4215,0.0,0.0,0.0,0.0,0.0,0,0,0.0,0.0,0.0,100.0,0.0,5,0
moderate,no_lstm,20,True,,5,0.10204081632653061,0.0,98.0,-4.0,50.0,0.0,1.5965,1.5965,100.0,25.7723,0,5,1,0,0,200,0,0,0,0.95,1.0,0.961428571428572,0,4802,0,42.073,0.0,0.0,0.0,1.1592,0.1197,0.3987,0.0,0.0,0.0,0.0,0.0,0,0,0.0,0.0,0.0,100.0,0.0,5,0
moderate,no_lstm,21,True,,5,0.10204081632653061,0.0,108.0,-4.0,50.0,0.0,1.138,1.138,100.0,24.084,0,5,1,0,0,200,0,0,0,0.95,1.0,0.961428571428572,0,5292,0,40.7192,0.0,0.0,0.0,1.4454,0.1245,0.5107,0.0,0.0,0.0,0.0,0.0,0,0,0.0,0.0,0.0,100.0,0.0,5,0
moderate,no_lstm,22,True,,5,0.10204081632653061,0.0,118.0,-4.0,50.0,0.0,1.1957,1.1957,100.0,24.5114,0,5,1,1,0,200,0,0,0,0.0,1.0,0.9420408163265311,102,5782,0,41.9304,0.0,0.0,0.0,1.2105,0.1192,0.4068,35.54021449739259,0.38508445227778243,0.0,0.0,91.79200059148441,0,0,0.0,0.0,0.0,100.0,0.0,5,0
moderate,no_lstm,23,True,,5,0.10204081632653061,0.0,98.0,-4.0,50.0,0.0,1.0666,1.0666,100.0,26.2159,0,5,1,1,0,200,0,0,0,0.0,1.0,0.9420408163265311,116,4802,0,40.7161,0.0,0.0,0.0,1.3779,0.1353,0.4762,38.86090979457326,0.34746349296572565,0.0,0.0,111.34170590953731,0,0,0.0,0.0,0.0,100.0,0.0,5,0
moderate,no_lstm,24,True,,5,0.10204081632653061,0.0,145.0,-4.0,50.0,0.0,1.1586,1.1586,100.0,22.5102,0,5,1,1,0,200,0,0,0,0.0,1.0,0.9420408163265311,16,7105,0,41.206,0.0,0.0,0.0,1.1965,0.1192,0.4098,5.590249463013205,0.3630163952440279,0.0,0.0,14.899440731197036,0,0,0.0,0.0,0.0,100.0,0.0,5,0
moderate,no_lstm,25,True,,5,0.10204081632653061,0.0,109.0,-4.0,50.0,0.0,1.1066,1.1066,100.0,24.5199,0,5,1,1,0,200,0,0,0,0.0,1.0,0.9420408163265311,82,5341,0,40.0443,0.0,0.0,0.0,1.1715,0.1317,0.4056,13.133728535662495,0.24659900230652634,0.0,0.0,52.75945528091418,0,0,0.0,0.0,0.0,100.0,0.0,4,0
moderate,no_lstm,26,True,,5,0.10204081632653061,0.0,132.0,-4.0,50.0,0.0,0.6362,0.6362,100.0,25.9595,0,5,1,0,0,200,0,0,0,0.95,1.0,0.961428571428572,0,6468,3,43.5262,0.0,0.0,0.0,1.2002,0.0981,0.4067,0.0,0.0,0.0,0.0,0.0,0,0,0.0,0.0,0.0,100.0,0.0,5,0
moderate,no_lstm,27,True,,5,0.10204081632653061,0.0,131.0,-4.0,50.0,0.0,1.3748,1.3748,100.0,24.3339,0,5,1,0,0,200,0,0,0,0.95,1.0,0.961428571428572,0,6419,0,44.299,0.0,0.0,0.0,1.1697,0.1182,0.4052,0.0,0.0,0.0,0.0,0.0,0,0,0.0,0.0,0.0,100.0,0.0,4,0
moderate,no_lstm,28,True,,5,0.10204081632653061,0.0,106.0,-4.0,50.0,0.0,1.2373,1.2373,100.0,25.9592,0,5,1,0,0,200,0,0,0,0.95,1.0,0.961428571428572,0,5194,0,41.8356,0.0,0.0,0.0,1.1806,0.0982,0.395,0.0,0.0,0.0,0.0,0.0,0,0,0.0,0.0,0.0,100.0,0.0,5,0
moderate,no_lstm,29,True,,5,0.10204081632653061,0.0,108.0,-4.0,50.0,0.0,1.0063,1.0063,100.0,24.7725,0,5,1,0,0,200,0,0,0,0.95,1.0,0.961428571428572,0,5292,0,41.9079,0.0,0.0,0.0,1.4751,0.1206,0.5302,0.0,0.0,0.0,0.0,0.0,0,0,0.0,0.0,0.0,100.0,0.0,5,0
moderate,no_twin,0,True,,5,0.10204081632653061,0.0,108.0,-4.0,50.0,0.0,1.0333,1.0333,100.0,25.915,0,5,1,0,0,200,0,0,0,0.95,1.0,0.961428571428572,0,5292,0,41.0246,0.0,0.0,0.0,8.868,0.1313,0.5592,0.0,0.0,0.0,0.0,0.0,0,0,0.0,0.0,0.0,100.0,0.0,5,0
moderate,no_twin,1,True,,5,0.10204081632653061,0.0,117.0,-4.0,50.0,0.0,1.0163,1.0163,100.0,23.9717,0,5,1,0,0,200,0,0,0,0.95,1.0,0.961428571428572,0,5733,0,40.3809,0.0,0.0,0.0,9.1597,0.1277,0.4446,0.0,0.0,0.0,0.0,0.0,0,0,0.0,0.0,0.0,100.0,0.0,5,0
moderate,no_twin,2,True,,5,0.10204081632653061,0.0,97.0,-4.0,50.0,0.0,1.0397,1.0397,100.0,22.7456,0,5,1,1,0,200,0,0,0,0.0,1.0,0.9420408163265311,176,4753,0,38.5424,0.0,0.0,0.0,7.2822,0.1232,0.4473,12.990243458048628,0.09754141270825854,0.0,0.0,132.81664542713247,0,0,0.0,0.0,0.0,100.0,0.0,5,0
moderate,no_twin,3,True,,5,0.10204081632653061,0.0,108.0,-4.0,50.0,0.0,1.0551,1.0551,100.0,24.2255,0,5,1,0,0,200,0,0,0,0.95,1.0,0.961428571428572,0,5292,0,41.0911,0.0,0.0,0.0,8.8404,0.1391,0.4382,0.0,0.0,0.0,0.0,0.0,0,0,0.0,0.0,0.0,100.0,0.0,5,0
moderate,no_twin,4,True,,5,0.10204081632653061,0.0,142.0,-4.0,50.0,0.0,0.4738,0.4738,100.0,23.8063,0,5,1,1,0,200,0,0,0,0.0,1.0,0.9420408163265311,151,6958,0,44.4834,0.0,0.0,0.0,10.2863,0.1234,0.4943,24.117982632965248,0.16091921447160507,0.0,0.0,149.37633833634587,0,0,0.0,0.0,0.0,100.0,0.0,5,0
moderate,no_twin,5,True,,5,0.10204081632653061,0.0,90.0,-4.0,50.0,0.0,1.2421,1.2421,100.0,26.2539,0,5,1,0,0,200,0,0,0,0.95,1.0,0.961428571428572,0,4410,0,38.7095,0.0,0.0,0.0,7.5316,0.1159,0.4149,0.0,0.0,0.0,0.0,0.0,0,0,0.0,0.0,0.0,100.0,0.0,5,0
moderate,no_twin,6,True,,5,0.10204081632653061,0.0,143.0,-4.0,50.0,0.0,1.0736,1.0736,100.0,22.6063,0,5,1,1,0,200,0,0,0,0.0,1.0,0.9420408163265311,44,7007,0,42.8614,0.0,0.0,0.0,10.0173,0.1275,0.4093,20.28792365958337,0.5323258906115121,0.0,0.0,37.93896796385365,0,0,0.0,0.0,0.0,100.0,0.0,5,0
moderate,no_twin,7,True,,5,0.10204081632653061,0.0,139.0,-4.0,50.0,0.0,0.9735,0.9735,100.0,23.1428,0,5,1,1,0,200,0,0,0,0.0,1.0,0.9420408163265311,53,6811,0,41.1858,0.0,0.0,0.0,9.4649,0.1173,0.4055,15.352944510843527,0.3168675763580049,0.0,0.0,47.952242060567826,0,0,0.0,0.0,0.0,100.0,0.0,5,0
moderate,no_twin,8,True,,5,0.10204081632653061,0.0,106.0,-4.0,50.0,0.0,1.0966,1.0966,100.0,24.4636,0,5,1,0,0,200,0,0,0,0.95,1.0,0.961428571428572,0,5194,0,40.2657,0.0,0.0,0.0,7.5659,0.1105,0.3998,0.0,0.0,0.0,0.0,0.0,0,0,0.0,0.0,0.0,100.0,0.0,5,0
moderate,no_twin,9,True,,5,0.10204081632653061,0.0,159.0,-4.0,50.0,0.0,1.4391,1.4391,100.0,24.9642,0,5,1,0,0,200,0,0,0,0.95,1.0,0.961428571428572,0,7791,1,43.7707,0.0,0.0,0.0,9.9527,0.1174,0.3983,0.0,0.0,0.0,0.0,0.0,0,0,0.0,0.0,0.0,100.0,0.0,5,0
moderate,no_twin,10,True,,5,0.10204081632653061,0.0,139.0,-4.0,50.0,0.0,1.3864,1.3864,100.00000000000001,24.4925,0,5,1,0,0,200,0,0,0,0.95,1.0,0.961428571428572,0,6811,0,43.9281,0.0,0.0,0.0,9.3753,0.1032,0.3995,0.0,0.0,0.0,0.0,0.0,0,0,0.0,0.0,0.0,100.0,0.0,5,0
moderate,no_twin,11,True,,5,0.10204081632653061,0.0,172.0,-4.0,50.0,0.0,0.6036,0.6036,100.0,22.5757,0,5,1,1,0,200,0,0,0,0.0,1.0,0.9420408163265311,143,8428,3,44.0351,0.0,0.0,0.0,10.8243,0.1154,0.4168,32.46335889444827,0.4423125278898081,0.0,0.0,73.21686485390438,0,0,0.0,0.0,0.0,100.0,0.0,5,0
moderate,no_twin,12,True,,5,0.10204081632653061,0.0,119.0,-4.0,50.0,0.0,1.2143,1.2143,100.0,25.2687,0,5,1,0,0,200,0,0,0,0.95,1.0,0.961428571428572,0,5831,0,42.5709,0.0,0.0,0.0,8.4069,0.1202,0.4879,0.0,0.0,0.0,0.0,0.0,0,0,0.0,0.0,0.0,100.0,0.0,5,0
moderate,no_twin,13,True,,5,0.10204081632653061,0.0,119.0,-4.0,50.0,0.0,1.1607,1.1607,100.0,25.1663,0,5,1,0,0,200,0,0,0,0.95,1.0,0.961428571428572,0,5831,0,42.5728,0.0,0.0,0.0,9.0292,0.1228,0.4602,0.0,0.0,0.0,0.0,0.0,0,0,0.0,0.0,0.0,100.0,0.0,5,0
moderate,no_twin,14,True,,5,0.10204081632653061,0.0,112.0,-4.0,50.0,0.0,0.5378,0.5378,100.0,23.2096,0,5,1,0,0,200,0,0,0,0.95,1.0,0.961428571428572,0,5488,0,42.423,0.0,0.0,0.0,8.4689,0.1273,0.4553,0.0,0.0,0.0,0.0,0.0,0,0,0.0,0.0,0.0,100.0,0.0,5,0
moderate,no_twin,15,True,,5,0.10204081632653061,0.0,132.0,-4.0,50.0,0.0,1.5965,1.5965,100.0,24.2077,0,5,1,0,0,200,0,0,0,0.95,1.0,0.961428571428572,0,6468,0,41.4766,0.0,0.0,0.0,9.7353,0.1122,0.4274,0.0,0.0,0.0,0.0,0.0,0,0,0.0,0.0,0.0,100.0,0.0,5,0
moderate,no_twin,16,True,,5,0.10204081632653061,0.0,148.0,-4.0,50.0,0.0,1.0987,1.0987,100.0,24.0669,0,5,1,0,0,200,0,0,0,0.95,1.0,0.961428571428572,0,7252,3,44.5032,0.0,0.0,0.0,10.4614,0.1172,0.4045,0.0,0.0,0.0,0.0,0.0,0,0,0.0,0.0,0.0,100.0,0.0,5,0
moderate,no_twin,17,True,,5,0.10204081632653061,0.0,133.0,-4.0,50.0,0.0,0.8711,0.8711,100.0,22.7734,0,5,1,0,0,200,0,0,0,0.95,1.0,0.961428571428572,0,6517,0,41.3404,0.0,0.0,0.0,9.5015,0.1272,0.4261,0.0,0.0,0.0,0.0,0.0,0,0,0.0,0.0,0.0,100.0,0.0,5,0
moderate,no_twin,18,True,,5,0.10204081632653061,0.0,140.0,-4.0,50.0,0.0,0.8742,0.8742,100.0,24.3943,0,5,1,0,0,200,0,0,0,0.95,1.0,0.961428571428572,0,6860,0,43.7636,0.0,0.0,0.0,9.7324,0.1263,0.4085,0.0,0.0,0.0,0.0,0.0,0,0,0.0,0.0,0.0,100.0,0.0,5,0
moderate,no_twin,19,True,,5,0.10204081632653061,0.0,121.0,-4.0,50.0,0.0,1.3651,1.3651,100.0,24.5901,0,5,1,0,0,200,0,0,0,0.95,1.0,0.961428571428572,0,5929,0,41.3813,0.0,0.0,0.0,9.0415,0.1046,0.4386,0.0,0.0,0.0,0.0,0.0,0,0,0.0,0.0,0.0,100.0,0.0,5,0
moderate,no_twin,20,True,,5,0.10204081632653061,0.0,98.0,-4.0,50.0,0.0,1.5965,1.5965,100.0,25.7723,0,5,1,0,0,200,0,0,0,0.95,1.0,0.961428571428572,0,4802,0,42.073,0.0,0.0,0.0,8.1766,0.1252,0.449,0.0,0.0,0.0,0.0,0.0,0,0,0.0,0.0,0.0,100.0,0.0,5,0
moderate,no_twin,21,True,,5,0.10204081632653061,0.0,108.0,-4.0,50.0,0.0,1.138,1.138,100.0,24.084,0,5,1,0,0,200,0,0,0,0.95,1.0,0.961428571428572,0,5292,0,40.7192,0.0,0.0,0.0,8.3458,0.1052,0.4597,0.0,0.0,0.0,0.0,0.0,0,0,0.0,0.0,0.0,100.0,0.0,5,0
moderate,no_twin,22,True,,5,0.10204081632653061,0.0,118.0,-4.0,50.0,0.0,1.1957,1.1957,100.0,24.5114,0,5,1,1,0,200,0,0,0,0.0,1.0,0.9420408163265311,102,5782,0,41.9304,0.0,0.0,0.0,8.6115,0.1192,0.4172,35.54021449739259,0.38508445227778243,0.0,0.0,91.79200059148441,0,0,0.0,0.0,0.0,100.0,0.0,5,0
moderate,no_twin,23,True,,5,0.10204081632653061,0.0,98.0,-4.0,50.0,0.0,1.0666,1.0666,100.0,26.2159,0,5,1,1,0,200,0,0,0,0.0,1.0,0.9420408163265311,116,4802,0,40.7161,0.0,0.0,0.0,7.6663,0.1182,0.4191,38.86090979457326,0.34746349296572565,0.0,0.0,111.34170590953731,0,0,0.0,0.0,0.0,100.0,0.0,5,0
moderate,no_twin,24,True,,5,0.10204081632653061,0.0,145.0,-4.0,50.0,0.0,1.1586,1.1586,100.0,22.5102,0,5,1,1,0,200,0,0,0,0.0,1.0,0.9420408163265311,16,7105,0,41.206,0.0,0.0,0.0,10.246,0.1182,0.4465,5.590249463013205,0.3630163952440279,0.0,0.0,14.899440731197036,0,0,0.0,0.0,0.0,100.0,0.0,5,0
moderate,no_twin,25,True,,5,0.10204081632653061,0.0,109.0,-4.0,50.0,0.0,1.1066,1.1066,100.0,24.5199,0,5,1,1,0,200,0,0,0,0.0,1.0,0.9420408163265311,82,5341,0,40.0443,0.0,0.0,0.0,8.5107,0.1106,0.4176,13.133728535662495,0.24659900230652634,0.0,0.0,52.75945528091418,0,0,0.0,0.0,0.0,100.0,0.0,4,0
moderate,no_twin,26,True,,5,0.10204081632653061,0.0,132.0,-4.0,50.0,0.0,0.6362,0.6362,100.0,25.9595,0,5,1,0,0,200,0,0,0,0.95,1.0,0.961428571428572,0,6468,3,43.5262,0.0,0.0,0.0,9.6062,0.1178,0.4459,0.0,0.0,0.0,0.0,0.0,0,0,0.0,0.0,0.0,100.0,0.0,5,0
moderate,no_twin,27,True,,5,0.10204081632653061,0.0,131.0,-4.0,50.0,0.0,1.3748,1.3748,100.0,24.3339,0,5,1,0,0,200,0,0,0,0.95,1.0,0.961428571428572,0,6419,0,44.299,0.0,0.0,0.0,9.2785,0.1248,0.4346,0.0,0.0,0.0,0.0,0.0,0,0,0.0,0.0,0.0,100.0,0.0,4,0
moderate,no_twin,28,True,,5,0.10204081632653061,0.0,106.0,-4.0,50.0,0.0,1.2373,1.2373,100.0,25.9592,0,5,1,0,0,200,0,0,0,0.95,1.0,0.961428571428572,0,5194,0,41.8356,0.0,0.0,0.0,7.8582,0.1082,0.4308,0.0,0.0,0.0,0.0,0.0,0,0,0.0,0.0,0.0,100.0,0.0,5,0
moderate,no_twin,29,True,,5,0.10204081632653061,0.0,108.0,-4.0,50.0,0.0,1.0063,1.0063,100.0,24.7725,0,5,1,0,0,200,0,0,0,0.95,1.0,0.961428571428572,0,5292,0,41.9079,0.0,0.0,0.0,8.2704,0.1223,0.4195,0.0,0.0,0.0,0.0,0.0,0,0,0.0,0.0,0.0,100.0,0.0,5,0
moderate,no_predictive,0,True,,5,0.10204081632653061,0.0,108.0,-4.0,50.0,0.0,1.0333,1.0333,100.0,25.915,0,5,1,0,0,200,0,0,0,0.95,1.0,0.961428571428572,0,5292,0,41.0246,0.0,0.0,0.0,1.0785,0.1031,0.4202,0.0,0.0,0.0,0.0,0.0,0,0,0.0,0.0,0.0,100.0,0.0,5,0
moderate,no_predictive,1,True,,5,0.10204081632653061,0.0,117.0,-4.0,50.0,0.0,1.0163,1.0163,100.0,23.9717,0,5,1,0,0,200,0,0,0,0.95,1.0,0.961428571428572,0,5733,0,40.3809,0.0,0.0,0.0,1.1505,0.1115,0.4425,0.0,0.0,0.0,0.0,0.0,0,0,0.0,0.0,0.0,100.0,0.0,5,0
moderate,no_predictive,2,True,,5,0.10204081632653061,0.0,97.0,-4.0,50.0,0.0,1.0397,1.0397,100.0,22.7456,0,5,1,1,0,200,0,0,0,0.0,1.0,0.9420408163265311,176,4753,0,38.5424,0.0,0.0,0.0,1.1458,0.1272,0.4313,12.990243458048628,0.09754141270825854,0.0,0.0,132.81664542713247,0,0,0.0,0.0,0.0,100.0,0.0,5,0
moderate,no_predictive,3,True,,5,0.10204081632653061,0.0,108.0,-4.0,50.0,0.0,1.0551,1.0551,100.0,24.2255,0,5,1,0,0,200,0,0,0,0.95,1.0,0.961428571428572,0,5292,0,41.0911,0.0,0.0,0.0,1.1048,0.1171,0.4346,0.0,0.0,0.0,0.0,0.0,0,0,0.0,0.0,0.0,100.0,0.0,5,0
moderate,no_predictive,4,True,,5,0.10204081632653061,0.0,142.0,-4.0,50.0,0.0,0.4738,0.4738,100.0,23.8063,0,5,1,1,0,200,0,0,0,0.0,1.0,0.9420408163265311,151,6958,0,44.4834,0.0,0.0,0.0,1.1127,0.1111,0.4202,24.117982632965248,0.16091921447160507,0.0,0.0,149.37633833634587,0,0,0.0,0.0,0.0,100.0,0.0,5,0
moderate,no_predictive,5,True,,5,0.10204081632653061,0.0,90.0,-4.0,50.0,0.0,1.2421,1.2421,100.0,26.2539,0,5,1,0,0,200,0,0,0,0.95,1.0,0.961428571428572,0,4410,0,38.7095,0.0,0.0,0.0,1.1452,0.0792,0.4465,0.0,0.0,0.0,0.0,0.0,0,0,0.0,0.0,0.0,100.0,0.0,5,0
moderate,no_predictive,6,True,,5,0.10204081632653061,0.0,143.0,-4.0,50.0,0.0,1.0736,1.0736,100.0,22.6063,0,5,1,1,0,200,0,0,0,0.0,1.0,0.9420408163265311,44,7007,0,42.8614,0.0,0.0,0.0,1.1932,0.1047,0.4638,20.28792365958337,0.5323258906115121,0.0,0.0,37.93896796385365,0,0,0.0,0.0,0.0,100.0,0.0,5,0
moderate,no_predictive,7,True,,5,0.10204081632653061,0.0,139.0,-4.0,50.0,0.0,0.9735,0.9735,100.0,23.1428,0,5,1,1,0,200,0,0,0,0.0,1.0,0.9420408163265311,53,6811,0,41.1858,0.0,0.0,0.0,1.1151,0.0712,0.4367,15.352944510843527,0.3168675763580049,0.0,0.0,47.952242060567826,0,0,0.0,0.0,0.0,100.0,0.0,5,0
moderate,no_predictive,8,True,,5,0.10204081632653061,0.0,106.0,-4.0,50.0,0.0,1.0966,1.0966,100.0,24.4636,0,5,1,0,0,200,0,0,0,0.95,1.0,0.961428571428572,0,5194,0,40.2657,0.0,0.0,0.0,1.2044,0.1307,0.4746,0.0,0.0,0.0,0.0,0.0,0,0,0.0,0.0,0.0,100.0,0.0,5,0
moderate,no_predictive,9,True,,5,0.10204081632653061,0.0,159.0,-4.0,50.0,0.0,1.4391,1.4391,100.0,24.9642,0,5,1,0,0,200,0,0,0,0.95,1.0,0.961428571428572,0,7791,1,43.7707,0.0,0.0,0.0,1.1356,0.1021,0.45,0.0,0.0,0.0,0.0,0.0,0,0,0.0,0.0,0.0,100.0,0.0,5,0
moderate,no_predictive,10,True,,5,0.10204081632653061,0.0,139.0,-4.0,50.0,0.0,1.3864,1.3864,100.00000000000001,24.4925,0,5,1,0,0,200,0,0,0,0.95,1.0,0.961428571428572,0,6811,0,43.9281,0.0,0.0,0.0,1.1379,0.1333,0.4308,0.0,0.0,0.0,0.0,0.0,0,0,0.0,0.0,0.0,100.0,0.0,5,0
moderate,no_predictive,11,True,,5,0.10204081632653061,0.0,172.0,-4.0,50.0,0.0,0.6036,0.6036,100.0,22.5757,0,5,1,1,0,200,0,0,0,0.0,1.0,0.9420408163265311,143,8428,3,44.0351,0.0,0.0,0.0,1.2007,0.0952,0.4688,32.46335889444827,0.4423125278898081,0.0,0.0,73.21686485390438,0,0,0.0,0.0,0.0,100.0,0.0,5,0
moderate,no_predictive,12,True,,5,0.10204081632653061,0.0,119.0,-4.0,50.0,0.0,1.2143,1.2143,100.0,25.2687,0,5,1,0,0,200,0,0,0,0.95,1.0,0.961428571428572,0,5831,0,42.5709,0.0,0.0,0.0,1.0945,0.0972,0.4223,0.0,0.0,0.0,0.0,0.0,0,0,0.0,0.0,0.0,100.0,0.0,5,0
moderate,no_predictive,13,True,,5,0.10204081632653061,0.0,119.0,-4.0,50.0,0.0,1.1607,1.1607,100.0,25.1663,0,5,1,0,0,200,0,0,0,0.95,1.0,0.961428571428572,0,5831,0,42.5728,0.0,0.0,0.0,1.1053,0.1091,0.4176,0.0,0.0,0.0,0.0,0.0,0,0,0.0,0.0,0.0,100.0,0.0,5,0
moderate,no_predictive,14,True,,5,0.10204081632653061,0.0,112.0,-4.0,50.0,0.0,0.5378,0.5378,100.0,23.2096,0,5,1,0,0,200,0,0,0,0.95,1.0,0.961428571428572,0,5488,0,42.423,0.0,0.0,0.0,1.1285,0.1257,0.4339,0.0,0.0,0.0,0.0,0.0,0,0,0.0,0.0,0.0,100.0,0.0,5,0
moderate,no_predictive,15,True,,5,0.10204081632653061,0.0,132.0,-4.0,50.0,0.0,1.5965,1.5965,100.0,24.2077,0,5,1,0,0,200,0,0,0,0.95,1.0,0.961428571428572,0,6468,0,41.4766,0.0,0.0,0.0,1.1392,0.1251,0.4505,0.0,0.0,0.0,0.0,0.0,0,0,0.0,0.0,0.0,100.0,0.0,5,0
moderate,no_predictive,16,True,,5,0.10204081632653061,0.0,148.0,-4.0,50.0,0.0,1.0987,1.0987,100.0,24.0669,0,5,1,0,0,200,0,0,0,0.95,1.0,0.961428571428572,0,7252,3,44.5032,0.0,0.0,0.0,1.114,0.1082,0.4164,0.0,0.0,0.0,0.0,0.0,0,0,0.0,0.0,0.0,100.0,0.0,5,0
moderate,no_predictive,17,True,,5,0.10204081632653061,0.0,133.0,-4.0,50.0,0.0,0.8711,0.8711,100.0,22.7734,0,5,1,0,0,200,0,0,0,0.95,1.0,0.961428571428572,0,6517,0,41.3404,0.0,0.0,0.0,1.0885,0.1427,0.4064,0.0,0.0,0.0,0.0,0.0,0,0,0.0,0.0,0.0,100.0,0.0,5,0
moderate,no_predictive,18,True,,5,0.10204081632653061,0.0,140.0,-4.0,50.0,0.0,0.8742,0.8742,100.0,24.3943,0,5,1,0,0,200,0,0,0,0.95,1.0,0.961428571428572,0,6860,0,43.7636,0.0,0.0,0.0,1.2052,0.1292,0.4657,0.0,0.0,0.0,0.0,0.0,0,0,0.0,0.0,0.0,100.0,0.0,5,0
moderate,no_predictive,19,True,,5,0.10204081632653061,0.0,121.0,-4.0,50.0,0.0,1.3651,1.3651,100.0,24.5901,0,5,1,0,0,200,0,0,0,0.95,1.0,0.961428571428572,0,5929,0,41.3813,0.0,0.0,0.0,1.1565,0.1272,0.4452,0.0,0.0,0.0,0.0,0.0,0,0,0.0,0.0,0.0,100.0,0.0,5,0
moderate,no_predictive,20,True,,5,0.10204081632653061,0.0,98.0,-4.0,50.0,0.0,1.5965,1.5965,100.0,25.7723,0,5,1,0,0,200,0,0,0,0.95,1.0,0.961428571428572,0,4802,0,42.073,0.0,0.0,0.0,1.0792,0.0721,0.4184,0.0,0.0,0.0,0.0,0.0,0,0,0.0,0.0,0.0,100.0,0.0,5,0
moderate,no_predictive,21,True,,5,0.10204081632653061,0.0,108.0,-4.0,50.0,0.0,1.138,1.138,100.0,24.084,0,5,1,0,0,200,0,0,0,0.95,1.0,0.961428571428572,0,5292,0,40.7192,0.0,0.0,0.0,1.1169,0.1131,0.4346,0.0,0.0,0.0,0.0,0.0,0,0,0.0,0.0,0.0,100.0,0.0,5,0
moderate,no_predictive,22,True,,5,0.10204081632653061,0.0,118.0,-4.0,50.0,0.0,1.1957,1.1957,100.0,24.5114,0,5,1,1,0,200,0,0,0,0.0,1.0,0.9420408163265311,102,5782,0,41.9304,0.0,0.0,0.0,1.1378,0.1237,0.4326,35.54021449739259,0.38508445227778243,0.0,0.0,91.79200059148441,0,0,0.0,0.0,0.0,100.0,0.0,5,0
moderate,no_predictive,23,True,,5,0.10204081632653061,0.0,98.0,-4.0,50.0,0.0,1.0666,1.0666,100.0,26.2159,0,5,1,1,0,200,0,0,0,0.0,1.0,0.9420408163265311,116,4802,0,40.7161,0.0,0.0,0.0,1.0771,0.0861,0.408,38.86090979457326,0.34746349296572565,0.0,0.0,111.34170590953731,0,0,0.0,0.0,0.0,100.0,0.0,5,0
moderate,no_predictive,24,True,,5,0.10204081632653061,0.0,145.0,-4.0,50.0,0.0,1.1586,1.1586,100.0,22.5102,0,5,1,1,0,200,0,0,0,0.0,1.0,0.9420408163265311,16,7105,0,41.206,0.0,0.0,0.0,1.1168,0.1002,0.4368,5.590249463013205,0.3630163952440279,0.0,0.0,14.899440731197036,0,0,0.0,0.0,0.0,100.0,0.0,5,0
moderate,no_predictive,25,True,,5,0.10204081632653061,0.0,109.0,-4.0,50.0,0.0,1.1066,1.1066,100.0,24.5199,0,5,1,1,0,200,0,0,0,0.0,1.0,0.9420408163265311,82,5341,0,40.0443,0.0,0.0,0.0,1.1663,0.1248,0.4472,13.133728535662495,0.24659900230652634,0.0,0.0,52.75945528091418,0,0,0.0,0.0,0.0,100.0,0.0,4,0
moderate,no_predictive,26,True,,5,0.10204081632653061,0.0,132.0,-4.0,50.0,0.0,0.6362,0.6362,100.0,25.9595,0,5,1,0,0,200,0,0,0,0.95,1.0,0.961428571428572,0,6468,3,43.5262,0.0,0.0,0.0,1.1344,0.1342,0.4319,0.0,0.0,0.0,0.0,0.0,0,0,0.0,0.0,0.0,100.0,0.0,5,0
moderate,no_predictive,27,True,,5,0.10204081632653061,0.0,131.0,-4.0,50.0,0.0,1.3748,1.3748,100.0,24.3339,0,5,1,0,0,200,0,0,0,0.95,1.0,0.961428571428572,0,6419,0,44.299,0.0,0.0,0.0,1.1449,0.1012,0.4423,0.0,0.0,0.0,0.0,0.0,0,0,0.0,0.0,0.0,100.0,0.0,4,0
moderate,no_predictive,28,True,,5,0.10204081632653061,0.0,106.0,-4.0,50.0,0.0,1.2373,1.2373,100.0,25.9592,0,5,1,0,0,200,0,0,0,0.95,1.0,0.961428571428572,0,5194,0,41.8356,0.0,0.0,0.0,1.0731,0.1271,0.418,0.0,0.0,0.0,0.0,0.0,0,0,0.0,0.0,0.0,100.0,0.0,5,0
moderate,no_predictive,29,True,,5,0.10204081632653061,0.0,108.0,-4.0,50.0,0.0,1.0063,1.0063,100.0,24.7725,0,5,1,0,0,200,0,0,0,0.95,1.0,0.961428571428572,0,5292,0,41.9079,0.0,0.0,0.0,1.1393,0.1041,0.4401,0.0,0.0,0.0,0.0,0.0,0,0,0.0,0.0,0.0,100.0,0.0,5,0
moderate,no_reward,0,True,,5,0.10204081632653061,0.0,108.0,-4.0,50.0,0.0,1.0333,1.0333,100.0,25.915,0,5,1,0,0,200,0,0,0,0.95,1.0,0.961428571428572,0,5292,0,41.0246,0.0,0.0,0.0,1.2161,0.1264,0.4322,0.0,0.0,0.0,0.0,0.0,0,0,0.0,0.0,0.0,100.0,0.0,5,0
moderate,no_reward,1,True,,5,0.10204081632653061,0.0,117.0,-4.0,50.0,0.0,1.0163,1.0163,100.0,23.9717,0,5,1,0,0,200,0,0,0,0.95,1.0,0.961428571428572,0,5733,0,40.3809,0.0,0.0,0.0,1.2114,0.1176,0.4256,0.0,0.0,0.0,0.0,0.0,0,0,0.0,0.0,0.0,100.0,0.0,5,0
moderate,no_reward,2,True,,5,0.10204081632653061,0.0,97.0,-4.0,50.0,0.0,1.0397,1.0397,100.0,22.7456,0,5,1,1,0,200,0,0,0,0.0,1.0,0.9420408163265311,176,4753,0,38.5424,0.0,0.0,0.0,1.2568,0.1217,0.4436,12.990243458048628,0.09754141270825854,0.0,0.0,132.81664542713247,0,0,0.0,0.0,0.0,100.0,0.0,5,0
moderate,no_reward,3,True,,5,0.10204081632653061,0.0,108.0,-4.0,50.0,0.0,1.0551,1.0551,100.0,24.2255,0,5,1,0,0,200,0,0,0,0.95,1.0,0.961428571428572,0,5292,0,41.0911,0.0,0.0,0.0,1.2306,0.1124,0.4338,0.0,0.0,0.0,0.0,0.0,0,0,0.0,0.0,0.0,100.0,0.0,5,0
moderate,no_reward,4,True,,5,0.10204081632653061,0.0,142.0,-4.0,50.0,0.0,0.4738,0.4738,100.0,23.8063,0,5,1,1,0,200,0,0,0,0.0,1.0,0.9420408163265311,151,6958,0,44.4834,0.0,0.0,0.0,1.2229,0.1092,0.4262,24.117982632965248,0.16091921447160507,0.0,0.0,149.37633833634587,0,0,0.0,0.0,0.0,100.0,0.0,5,0
moderate,no_reward,5,True,,5,0.10204081632653061,0.0,90.0,-4.0,50.0,0.0,1.2421,1.2421,100.0,26.2539,0,5,1,0,0,200,0,0,0,0.95,1.0,0.961428571428572,0,4410,0,38.7095,0.0,0.0,0.0,1.306,0.1092,0.4578,0.0,0.0,0.0,0.0,0.0,0,0,0.0,0.0,0.0,100.0,0.0,5,0
moderate,no_reward,6,True,,5,0.10204081632653061,0.0,143.0,-4.0,50.0,0.0,1.0736,1.0736,100.0,22.6063,0,5,1,1,0,200,0,0,0,0.0,1.0,0.9420408163265311,44,7007,0,42.8614,0.0,0.0,0.0,1.2204,0.1267,0.4332,20.28792365958337,0.5323258906115121,0.0,0.0,37.93896796385365,0,0,0.0,0.0,0.0,100.0,0.0,5,0
moderate,no_reward,7,True,,5,0.10204081632653061,0.0,139.0,-4.0,50.0,0.0,0.9735,0.9735,100.0,23.1428,0,5,1,1,0,200,0,0,0,0.0,1.0,0.9420408163265311,53,6811,0,41.1858,0.0,0.0,0.0,1.2174,0.1133,0.4248,15.352944510843527,0.3168675763580049,0.0,0.0,47.952242060567826,0,0,0.0,0.0,0.0,100.0,0.0,5,0
moderate,no_reward,8,True,,5,0.10204081632653061,0.0,106.0,-4.0,50.0,0.0,1.0966,1.0966,100.0,24.4636,0,5,1,0,0,200,0,0,0,0.95,1.0,0.961428571428572,0,5194,0,40.2657,0.0,0.0,0.0,1.2596,0.1132,0.4465,0.0,0.0,0.0,0.0,0.0,0,0,0.0,0.0,0.0,100.0,0.0,5,0
moderate,no_reward,9,True,,5,0.10204081632653061,0.0,159.0,-4.0,50.0,0.0,1.4391,1.4391,100.0,24.9642,0,5,1,0,0,200,0,0,0,0.95,1.0,0.961428571428572,0,7791,1,43.7707,0.0,0.0,0.0,1.1982,0.1131,0.4164,0.0,0.0,0.0,0.0,0.0,0,0,0.0,0.0,0.0,100.0,0.0,5,0
moderate,no_reward,10,True,,5,0.10204081632653061,0.0,139.0,-4.0,50.0,0.0,1.3864,1.3864,100.00000000000001,24.4925,0,5,1,0,0,200,0,0,0,0.95,1.0,0.961428571428572,0,6811,0,43.9281,0.0,0.0,0.0,1.2236,0.1163,0.4255,0.0,0.0,0.0,0.0,0.0,0,0,0.0,0.0,0.0,100.0,0.0,5,0
moderate,no_reward,11,True,,5,0.10204081632653061,0.0,172.0,-4.0,50.0,0.0,0.6036,0.6036,100.0,22.5757,0,5,1,1,0,200,0,0,0,0.0,1.0,0.9420408163265311,143,8428,3,44.0351,0.0,0.0,0.0,1.2542,0.1197,0.4367,32.46335889444827,0.4423125278898081,0.0,0.0,73.21686485390438,0,0,0.0,0.0,0.0,100.0,0.0,5,0
moderate,no_reward,12,True,,5,0.10204081632653061,0.0,119.0,-4.0,50.0,0.0,1.2143,1.2143,100.0,25.2687,0,5,1,0,0,200,0,0,0,0.95,1.0,0.961428571428572,0,5831,0,42.5709,0.0,0.0,0.0,1.3541,0.1127,0.4793,0.0,0.0,0.0,0.0,0.0,0,0,0.0,0.0,0.0,100.0,0.0,5,0
moderate,no_reward,13,True,,5,0.10204081632653061,0.0,119.0,-4.0,50.0,0.0,1.1607,1.1607,100.0,25.1663,0,5,1,0,0,200,0,0,0,0.95,1.0,0.961428571428572,0,5831,0,42.5728,0.0,0.0,0.0,1.2064,0.1172,0.4216,0.0,0.0,0.0,0.0,0.0,0,0,0.0,0.0,0.0,100.0,0.0,5,0
moderate,no_reward,14,True,,5,0.10204081632653061,0.0,112.0,-4.0,50.0,0.0,0.5378,0.5378,100.0,23.2096,0,5,1,0,0,200,0,0,0,0.95,1.0,0.961428571428572,0,5488,0,42.423,0.0,0.0,0.0,1.2774,0.1182,0.4486,0.0,0.0,0.0,0.0,0.0,0,0,0.0,0.0,0.0,100.0,0.0,5,0
moderate,no_reward,15,True,,5,0.10204081632653061,0.0,132.0,-4.0,50.0,0.0,1.5965,1.5965,100.0,24.2077,0,5,1,0,0,200,0,0,0,0.95,1.0,0.961428571428572,0,6468,0,41.4766,0.0,0.0,0.0,1.187,0.1151,0.4112,0.0,0.0,0.0,0.0,0.0,0,0,0.0,0.0,0.0,100.0,0.0,5,0
moderate,no_reward,16,True,,5,0.10204081632653061,0.0,148.0,-4.0,50.0,0.0,1.0987,1.0987,100.0,24.0669,0,5,1,0,0,200,0,0,0,0.95,1.0,0.961428571428572,0,7252,3,44.5032,0.0,0.0,0.0,1.2172,0.1092,0.4189,0.0,0.0,0.0,0.0,0.0,0,0,0.0,0.0,0.0,100.0,0.0,5,0
moderate,no_reward,17,True,,5,0.10204081632653061,0.0,133.0,-4.0,50.0,0.0,0.8711,0.8711,100.0,22.7734,0,5,1,0,0,200,0,0,0,0.95,1.0,0.961428571428572,0,6517,0,41.3404,0.0,0.0,0.0,1.2968,0.1082,0.4574,0.0,0.0,0.0,0.0,0.0,0,0,0.0,0.0,0.0,100.0,0.0,5,0
moderate,no_reward,18,True,,5,0.10204081632653061,0.0,140.0,-4.0,50.0,0.0,0.8742,0.8742,100.0,24.3943,0,5,1,0,0,200,0,0,0,0.95,1.0,0.961428571428572,0,6860,0,43.7636,0.0,0.0,0.0,1.2606,0.0991,0.4421,0.0,0.0,0.0,0.0,0.0,0,0,0.0,0.0,0.0,100.0,0.0,5,0
moderate,no_reward,19,True,,5,0.10204081632653061,0.0,121.0,-4.0,50.0,0.0,1.3651,1.3651,100.0,24.5901,0,5,1,0,0,200,0,0,0,0.95,1.0,0.961428571428572,0,5929,0,41.3813,0.0,0.0,0.0,1.2536,0.1261,0.4508,0.0,0.0,0.0,0.0,0.0,0,0,0.0,0.0,0.0,100.0,0.0,5,0
moderate,no_reward,20,True,,5,0.10204081632653061,0.0,98.0,-4.0,50.0,0.0,1.5965,1.5965,100.0,25.7723,0,5,1,0,0,200,0,0,0,0.95,1.0,0.961428571428572,0,4802,0,42.073,0.0,0.0,0.0,1.3264,0.1067,0.4693,0.0,0.0,0.0,0.0,0.0,0,0,0.0,0.0,0.0,100.0,0.0,5,0
moderate,no_reward,21,True,,5,0.10204081632653061,0.0,108.0,-4.0,50.0,0.0,1.138,1.138,100.0,24.084,0,5,1,0,0,200,0,0,0,0.95,1.0,0.961428571428572,0,5292,0,40.7192,0.0,0.0,0.0,1.2207,0.1062,0.4211,0.0,0.0,0.0,0.0,0.0,0,0,0.0,0.0,0.0,100.0,0.0,5,0
moderate,no_reward,22,True,,5,0.10204081632653061,0.0,118.0,-4.0,50.0,0.0,1.1957,1.1957,100.0,24.5114,0,5,1,1,0,200,0,0,0,0.0,1.0,0.9420408163265311,102,5782,0,41.9304,0.0,0.0,0.0,1.1941,0.1172,0.4117,35.54021449739259,0.38508445227778243,0.0,0.0,91.79200059148441,0,0,0.0,0.0,0.0,100.0,0.0,5,0
moderate,no_reward,23,True,,5,0.10204081632653061,0.0,98.0,-4.0,50.0,0.0,1.0666,1.0666,100.0,26.2159,0,5,1,1,0,200,0,0,0,0.0,1.0,0.9420408163265311,116,4802,0,40.7161,0.0,0.0,0.0,1.2789,0.0991,0.448,38.86090979457326,0.34746349296572565,0.0,0.0,111.34170590953731,0,0,0.0,0.0,0.0,100.0,0.0,5,0
moderate,no_reward,24,True,,5,0.10204081632653061,0.0,145.0,-4.0,50.0,0.0,1.1586,1.1586,100.0,22.5102,0,5,1,1,0,200,0,0,0,0.0,1.0,0.9420408163265311,16,7105,0,41.206,0.0,0.0,0.0,1.207,0.1272,0.4313,5.590249463013205,0.3630163952440279,0.0,0.0,14.899440731197036,0,0,0.0,0.0,0.0,100.0,0.0,5,0
moderate,no_reward,25,True,,5,0.10204081632653061,0.0,109.0,-4.0,50.0,0.0,1.1066,1.1066,100.0,24.5199,0,5,1,1,0,200,0,0,0,0.0,1.0,0.9420408163265311,82,5341,0,40.0443,0.0,0.0,0.0,1.2455,0.1141,0.4431,13.133728535662495,0.24659900230652634,0.0,0.0,52.75945528091418,0,0,0.0,0.0,0.0,100.0,0.0,4,0
moderate,no_reward,26,True,,5,0.10204081632653061,0.0,132.0,-4.0,50.0,0.0,0.6362,0.6362,100.0,25.9595,0,5,1,0,0,200,0,0,0,0.95,1.0,0.961428571428572,0,6468,3,43.5262,0.0,0.0,0.0,1.3004,0.1032,0.4615,0.0,0.0,0.0,0.0,0.0,0,0,0.0,0.0,0.0,100.0,0.0,5,0
moderate,no_reward,27,True,,5,0.10204081632653061,0.0,131.0,-4.0,50.0,0.0,1.3748,1.3748,100.0,24.3339,0,5,1,0,0,200,0,0,0,0.95,1.0,0.961428571428572,0,6419,0,44.299,0.0,0.0,0.0,1.1873,0.0997,0.4052,0.0,0.0,0.0,0.0,0.0,0,0,0.0,0.0,0.0,100.0,0.0,4,0
moderate,no_reward,28,True,,5,0.10204081632653061,0.0,106.0,-4.0,50.0,0.0,1.2373,1.2373,100.0,25.9592,0,5,1,0,0,200,0,0,0,0.95,1.0,0.961428571428572,0,5194,0,41.8356,0.0,0.0,0.0,1.2148,0.0972,0.4192,0.0,0.0,0.0,0.0,0.0,0,0,0.0,0.0,0.0,100.0,0.0,5,0
moderate,no_reward,29,True,,5,0.10204081632653061,0.0,108.0,-4.0,50.0,0.0,1.0063,1.0063,100.0,24.7725,0,5,1,0,0,200,0,0,0,0.95,1.0,0.961428571428572,0,5292,0,41.9079,0.0,0.0,0.0,1.2798,0.1232,0.4567,0.0,0.0,0.0,0.0,0.0,0,0,0.0,0.0,0.0,100.0,0.0,5,0
severe,persistence,0,True,,8,0.16326530612244897,0.0,200.0,-7.0,80.0,0.0,2.5,0.0,0.0,62.2648,0,8,1,43,0,0,0,0,0,0.0,1.0,0.12224489795918368,7482,9800,18,12.3955,0.0,0.0,0.0,0.4913,0.0,0.17,8224.073427073588,47.264789810767546,0.0,0.0,173.5,0,0,0.0,2.5,-2.5,100.0,0.0,8,0
severe,persistence,1,True,,8,0.16326530612244897,0.0,200.0,-7.0,80.0,0.0,2.5,0.0,0.0,61.6973,0,8,1,43,0,0,0,0,0,0.0,1.0,0.12224489795918368,7482,9800,16,12.782,0.0,0.0,0.0,0.409,0.0,0.1389,8148.187677336194,46.8909951563062,0.0,0.0,173.27077378751255,0,0,0.0,2.5,-2.5,100.0,0.0,7,0
severe,persistence,2,True,,8,0.16326530612244897,0.0,200.0,-7.0,80.0,0.0,2.5,0.0,0.0,61.0516,0,8,1,43,0,0,0,0,0,0.0,1.0,0.12224489795918368,7526,9800,17,11.2492,0.0,0.0,0.0,0.4128,0.0,0.1368,8047.931183636945,46.051578533843696,0.0,0.0,174.25907319273392,0,0,0.0,2.5,-2.5,100.0,0.0,8,0
severe,persistence,3,True,,8,0.16326530612244897,0.0,200.0,-7.0,80.0,0.0,2.5,0.0,0.0,63.3267,0,8,1,43,0,0,0,0,0,0.0,1.0,0.12224489795918368,7439,9800,19,11.9884,0.0,0.0,0.0,0.4158,0.0,0.1403,8360.519456912674,48.32670206307897,0.0,0.0,172.5,0,0,0.0,2.5,-2.5,100.0,0.0,8,0
severe,persistence,4,True,,8,0.16326530612244897,0.0,200.0,-7.0,80.0,0.0,2.424,0.0,0.0,64.3035,0,8,1,43,0,0,0,0,0,0.0,1.0,0.12224489795918368,7439,9800,20,14.7752,0.0,0.0,0.0,0.4121,0.0,0.1405,8529.36098461002,49.30348913260563,0.0,0.0,172.49710699317026,0,0,0.0,2.4240033214398347,-2.4240033214398347,100.0,0.0,8,0
severe,persistence,5,True,,8,0.16326530612244897,0.0,200.0,-7.0,80.0,0.0,2.4997,0.0,0.0,62.3443,0,8,1,43,0,0,0,0,0,0.0,1.0,0.12224489795918368,7482,9800,20,11.8092,0.0,0.0,0.0,0.4167,0.0,0.1416,8237.902134997135,47.34426514366173,0.0,0.0,173.5,0,0,0.0,2.499665546617952,-2.499665546617952,100.0,0.0,8,0
severe,persistence,6,True,,8,0.16326530612244897,0.0,200.0,-7.0,80.0,0.0,2.4133,0.0,0.0,63.2006,0,8,1,43,0,0,0,0,0,0.0,1.0,0.12224489795918368,7482,9800,18,12.7322,0.0,0.0,0.0,0.4023,0.002,0.1356,8347.191470305113,48.20061274799806,0.0,0.0,172.67604475166723,0,0,0.0,2.413337908504319,-2.413337908504319,100.0,0.0,8,0
severe,persistence,7,True,,8,0.16326530612244897,0.0,200.0,-7.0,80.0,0.0,2.5,0.0,0.0,63.668,0,8,1,43,0,0,0,0,0,0.0,1.0,0.12224489795918368,7439,9800,19,13.2421,0.0,0.0,0.0,0.4255,0.0,0.1404,8409.19926402206,48.66801477654715,0.0,0.0,172.28697934632854,0,0,0.0,2.5,-2.5,100.0,0.0,7,0
severe,persistence,8,True,,8,0.16326530612244897,0.0,200.0,-7.0,80.0,0.0,2.5,0.0,0.0,62.6524,0,8,1,43,0,0,0,0,0,0.0,1.0,0.12224489795918368,7445,9800,19,11.6463,0.0,0.0,0.0,0.4162,0.0,0.1382,8237.495305241555,47.65244557826692,0.0,0.0,172.36616049352216,0,0,0.0,2.5,-2.5,100.0,0.0,8,0
severe,persistence,9,True,,8,0.16326530612244897,0.0,200.0,-7.0,80.0,0.0,2.5,0.0,0.0,64.2547,0,8,1,43,0,0,0,0,0,0.0,1.0,0.12224489795918368,7439,9800,23,14.556,0.0,0.0,0.0,0.4215,0.0,0.14,8521.070675012816,49.25474378620117,0.0,0.0,172.5,0,0,0.0,2.5,-2.5,100.0,0.0,8,0
severe,persistence,10,True,,8,0.16326530612244897,0.0,200.0,-7.0,80.0,0.0,2.3448,0.0,0.0,62.0036,0,8,1,43,0,0,0,0,0,0.0,1.0,0.12224489795918368,7482,9800,15,13.885,0.0,0.0,0.0,0.4181,0.0,0.1417,8178.622829187955,47.00357947809179,0.0,0.0,173.5,0,0,0.0,2.3448373864580443,-2.3448373864580443,100.0,0.0,7,0
severe,persistence,11,True,,8,0.16326530612244897,0.0,200.0,-7.0,80.0,0.0,2.5,0.0,0.0,65.2867,0,8,1,43,0,0,0,0,0,0.0,1.0,0.12224489795918368,7353,9800,24,14.2366,0.0,0.0,0.0,0.4788,0.0,0.1632,8599.021365235405,50.28667465049935,0.0,0.0,170.5,0,0,0.0,2.5,-2.5,100.0,0.0,8,0
severe,persistence,12,True,,8,0.16326530612244897,0.0,200.0,-7.0,80.0,0.0,2.4942,0.0,0.0,61.8588,0,8,1,43,0,0,0,0,0,0.0,1.0,0.12224489795918368,7482,9800,17,13.0151,0.0,0.0,0.0,0.416,0.0,0.1397,8154.182607507296,46.863118433949886,0.0,0.0,173.5,0,0,0.0,2.494191818312885,-2.494191818312885,100.0,0.0,8,0
severe,persistence,13,True,,8,0.16326530612244897,0.0,200.0,-7.0,80.0,0.0,2.5,0.0,0.0,62.3554,0,8,1,43,0,0,0,0,0,0.0,1.0,0.12224489795918368,7482,9800,18,13.7224,0.0,0.0,0.0,0.418,0.0,0.1425,8239.833866152818,47.35536704685514,0.0,0.0,173.5,0,0,0.0,2.5,-2.5,100.0,0.0,8,0
severe,persistence,14,True,,8,0.16326530612244897,0.0,200.0,-7.0,80.0,0.0,2.2345,0.0,0.0,62.6223,0,8,1,43,0,0,0,0,0,0.0,1.0,0.12224489795918368,7439,9800,16,13.71,0.0,0.0,0.0,0.4217,0.0,0.1394,8238.66442522158,47.622337718043624,0.0,0.0,172.5,0,0,0.0,2.234528796260181,-2.234528796260181,100.0,0.0,8,0
severe,persistence,15,True,,8,0.16326530612244897,0.0,200.0,-7.0,80.0,0.0,2.2922,0.0,0.0,61.6253,0,8,1,43,0,0,0,0,0,0.0,1.0,0.12224489795918368,7482,9800,14,13.1275,0.0,0.0,0.0,0.393,0.0,0.134,8114.332750508701,46.63409626729153,0.0,0.0,173.5,0,0,0.0,2.29224735626841,-2.29224735626841,100.0,0.0,8,0
severe,persistence,16,True,,8,0.16326530612244897,0.0,199.0,-7.0,80.0,0.0,2.5,0.0,0.0,65.6004,0,8,1,43,0,0,0,0,0,0.0,1.0,0.12224489795918368,7396,9751,27,14.7094,0.0,0.0,0.0,0.4167,0.0,0.1415,8703.26617876201,50.600384760244424,0.0,0.0,171.5,0,0,0.0,2.5,-2.5,100.0,0.0,8,0
severe,persistence,17,True,,8,0.16326530612244897,0.0,200.0,-7.0,80.0,0.0,2.5,0.0,0.0,62.4978,0,8,1,43,0,0,0,0,0,0.0,1.0,0.12224489795918368,7439,9800,18,11.1896,0.0,0.0,0.0,0.411,0.0,0.1379,8217.112062618926,47.497757587392485,0.0,0.0,172.5,0,0,0.0,2.5,-2.5,100.0,0.0,8,0
severe,persistence,18,True,,8,0.16326530612244897,0.0,200.0,-7.0,80.0,0.0,2.4492,0.0,0.0,65.5766,0,8,1,43,0,0,0,0,0,0.0,1.0,0.12224489795918368,7396,9800,23,14.7129,0.0,0.0,0.0,0.412,0.0,0.1344,8699.182856284493,50.57664451328181,0.0,0.0,171.5,0,0,0.0,2.4491592491708,-2.4491592491708,100.0,0.0,8,0
severe,persistence,19,True,,8,0.16326530612244897,0.0,200.0,-7.0,80.0,0.0,2.3162,0.0,0.0,61.4913,0,8,1,43,0,0,0,0,0,0.0,1.0,0.12224489795918368,7482,9800,15,12.758,0.0,0.0,0.0,0.4065,0.0,0.1382,8089.483374145947,46.49128375945954,0.0,0.0,173.5,0,0,0.0,2.3162435306489453,-2.3162435306489453,100.0,0.0,8,0
severe,persistence,20,True,,8,0.16326530612244897,0.0,200.0,-7.0,80.0,0.0,2.3936,0.0,0.0,62.3678,0,8,1,43,0,0,0,0,0,0.0,1.0,0.12224489795918368,7482,9800,18,11.6379,0.0,0.0,0.0,0.4126,0.0,0.1431,8213.96314034004,47.36777783465348,0.0,0.0,172.90824323683617,0,0,0.0,2.393620802310004,-2.393620802310004,100.0,0.0,8,0
severe,persistence,21,True,,8,0.16326530612244897,0.0,200.0,-7.0,80.0,0.0,2.4983,0.0,0.0,64.2096,0,8,1,43,0,0,0,0,0,0.0,1.0,0.12224489795918368,7439,9800,22,12.5516,0.0,0.0,0.0,0.423,0.001,0.1443,8513.258556594166,49.20958703233609,0.0,0.0,172.5,0,0,0.0,2.498324446073583,-2.498324446073583,100.0,0.0,8,0
severe,persistence,22,True,,8,0.16326530612244897,0.0,200.0,-7.0,80.0,0.0,2.5,0.0,0.0,64.0789,0,8,1,43,0,0,0,0,0,0.0,1.0,0.12224489795918368,7439,9800,21,14.917,0.0,0.0,0.0,0.4112,0.0,0.1348,8490.641749508428,49.0788540434012,0.0,0.0,172.5,0,0,0.0,2.5,-2.5,100.0,0.0,8,0
severe,persistence,23,True,,8,0.16326530612244897,0.0,200.0,-7.0,80.0,0.0,2.0999,0.0,0.0,61.3451,0,8,1,43,0,0,0,0,0,0.0,1.0,0.12224489795918368,7482,9800,16,12.4087,0.0,0.0,0.0,0.4575,0.0,0.152,8052.8383235409065,46.34506040828171,0.0,0.0,173.25828734709978,0,0,0.0,2.099916687282468,-2.099916687282468,100.0,0.0,8,0
severe,persistence,24,True,,8,0.16326530612244897,0.0,199.0,-7.0,80.0,0.0,2.269,0.0,0.0,63.1935,0,8,1,43,0,0,0,0,0,0.0,1.0,0.12224489795918368,7439,9751,18,12.7131,0.0,0.0,0.0,0.4084,0.0,0.1372,8340.145881806879,48.20902533331748,0.0,0.0,172.49983923283122,0,0,0.0,2.268991751576298,-2.268991751576298,100.0,0.0,8,0
severe,persistence,25,True,,8,0.16326530612244897,0.0,200.0,-7.0,80.0,0.0,2.4957,0.0,0.0,60.963,0,8,1,43,0,0,0,0,0,0.0,1.0,0.12224489795918368,7525,9800,15,13.1203,0.0,0.0,0.0,0.4222,0.001,0.1438,8043.522032651923,45.96298304372539,0.0,0.0,174.5,0,0,0.0,2.4957244618474386,-2.4957244618474386,100.0,0.0,8,0
severe,persistence,26,True,,8,0.16326530612244897,0.0,200.0,-7.0,80.0,0.0,2.2515,0.0,0.0,65.4776,0,8,1,43,0,0,0,0,0,0.0,1.0,0.12224489795918368,7396,9800,24,14.5502,0.0,0.0,0.0,0.4172,0.0,0.139,8682.142503105291,50.477572692472506,0.0,0.0,171.5,0,0,0.0,2.2515384157063756,-2.2515384157063756,100.0,0.0,8,0
severe,persistence,27,True,,8,0.16326530612244897,0.0,200.0,-7.0,80.0,0.0,2.5,0.0,0.0,64.497,0,8,1,43,0,0,0,0,0,0.0,1.0,0.12224489795918368,7439,9800,23,14.1294,0.0,0.0,0.0,0.416,0.001,0.1386,8563.760811830032,49.50150758283272,0.0,0.0,172.5,0,0,0.0,2.5,-2.5,100.0,0.0,8,0
severe,persistence,28,True,,8,0.16326530612244897,0.0,200.0,-7.0,80.0,0.0,2.3833,0.0,0.0,62.3214,0,8,1,43,0,0,0,0,0,0.0,1.0,0.12224489795918368,7482,9800,18,12.4776,0.0,0.0,0.0,0.4245,0.0,0.1369,8233.915694864016,47.32135456818418,0.0,0.0,173.5,0,0,0.0,2.3832743651714514,-2.3832743651714514,100.0,0.0,8,0
severe,persistence,29,True,,8,0.16326530612244897,0.0,200.0,-7.0,80.0,0.0,2.4358,0.0,0.0,65.1671,0,8,1,43,0,0,0,0,0,0.0,1.0,0.12224489795918368,7396,9800,21,14.7696,0.0,0.0,0.0,0.412,0.0,0.1409,8619.205217400122,50.16711284921048,0.0,0.0,171.309871604676,0,0,0.0,2.4357774605189886,-2.4357774605189886,100.0,0.0,7,0
severe,random,0,True,,8,0.16326530612244897,0.0,200.0,-7.0,80.0,0.0,2.5,0.0,0.0,62.2648,0,8,1,43,0,200,0,0,0,0.0,1.0,0.12224489795918368,7482,9800,18,12.3955,0.0,0.0,0.0,0.4158,0.0,0.1453,8224.073427073588,47.264789810767546,0.0,0.0,173.5,0,0,0.0,2.5,-2.5,100.0,0.0,8,0
severe,random,1,True,,8,0.16326530612244897,0.0,200.0,-7.0,80.0,0.0,2.5,0.0,0.0,61.6973,0,8,1,43,0,200,0,0,0,0.0,1.0,0.12224489795918368,7482,9800,16,12.782,0.0,0.0,0.0,0.5015,0.002,0.1744,8148.187677336194,46.8909951563062,0.0,0.0,173.27077378751255,0,0,0.0,2.5,-2.5,100.0,0.0,7,0
severe,random,2,True,,8,0.16326530612244897,0.0,200.0,-7.0,80.0,0.0,2.5,0.0,0.0,61.0516,0,8,1,43,0,200,0,0,0,0.0,1.0,0.12224489795918368,7526,9800,17,11.2492,0.0,0.0,0.0,0.4816,0.001,0.1595,8047.931183636945,46.051578533843696,0.0,0.0,174.25907319273392,0,0,0.0,2.5,-2.5,100.0,0.0,8,0
severe,random,3,True,,8,0.16326530612244897,0.0,200.0,-7.0,80.0,0.0,2.5,0.0,0.0,63.3267,0,8,1,43,0,200,0,0,0,0.0,1.0,0.12224489795918368,7439,9800,19,11.9884,0.0,0.0,0.0,0.421,0.002,0.1429,8360.519456912674,48.32670206307897,0.0,0.0,172.5,0,0,0.0,2.5,-2.5,100.0,0.0,8,0
severe,random,4,True,,8,0.16326530612244897,0.0,200.0,-7.0,80.0,0.0,2.424,0.0,0.0,64.3035,0,8,1,43,0,200,0,0,0,0.0,1.0,0.12224489795918368,7439,9800,20,14.7752,0.0,0.0,0.0,0.4346,0.0,0.1504,8529.36098461002,49.30348913260563,0.0,0.0,172.49710699317026,0,0,0.0,2.4240033214398347,-2.4240033214398347,100.0,0.0,8,0
severe,random,5,True,,8,0.16326530612244897,0.0,200.0,-7.0,80.0,0.0,2.4997,0.0,0.0,62.3443,0,8,1,43,0,200,0,0,0,0.0,1.0,0.12224489795918368,7482,9800,20,11.8092,0.0,0.0,0.0,0.455,0.002,0.1494,8237.902134997135,47.34426514366173,0.0,0.0,173.5,0,0,0.0,2.499665546617952,-2.499665546617952,100.0,0.0,8,0
severe,random,6,True,,8,0.16326530612244897,0.0,200.0,-7.0,80.0,0.0,2.4133,0.0,0.0,63.2006,0,8,1,43,0,200,0,0,0,0.0,1.0,0.12224489795918368,7482,9800,18,12.7322,0.0,0.0,0.0,0.4211,0.001,0.14,8347.191470305113,48.20061274799806,0.0,0.0,172.67604475166723,0,0,0.0,2.413337908504319,-2.413337908504319,100.0,0.0,8,0
severe,random,7,True,,8,0.16326530612244897,0.0,200.0,-7.0,80.0,0.0,2.5,0.0,0.0,63.668,0,8,1,43,0,200,0,0,0,0.0,1.0,0.12224489795918368,7439,9800,19,13.2421,0.0,0.0,0.0,0.4155,0.001,0.1399,8409.19926402206,48.66801477654715,0.0,0.0,172.28697934632854,0,0,0.0,2.5,-2.5,100.0,0.0,7,0
severe,random,8,True,,8,0.16326530612244897,0.0,200.0,-7.0,80.0,0.0,2.5,0.0,0.0,62.6524,0,8,1,43,0,200,0,0,0,0.0,1.0,0.12224489795918368,7445,9800,19,11.6463,0.0,0.0,0.0,0.4153,0.0,0.1459,8237.495305241555,47.65244557826692,0.0,0.0,172.36616049352216,0,0,0.0,2.5,-2.5,100.0,0.0,8,0
severe,random,9,True,,8,0.16326530612244897,0.0,200.0,-7.0,80.0,0.0,2.5,0.0,0.0,64.2547,0,8,1,43,0,200,0,0,0,0.0,1.0,0.12224489795918368,7439,9800,23,14.556,0.0,0.0,0.0,0.4249,0.001,0.1457,8521.070675012816,49.25474378620117,0.0,0.0,172.5,0,0,0.0,2.5,-2.5,100.0,0.0,8,0
severe,random,10,True,,8,0.16326530612244897,0.0,200.0,-7.0,80.0,0.0,2.3448,0.0,0.0,62.0036,0,8,1,43,0,200,0,0,0,0.0,1.0,0.12224489795918368,7482,9800,15,13.885,0.0,0.0,0.0,0.408,0.0,0.1389,8178.622829187955,47.00357947809179,0.0,0.0,173.5,0,0,0.0,2.3448373864580443,-2.3448373864580443,100.0,0.0,7,0
severe,random,11,True,,8,0.16326530612244897,0.0,200.0,-7.0,80.0,0.0,2.5,0.0,0.0,65.2867,0,8,1,43,0,200,0,0,0,0.0,1.0,0.12224489795918368,7353,9800,24,14.2366,0.0,0.0,0.0,0.4255,0.0,0.1437,8599.021365235405,50.28667465049935,0.0,0.0,170.5,0,0,0.0,2.5,-2.5,100.0,0.0,8,0
severe,random,12,True,,8,0.16326530612244897,0.0,200.0,-7.0,80.0,0.0,2.4942,0.0,0.0,61.8588,0,8,1,43,0,200,0,0,0,0.0,1.0,0.12224489795918368,7482,9800,17,13.0151,0.0,0.0,0.0,0.4136,0.003,0.1384,8154.182607507296,46.863118433949886,0.0,0.0,173.5,0,0,0.0,2.494191818312885,-2.494191818312885,100.0,0.0,8,0
severe,random,13,True,,8,0.16326530612244897,0.0,200.0,-7.0,80.0,0.0,2.5,0.0,0.0,62.3554,0,8,1,43,0,200,0,0,0,0.0,1.0,0.12224489795918368,7482,9800,18,13.7224,0.0,0.0,0.0,0.423,0.001,0.1378,8239.833866152818,47.35536704685514,0.0,0.0,173.5,0,0,0.0,2.5,-2.5,100.0,0.0,8,0
severe,random,14,True,,8,0.16326530612244897,0.0,200.0,-7.0,80.0,0.0,2.2345,0.0,0.0,62.6223,0,8,1,43,0,200,0,0,0,0.0,1.0,0.12224489795918368,7439,9800,16,13.71,0.0,0.0,0.0,0.4135,0.001,0.1351,8238.66442522158,47.622337718043624,0.0,0.0,172.5,0,0,0.0,2.234528796260181,-2.234528796260181,100.0,0.0,8,0
severe,random,15,True,,8,0.16326530612244897,0.0,200.0,-7.0,80.0,0.0,2.2922,0.0,0.0,61.6253,0,8,1,43,0,200,0,0,0,0.0,1.0,0.12224489795918368,7482,9800,14,13.1275,0.0,0.0,0.0,0.422,0.001,0.1387,8114.332750508701,46.63409626729153,0.0,0.0,173.5,0,0,0.0,2.29224735626841,-2.29224735626841,100.0,0.0,8,0
severe,random,16,True,,8,0.16326530612244897,0.0,199.0,-7.0,80.0,0.0,2.5,0.0,0.0,65.6004,0,8,1,43,0,200,0,0,0,0.0,1.0,0.12224489795918368,7396,9751,27,14.7094,0.0,0.0,0.0,0.4318,0.002,0.1471,8703.26617876201,50.600384760244424,0.0,0.0,171.5,0,0,0.0,2.5,-2.5,100.0,0.0,8,0
severe,random,17,True,,8,0.16326530612244897,0.0,200.0,-7.0,80.0,0.0,2.5,0.0,0.0,62.4978,0,8,1,43,0,200,0,0,0,0.0,1.0,0.12224489795918368,7439,9800,18,11.1896,0.0,0.0,0.0,0.47,0.001,0.1589,8217.112062618926,47.497757587392485,0.0,0.0,172.5,0,0,0.0,2.5,-2.5,100.0,0.0,8,0
severe,random,18,True,,8,0.16326530612244897,0.0,200.0,-7.0,80.0,0.0,2.4492,0.0,0.0,65.5766,0,8,1,43,0,200,0,0,0,0.0,1.0,0.12224489795918368,7396,9800,23,14.7129,0.0,0.0,0.0,0.4325,0.0,0.1414,8699.182856284493,50.57664451328181,0.0,0.0,171.5,0,0,0.0,2.4491592491708,-2.4491592491708,100.0,0.0,8,0
severe,random,19,True,,8,0.16326530612244897,0.0,200.0,-7.0,80.0,0.0,2.3162,0.0,0.0,61.4913,0,8,1,43,0,200,0,0,0,0.0,1.0,0.12224489795918368,7482,9800,15,12.758,0.0,0.0,0.0,0.42,0.005,0.1384,8089.483374145947,46.49128375945954,0.0,0.0,173.5,0,0,0.0,2.3162435306489453,-2.3162435306489453,100.0,0.0,8,0
severe,random,20,True,,8,0.16326530612244897,0.0,200.0,-7.0,80.0,0.0,2.3936,0.0,0.0,62.3678,0,8,1,43,0,200,0,0,0,0.0,1.0,0.12224489795918368,7482,9800,18,11.6379,0.0,0.0,0.0,0.4401,0.001,0.1494,8213.96314034004,47.36777783465348,0.0,0.0,172.90824323683617,0,0,0.0,2.393620802310004,-2.393620802310004,100.0,0.0,8,0
severe,random,21,True,,8,0.16326530612244897,0.0,200.0,-7.0,80.0,0.0,2.4983,0.0,0.0,64.2096,0,8,1,43,0,200,0,0,0,0.0,1.0,0.12224489795918368,7439,9800,22,12.5516,0.0,0.0,0.0,0.417,0.0,0.1444,8513.258556594166,49.20958703233609,0.0,0.0,172.5,0,0,0.0,2.498324446073583,-2.498324446073583,100.0,0.0,8,0
severe,random,22,True,,8,0.16326530612244897,0.0,200.0,-7.0,80.0,0.0,2.5,0.0,0.0,64.0789,0,8,1,43,0,200,0,0,0,0.0,1.0,0.12224489795918368,7439,9800,21,14.917,0.0,0.0,0.0,0.417,0.0,0.1427,8490.641749508428,49.0788540434012,0.0,0.0,172.5,0,0,0.0,2.5,-2.5,100.0,0.0,8,0
severe,random,23,True,,8,0.16326530612244897,0.0,200.0,-7.0,80.0,0.0,2.0999,0.0,0.0,61.3451,0,8,1,43,0,200,0,0,0,0.0,1.0,0.12224489795918368,7482,9800,16,12.4087,0.0,0.0,0.0,0.4096,0.003,0.1381,8052.8383235409065,46.34506040828171,0.0,0.0,173.25828734709978,0,0,0.0,2.099916687282468,-2.099916687282468,100.0,0.0,8,0
severe,random,24,True,,8,0.16326530612244897,0.0,199.0,-7.0,80.0,0.0,2.269,0.0,0.0,63.1935,0,8,1,43,0,200,0,0,0,0.0,1.0,0.12224489795918368,7439,9751,18,12.7131,0.0,0.0,0.0,0.4219,0.0,0.1453,8340.145881806879,48.20902533331748,0.0,0.0,172.49983923283122,0,0,0.0,2.268991751576298,-2.268991751576298,100.0,0.0,8,0
severe,random,25,True,,8,0.16326530612244897,0.0,200.0,-7.0,80.0,0.0,2.4957,0.0,0.0,60.963,0,8,1,43,0,200,0,0,0,0.0,1.0,0.12224489795918368,7525,9800,15,13.1203,0.0,0.0,0.0,0.4202,0.003,0.1393,8043.522032651923,45.96298304372539,0.0,0.0,174.5,0,0,0.0,2.4957244618474386,-2.4957244618474386,100.0,0.0,8,0
severe,random,26,True,,8,0.16326530612244897,0.0,200.0,-7.0,80.0,0.0,2.2515,0.0,0.0,65.4776,0,8,1,43,0,200,0,0,0,0.0,1.0,0.12224489795918368,7396,9800,24,14.5502,0.0,0.0,0.0,0.4325,0.001,0.1421,8682.142503105291,50.477572692472506,0.0,0.0,171.5,0,0,0.0,2.2515384157063756,-2.2515384157063756,100.0,0.0,8,0
severe,random,27,True,,8,0.16326530612244897,0.0,200.0,-7.0,80.0,0.0,2.5,0.0,0.0,64.497,0,8,1,43,0,200,0,0,0,0.0,1.0,0.12224489795918368,7439,9800,23,14.1294,0.0,0.0,0.0,0.4245,0.003,0.1444,8563.760811830032,49.50150758283272,0.0,0.0,172.5,0,0,0.0,2.5,-2.5,100.0,0.0,8,0
severe,random,28,True,,8,0.16326530612244897,0.0,200.0,-7.0,80.0,0.0,2.3833,0.0,0.0,62.3214,0,8,1,43,0,200,0,0,0,0.0,1.0,0.12224489795918368,7482,9800,18,12.4776,0.0,0.0,0.0,0.418,0.001,0.1389,8233.915694864016,47.32135456818418,0.0,0.0,173.5,0,0,0.0,2.3832743651714514,-2.3832743651714514,100.0,0.0,8,0
severe,random,29,True,,8,0.16326530612244897,0.0,200.0,-7.0,80.0,0.0,2.4358,0.0,0.0,65.1671,0,8,1,43,0,200,0,0,0,0.0,1.0,0.12224489795918368,7396,9800,21,14.7696,0.0,0.0,0.0,0.4248,0.001,0.1412,8619.205217400122,50.16711284921048,0.0,0.0,171.309871604676,0,0,0.0,2.4357774605189886,-2.4357774605189886,100.0,0.0,7,0
severe,rule_based,0,True,,8,0.16326530612244897,0.0,200.0,-7.0,80.0,0.0,2.5,0.0,0.0,62.2648,0,8,1,43,0,200,0,0,0,0.0,1.0,0.12224489795918368,7482,9800,18,12.3955,0.0,0.0,0.0,0.4155,0.001,0.1404,8224.073427073588,47.264789810767546,0.0,0.0,173.5,0,0,0.0,2.5,-2.5,100.0,0.0,8,0
severe,rule_based,1,True,,8,0.16326530612244897,0.0,200.0,-7.0,80.0,0.0,2.5,0.0,0.0,61.6973,0,8,1,43,0,200,0,0,0,0.0,1.0,0.12224489795918368,7482,9800,16,12.782,0.0,0.0,0.0,0.4752,0.005,0.1647,8148.187677336194,46.8909951563062,0.0,0.0,173.27077378751255,0,0,0.0,2.5,-2.5,100.0,0.0,7,0
severe,rule_based,2,True,,8,0.16326530612244897,0.0,200.0,-7.0,80.0,0.0,2.5,0.0,0.0,61.0516,0,8,1,43,0,200,0,0,0,0.0,1.0,0.12224489795918368,7526,9800,17,11.2492,0.0,0.0,0.0,0.4145,0.001,0.1387,8047.931183636945,46.051578533843696,0.0,0.0,174.25907319273392,0,0,0.0,2.5,-2.5,100.0,0.0,8,0
severe,rule_based,3,True,,8,0.16326530612244897,0.0,200.0,-7.0,80.0,0.0,2.5,0.0,0.0,63.3267,0,8,1,43,0,200,0,0,0,0.0,1.0,0.12224489795918368,7439,9800,19,11.9884,0.0,0.0,0.0,0.4235,0.004,0.1433,8360.519456912674,48.32670206307897,0.0,0.0,172.5,0,0,0.0,2.5,-2.5,100.0,0.0,8,0
severe,rule_based,4,True,,8,0.16326530612244897,0.0,200.0,-7.0,80.0,0.0,2.424,0.0,0.0,64.3035,0,8,1,43,0,200,0,0,0,0.0,1.0,0.12224489795918368,7439,9800,20,14.7752,0.0,0.0,0.0,0.4199,0.003,0.1372,8529.36098461002,49.30348913260563,0.0,0.0,172.49710699317026,0,0,0.0,2.4240033214398347,-2.4240033214398347,100.0,0.0,8,0
severe,rule_based,5,True,,8,0.16326530612244897,0.0,200.0,-7.0,80.0,0.0,2.4997,0.0,0.0,62.3443,0,8,1,43,0,200,0,0,0,0.0,1.0,0.12224489795918368,7482,9800,20,11.8092,0.0,0.0,0.0,0.4629,0.003,0.1559,8237.902134997135,47.34426514366173,0.0,0.0,173.5,0,0,0.0,2.499665546617952,-2.499665546617952,100.0,0.0,8,0
severe,rule_based,6,True,,8,0.16326530612244897,0.0,200.0,-7.0,80.0,0.0,2.4133,0.0,0.0,63.2006,0,8,1,43,0,200,0,0,0,0.0,1.0,0.12224489795918368,7482,9800,18,12.7322,0.0,0.0,0.0,0.4572,0.0035,0.1557,8347.191470305113,48.20061274799806,0.0,0.0,172.67604475166723,0,0,0.0,2.413337908504319,-2.413337908504319,100.0,0.0,8,0
severe,rule_based,7,True,,8,0.16326530612244897,0.0,200.0,-7.0,80.0,0.0,2.5,0.0,0.0,63.668,0,8,1,43,0,200,0,0,0,0.0,1.0,0.12224489795918368,7439,9800,19,13.2421,0.0,0.0,0.0,0.4257,0.007,0.1441,8409.19926402206,48.66801477654715,0.0,0.0,172.28697934632854,0,0,0.0,2.5,-2.5,100.0,0.0,7,0
severe,rule_based,8,True,,8,0.16326530612244897,0.0,200.0,-7.0,80.0,0.0,2.5,0.0,0.0,62.6524,0,8,1,43,0,200,0,0,0,0.0,1.0,0.12224489795918368,7445,9800,19,11.6463,0.0,0.0,0.0,0.4212,0.006,0.1435,8237.495305241555,47.65244557826692,0.0,0.0,172.36616049352216,0,0,0.0,2.5,-2.5,100.0,0.0,8,0
severe,rule_based,9,True,,8,0.16326530612244897,0.0,200.0,-7.0,80.0,0.0,2.5,0.0,0.0,64.2547,0,8,1,43,0,200,0,0,0,0.0,1.0,0.12224489795918368,7439,9800,23,14.556,0.0,0.0,0.0,0.4199,0.0,0.1434,8521.070675012816,49.25474378620117,0.0,0.0,172.5,0,0,0.0,2.5,-2.5,100.0,0.0,8,0
severe,rule_based,10,True,,8,0.16326530612244897,0.0,200.0,-7.0,80.0,0.0,2.3448,0.0,0.0,62.0036,0,8,1,43,0,200,0,0,0,0.0,1.0,0.12224489795918368,7482,9800,15,13.885,0.0,0.0,0.0,0.423,0.01,0.1434,8178.622829187955,47.00357947809179,0.0,0.0,173.5,0,0,0.0,2.3448373864580443,-2.3448373864580443,100.0,0.0,7,0
severe,rule_based,11,True,,8,0.16326530612244897,0.0,200.0,-7.0,80.0,0.0,2.5,0.0,0.0,65.2867,0,8,1,43,0,200,0,0,0,0.0,1.0,0.12224489795918368,7353,9800,24,14.2366,0.0,0.0,0.0,0.4284,0.004,0.1446,8599.021365235405,50.28667465049935,0.0,0.0,170.5,0,0,0.0,2.5,-2.5,100.0,0.0,8,0
severe,rule_based,12,True,,8,0.16326530612244897,0.0,200.0,-7.0,80.0,0.0,2.4942,0.0,0.0,61.8588,0,8,1,43,0,200,0,0,0,0.0,1.0,0.12224489795918368,7482,9800,17,13.0151,0.0,0.0,0.0,0.4151,0.003,0.1368,8154.182607507296,46.863118433949886,0.0,0.0,173.5,0,0,0.0,2.494191818312885,-2.494191818312885,100.0,0.0,8,0
severe,rule_based,13,True,,8,0.16326530612244897,0.0,200.0,-7.0,80.0,0.0,2.5,0.0,0.0,62.3554,0,8,1,43,0,200,0,0,0,0.0,1.0,0.12224489795918368,7482,9800,18,13.7224,0.0,0.0,0.0,0.4755,0.002,0.1642,8239.833866152818,47.35536704685514,0.0,0.0,173.5,0,0,0.0,2.5,-2.5,100.0,0.0,8,0
severe,rule_based,14,True,,8,0.16326530612244897,0.0,200.0,-7.0,80.0,0.0,2.2345,0.0,0.0,62.6223,0,8,1,43,0,200,0,0,0,0.0,1.0,0.12224489795918368,7439,9800,16,13.71,0.0,0.0,0.0,0.438,0.003,0.1473,8238.66442522158,47.622337718043624,0.0,0.0,172.5,0,0,0.0,2.234528796260181,-2.234528796260181,100.0,0.0,8,0
severe,rule_based,15,True,,8,0.16326530612244897,0.0,200.0,-7.0,80.0,0.0,2.2922,0.0,0.0,61.6253,0,8,1,43,0,200,0,0,0,0.0,1.0,0.12224489795918368,7482,9800,14,13.1275,0.0,0.0,0.0,0.4211,0.007,0.1455,8114.332750508701,46.63409626729153,0.0,0.0,173.5,0,0,0.0,2.29224735626841,-2.29224735626841,100.0,0.0,8,0
severe,rule_based,16,True,,8,0.16326530612244897,0.0,199.0,-7.0,80.0,0.0,2.5,0.0,0.0,65.6004,0,8,1,43,0,200,0,0,0,0.0,1.0,0.12224489795918368,7396,9751,27,14.7094,0.0,0.0,0.0,0.4569,0.006,0.156,8703.26617876201,50.600384760244424,0.0,0.0,171.5,0,0,0.0,2.5,-2.5,100.0,0.0,8,0
severe,rule_based,17,True,,8,0.16326530612244897,0.0,200.0,-7.0,80.0,0.0,2.5,0.0,0.0,62.4978,0,8,1,43,0,200,0,0,0,0.0,1.0,0.12224489795918368,7439,9800,18,11.1896,0.0,0.0,0.0,0.427,0.004,0.1424,8217.112062618926,47.497757587392485,0.0,0.0,172.5,0,0,0.0,2.5,-2.5,100.0,0.0,8,0
severe,rule_based,18,True,,8,0.16326530612244897,0.0,200.0,-7.0,80.0,0.0,2.4492,0.0,0.0,65.5766,0,8,1,43,0,200,0,0,0,0.0,1.0,0.12224489795918368,7396,9800,23,14.7129,0.0,0.0,0.0,0.4247,0.004,0.1429,8699.182856284493,50.57664451328181,0.0,0.0,171.5,0,0,0.0,2.4491592491708,-2.4491592491708,100.0,0.0,8,0
severe,rule_based,19,True,,8,0.16326530612244897,0.0,200.0,-7.0,80.0,0.0,2.3162,0.0,0.0,61.4913,0,8,1,43,0,200,0,0,0,0.0,1.0,0.12224489795918368,7482,9800,15,12.758,0.0,0.0,0.0,0.4201,0.002,0.1415,8089.483374145947,46.49128375945954,0.0,0.0,173.5,0,0,0.0,2.3162435306489453,-2.3162435306489453,100.0,0.0,8,0
severe,rule_based,20,True,,8,0.16326530612244897,0.0,200.0,-7.0,80.0,0.0,2.3936,0.0,0.0,62.3678,0,8,1,43,0,200,0,0,0,0.0,1.0,0.12224489795918368,7482,9800,18,11.6379,0.0,0.0,0.0,0.4313,0.006,0.1435,8213.96314034004,47.36777783465348,0.0,0.0,172.90824323683617,0,0,0.0,2.393620802310004,-2.393620802310004,100.0,0.0,8,0
severe,rule_based,21,True,,8,0.16326530612244897,0.0,200.0,-7.0,80.0,0.0,2.4983,0.0,0.0,64.2096,0,8,1,43,0,200,0,0,0,0.0,1.0,0.12224489795918368,7439,9800,22,12.5516,0.0,0.0,0.0,0.417,0.003,0.1398,8513.258556594166,49.20958703233609,0.0,0.0,172.5,0,0,0.0,2.498324446073583,-2.498324446073583,100.0,0.0,8,0
severe,rule_based,22,True,,8,0.16326530612244897,0.0,200.0,-7.0,80.0,0.0,2.5,0.0,0.0,64.0789,0,8,1,43,0,200,0,0,0,0.0,1.0,0.12224489795918368,7439,9800,21,14.917,0.0,0.0,0.0,0.4296,0.003,0.1439,8490.641749508428,49.0788540434012,0.0,0.0,172.5,0,0,0.0,2.5,-2.5,100.0,0.0,8,0
severe,rule_based,23,True,,8,0.16326530612244897,0.0,200.0,-7.0,80.0,0.0,2.0999,0.0,0.0,61.3451,0,8,1,43,0,200,0,0,0,0.0,1.0,0.12224489795918368,7482,9800,16,12.4087,0.0,0.0,0.0,0.4366,0.0045,0.146,8052.8383235409065,46.34506040828171,0.0,0.0,173.25828734709978,0,0,0.0,2.099916687282468,-2.099916687282468,100.0,0.0,8,0
severe,rule_based,24,True,,8,0.16326530612244897,0.0,199.0,-7.0,80.0,0.0,2.269,0.0,0.0,63.1935,0,8,1,43,0,200,0,0,0,0.0,1.0,0.12224489795918368,7439,9751,18,12.7131,0.0,0.0,0.0,0.4714,0.009,0.1564,8340.145881806879,48.20902533331748,0.0,0.0,172.49983923283122,0,0,0.0,2.268991751576298,-2.268991751576298,100.0,0.0,8,0
severe,rule_based,25,True,,8,0.16326530612244897,0.0,200.0,-7.0,80.0,0.0,2.4957,0.0,0.0,60.963,0,8,1,43,0,200,0,0,0,0.0,1.0,0.12224489795918368,7525,9800,15,13.1203,0.0,0.0,0.0,0.5061,0.006,0.1733,8043.522032651923,45.96298304372539,0.0,0.0,174.5,0,0,0.0,2.4957244618474386,-2.4957244618474386,100.0,0.0,8,0
severe,rule_based,26,True,,8,0.16326530612244897,0.0,200.0,-7.0,80.0,0.0,2.2515,0.0,0.0,65.4776,0,8,1,43,0,200,0,0,0,0.0,1.0,0.12224489795918368,7396,9800,24,14.5502,0.0,0.0,0.0,0.4345,0.004,0.1448,8682.142503105291,50.477572692472506,0.0,0.0,171.5,0,0,0.0,2.2515384157063756,-2.2515384157063756,100.0,0.0,8,0
severe,rule_based,27,True,,8,0.16326530612244897,0.0,200.0,-7.0,80.0,0.0,2.5,0.0,0.0,64.497,0,8,1,43,0,200,0,0,0,0.0,1.0,0.12224489795918368,7439,9800,23,14.1294,0.0,0.0,0.0,0.427,0.006,0.1438,8563.760811830032,49.50150758283272,0.0,0.0,172.5,0,0,0.0,2.5,-2.5,100.0,0.0,8,0
severe,rule_based,28,True,,8,0.16326530612244897,0.0,200.0,-7.0,80.0,0.0,2.3833,0.0,0.0,62.3214,0,8,1,43,0,200,0,0,0,0.0,1.0,0.12224489795918368,7482,9800,18,12.4776,0.0,0.0,0.0,0.4266,0.004,0.1398,8233.915694864016,47.32135456818418,0.0,0.0,173.5,0,0,0.0,2.3832743651714514,-2.3832743651714514,100.0,0.0,8,0
severe,rule_based,29,True,,8,0.16326530612244897,0.0,200.0,-7.0,80.0,0.0,2.4358,0.0,0.0,65.1671,0,8,1,43,0,200,0,0,0,0.0,1.0,0.12224489795918368,7396,9800,21,14.7696,0.0,0.0,0.0,0.4263,0.003,0.1424,8619.205217400122,50.16711284921048,0.0,0.0,171.309871604676,0,0,0.0,2.4357774605189886,-2.4357774605189886,100.0,0.0,7,0
severe,dqn_core_only,0,True,,8,0.16326530612244897,0.0,200.0,-7.0,80.0,0.0,2.5,0.0,0.0,61.1974,0,8,1,43,0,200,0,0,0,0.0,1.0,0.12224489795918368,7482,9800,17,12.6518,0.0,0.0,0.0,0.5528,0.1116,0.1458,8038.376891090971,46.19756833960343,0.0,0.0,173.5,0,0,0.0,2.5,-2.5,100.0,0.0,8,0
severe,dqn_core_only,1,True,,8,0.16326530612244897,0.0,200.0,-7.0,80.0,0.0,2.5,0.0,0.0,62.1781,0,8,1,43,0,200,0,0,0,0.0,1.0,0.12224489795918368,7482,9800,20,12.6843,0.0,0.0,0.0,0.5641,0.1075,0.1564,8229.614100013832,47.352889066974555,0.0,0.0,173.29512972412698,0,0,0.0,2.5,-2.5,100.0,0.0,7,0
severe,dqn_core_only,2,True,,8,0.16326530612244897,0.0,200.0,-7.0,80.0,0.0,2.5,0.0,0.0,61.8992,0,8,1,43,0,200,0,0,0,0.0,1.0,0.12224489795918368,7484,9800,18,11.0898,0.0,0.0,0.0,0.5591,0.1157,0.1463,8150.061105841799,46.89916053539722,0.0,0.0,173.27840056839588,0,0,0.0,2.5,-2.5,100.0,0.0,8,0
severe,dqn_core_only,3,True,,8,0.16326530612244897,0.0,200.0,-7.0,80.0,0.0,2.5,0.0,0.0,62.2601,0,8,1,43,0,200,0,0,0,0.0,1.0,0.12224489795918368,7482,9800,18,11.994,0.0,0.0,0.0,0.5971,0.1078,0.1667,8223.249908394024,47.26005694479337,0.0,0.0,173.5,0,0,0.0,2.5,-2.5,100.0,0.0,8,0
severe,dqn_core_only,4,True,,8,0.16326530612244897,0.0,200.0,-7.0,80.0,0.0,2.4899,0.0,0.0,65.3608,0,8,1,43,0,200,0,0,0,0.0,1.0,0.12224489795918368,7411,9800,23,14.9299,0.0,0.0,0.0,0.5573,0.1079,0.1508,8676.499804719178,50.36084074042488,0.0,0.0,171.78663535306205,0,0,0.0,2.489856730339708,-2.489856730339708,100.0,0.0,8,0
severe,dqn_core_only,5,True,,8,0.16326530612244897,0.0,200.0,-7.0,80.0,0.0,2.464,0.0,0.0,63.304,0,8,1,43,0,200,0,0,0,0.0,1.0,0.12224489795918368,7439,9800,20,11.7231,0.0,0.0,0.0,0.561,0.1178,0.1495,8356.591578748279,48.30399756501881,0.0,0.0,172.5,0,0,0.0,2.4640083718334114,-2.4640083718334114,100.0,0.0,8,0
severe,dqn_core_only,6,True,,8,0.16326530612244897,0.0,200.0,-7.0,80.0,0.0,2.5,0.0,0.0,63.7476,0,8,1,43,0,200,0,0,0,0.0,1.0,0.12224489795918368,7439,9800,19,12.6002,0.0,0.0,0.0,0.5589,0.117,0.1529,8436.684471505272,48.767074589560124,0.0,0.0,172.49980076220683,0,0,0.0,2.5,-2.5,100.0,0.0,8,0
severe,dqn_core_only,7,True,,8,0.16326530612244897,0.0,200.0,-7.0,80.0,0.0,2.5,0.0,0.0,63.7463,0,8,1,43,0,200,0,0,0,0.0,1.0,0.12224489795918368,7439,9800,19,13.0026,0.0,0.0,0.0,0.5701,0.1054,0.1575,8425.848128781887,48.74632995657513,0.0,0.0,172.35092306001144,0,0,0.0,2.5,-2.5,100.0,0.0,7,0
severe,dqn_core_only,8,True,,8,0.16326530612244897,0.0,200.0,-7.0,80.0,0.0,2.5,0.0,0.0,61.0222,0,8,1,43,0,200,0,0,0,0.0,1.0,0.12224489795918368,7487,9800,14,11.598,0.0,0.0,0.0,0.5566,0.1218,0.1466,8001.200033035962,46.02224714617588,0.0,0.0,173.35504900754992,0,0,0.0,2.5,-2.5,100.0,0.0,8,0
severe,dqn_core_only,9,True,,8,0.16326530612244897,0.0,200.0,-7.0,80.0,0.0,2.5,0.0,0.0,66.2961,0,8,1,43,0,200,0,0,0,0.0,1.0,0.12224489795918368,7396,9800,26,15.0263,0.0,0.0,0.0,0.5525,0.1042,0.1566,8822.93775670543,51.296149748287434,0.0,0.0,171.5,0,0,0.0,2.5,-2.5,100.0,0.0,8,0
severe,dqn_core_only,10,True,,8,0.16326530612244897,0.0,200.0,-7.0,80.0,0.0,2.191,0.0,0.0,64.5349,0,8,1,43,0,200,0,0,0,0.0,1.0,0.12224489795918368,7439,9800,19,14.2592,0.0,0.0,0.0,0.5592,0.1111,0.1531,8569.53360756699,49.534876344317745,0.0,0.0,172.5,0,0,0.0,2.190956299269679,-2.190956299269679,100.0,0.0,7,0
severe,dqn_core_only,11,True,,8,0.16326530612244897,0.0,200.0,-7.0,80.0,0.0,2.4334,0.0,0.0,64.3367,0,8,1,43,0,200,0,0,0,0.0,1.0,0.12224489795918368,7439,9800,19,14.4936,0.0,0.0,0.0,0.5865,0.1137,0.1547,8536.775050986618,49.34552052593406,0.0,0.0,172.5,0,0,0.0,2.433390461194376,-2.433390461194376,100.0,0.0,8,0
severe,dqn_core_only,12,True,,8,0.16326530612244897,0.0,200.0,-7.0,80.0,0.0,2.478,0.0,0.0,62.7894,0,8,1,43,0,200,0,0,0,0.0,1.0,0.12224489795918368,7439,9800,17,13.2697,0.0,0.0,0.0,0.5475,0.1147,0.1524,8267.567037530576,47.78940484121717,0.0,0.0,172.5,0,0,0.0,2.477950734682668,-2.477950734682668,100.0,0.0,8,0
severe,dqn_core_only,13,True,,8,0.16326530612244897,0.0,200.0,-7.0,80.0,0.0,2.3952,0.0,0.0,62.7274,0,8,1,43,0,200,0,0,0,0.0,1.0,0.12224489795918368,7482,9800,21,13.4951,0.0,0.0,0.0,0.5578,0.1129,0.1503,8304.584292842483,47.72749593587626,0.0,0.0,173.5,0,0,0.0,2.395161308099316,-2.395161308099316,100.0,0.0,8,0
severe,dqn_core_only,14,True,,8,0.16326530612244897,0.0,200.0,-7.0,80.0,0.0,2.3614,0.0,0.0,63.7474,0,8,1,43,0,200,0,0,0,0.0,1.0,0.12224489795918368,7439,9800,20,13.2378,0.0,0.0,0.0,0.5635,0.1128,0.1565,8433.296418728918,48.74737814294186,0.0,0.0,172.5,0,0,0.0,2.361410244371163,-2.361410244371163,100.0,0.0,8,0
severe,dqn_core_only,15,True,,8,0.16326530612244897,0.0,200.0,-7.0,80.0,0.0,2.4329,0.0,0.0,61.7004,0,8,1,43,0,200,0,0,0,0.0,1.0,0.12224489795918368,7482,9800,14,12.8696,0.0,0.0,0.0,0.571,0.1142,0.1564,8125.872566600408,46.700417049427806,0.0,0.0,173.5,0,0,0.0,2.432853673153001,-2.432853673153001,100.0,0.0,8,0
severe,dqn_core_only,16,True,,8,0.16326530612244897,0.0,199.0,-7.0,80.0,0.0,2.5,0.0,0.0,66.1028,0,8,1,43,0,200,0,0,0,0.0,1.0,0.12224489795918368,7396,9751,25,14.8965,0.0,0.0,0.0,0.5616,0.1064,0.1582,8790.972518012437,51.110305337281574,0.0,0.0,171.5,0,0,0.0,2.5,-2.5,100.0,0.0,8,0
severe,dqn_core_only,17,True,,8,0.16326530612244897,0.0,200.0,-7.0,80.0,0.0,2.5,0.0,0.0,63.7326,0,8,1,43,0,200,0,0,0,0.0,1.0,0.12224489795918368,7439,9800,21,11.609,0.0,0.0,0.0,0.5631,0.1149,0.1555,8430.743049668135,48.732618784208746,0.0,0.0,172.5,0,0,0.0,2.5,-2.5,100.0,0.0,8,0
severe,dqn_core_only,18,True,,8,0.16326530612244897,0.0,200.0,-7.0,80.0,0.0,2.5,0.0,0.0,65.8846,0,8,1,43,0,200,0,0,0,0.0,1.0,0.12224489795918368,7368,9800,24,14.9727,0.0,0.0,0.0,0.5669,0.1164,0.1543,8715.540097039871,50.88458766547124,0.0,0.0,170.7805487260334,0,0,0.0,2.5,-2.5,100.0,0.0,8,0
severe,dqn_core_only,19,True,,8,0.16326530612244897,0.0,200.0,-7.0,80.0,0.0,2.5,0.0,0.0,62.4048,0,8,1,43,0,200,0,0,0,0.0,1.0,0.12224489795918368,7482,9800,17,12.4974,0.0,0.0,0.0,0.5961,0.113,0.1754,8248.44220380455,47.404840251750436,0.0,0.0,173.5,0,0,0.0,2.5,-2.5,100.0,0.0,8,0
severe,dqn_core_only,20,True,,8,0.16326530612244897,0.0,200.0,-7.0,80.0,0.0,2.5,0.0,0.0,63.264,0,8,1,43,0,200,0,0,0,0.0,1.0,0.12224489795918368,7482,9800,22,12.1798,0.0,0.0,0.0,0.5685,0.1259,0.1508,8372.237501037294,48.26404823215882,0.0,0.0,172.96736976486764,0,0,0.0,2.5,-2.5,100.0,0.0,8,0
severe,dqn_core_only,21,True,,8,0.16326530612244897,0.0,200.0,-7.0,80.0,0.0,2.474,0.0,0.0,62.5161,0,8,1,43,0,200,0,0,0,0.0,1.0,0.12224489795918368,7482,9800,18,12.2891,0.0,0.0,0.0,0.5478,0.1039,0.1529,8267.805385075988,47.51612290273575,0.0,0.0,173.5,0,0,0.0,2.4740179274919174,-2.4740179274919174,100.0,0.0,8,0
severe,dqn_core_only,22,True,,8,0.16326530612244897,0.0,200.0,-7.0,80.0,0.0,2.4207,0.0,0.0,65.5735,0,8,1,43,0,200,0,0,0,0.0,1.0,0.12224489795918368,7396,9800,25,15.1014,0.0,0.0,0.0,0.57,0.1053,0.1615,8698.645120735555,50.57351814381142,0.0,0.0,171.5,0,0,0.0,2.420659062233015,-2.420659062233015,100.0,0.0,8,0
severe,dqn_core_only,23,True,,8,0.16326530612244897,0.0,200.0,-7.0,80.0,0.0,2.3211,0.0,0.0,61.9287,0,8,1,43,0,200,0,0,0,0.0,1.0,0.12224489795918368,7482,9800,15,12.9305,0.0,0.0,0.0,0.5545,0.1074,0.1466,8156.965328322387,46.92865648425987,0.0,0.0,173.31629774673596,0,0,0.0,2.321083038845183,-2.321083038845183,100.0,0.0,8,0
severe,dqn_core_only,24,True,,8,0.16326530612244897,0.0,199.0,-7.0,80.0,0.0,2.3032,0.0,0.0,62.336,0,8,1,43,0,200,0,0,0,0.0,1.0,0.12224489795918368,7439,9751,15,12.5506,0.0,0.0,0.0,0.5529,0.1179,0.1533,8186.066361115345,47.336020806350106,0.0,0.0,172.43524511923434,0,0,0.0,2.3031769786117464,-2.3031769786117464,100.0,0.0,8,0
severe,dqn_core_only,25,True,,8,0.16326530612244897,0.0,200.0,-7.0,80.0,0.0,2.5,0.0,0.0,60.4205,0,8,1,43,0,200,0,0,0,0.0,1.0,0.12224489795918368,7525,9800,16,12.9698,0.0,0.0,0.0,0.5595,0.1178,0.1512,7948.589830601699,45.420513317724065,0.0,0.0,174.5,0,0,0.0,2.5,-2.5,100.0,0.0,8,0
severe,dqn_core_only,26,True,,8,0.16326530612244897,0.0,199.0,-7.0,80.0,0.0,2.4284,0.0,0.0,66.499,0,8,1,43,0,200,0,0,0,0.0,1.0,0.12224489795918368,7353,9751,27,14.8361,0.0,0.0,0.0,0.5737,0.1139,0.156,8806.329762837593,51.499004461038524,0.0,0.0,170.5,0,0,0.0,2.428414239034804,-2.428414239034804,100.0,0.0,8,0
severe,dqn_core_only,27,True,,8,0.16326530612244897,0.0,200.0,-7.0,80.0,0.0,2.5,0.0,0.0,64.8335,0,8,1,43,0,200,0,0,0,0.0,1.0,0.12224489795918368,7439,9800,19,14.2482,0.0,0.0,0.0,0.6192,0.1287,0.1751,8621.189458344143,49.83346507713366,0.0,0.0,172.5,0,0,0.0,2.5,-2.5,100.0,0.0,8,0
severe,dqn_core_only,28,True,,8,0.16326530612244897,0.0,200.0,-7.0,80.0,0.0,2.3496,0.0,0.0,61.9212,0,8,1,43,0,200,0,0,0,0.0,1.0,0.12224489795918368,7482,9800,17,12.3715,0.0,0.0,0.0,0.5665,0.1119,0.1565,8164.294320621173,46.92123172770789,0.0,0.0,173.5,0,0,0.0,2.349583027531565,-2.349583027531565,100.0,0.0,8,0
severe,dqn_core_only,29,True,,8,0.16326530612244897,0.0,200.0,-7.0,80.0,0.0,2.5,0.0,0.0,64.5072,0,8,1,43,0,200,0,0,0,0.0,1.0,0.12224489795918368,7439,9800,19,14.4302,0.0,0.0,0.0,0.5761,0.111,0.1619,8544.91373017136,49.51072869298572,0.0,0.0,172.08711305095213,0,0,0.0,2.5,-2.5,100.0,0.0,7,0
severe,full_stack,0,True,,8,0.16326530612244897,0.0,200.0,-7.0,80.0,0.0,2.5,0.0,0.0,61.1974,0,8,1,43,0,200,0,0,0,0.0,1.0,0.12224489795918368,7482,9800,17,12.6518,0.0,0.0,0.0,0.7788,0.1158,0.2015,8038.376891090971,46.19756833960343,0.0,0.0,173.5,0,0,0.0,2.5,-2.5,100.0,0.0,8,0
severe,full_stack,1,True,,8,0.16326530612244897,0.0,200.0,-7.0,80.0,0.0,2.5,0.0,0.0,62.1781,0,8,1,43,0,200,0,0,0,0.0,1.0,0.12224489795918368,7482,9800,20,12.6843,0.0,0.0,0.0,0.8229,0.1189,0.2063,8229.614100013832,47.352889066974555,0.0,0.0,173.29512972412698,0,0,0.0,2.5,-2.5,100.0,0.0,7,0
severe,full_stack,2,True,,8,0.16326530612244897,0.0,200.0,-7.0,80.0,0.0,2.5,0.0,0.0,61.8992,0,8,1,43,0,200,0,0,0,0.0,1.0,0.12224489795918368,7484,9800,18,11.0898,0.0,0.0,0.0,0.8132,0.1129,0.2126,8150.061105841799,46.89916053539722,0.0,0.0,173.27840056839588,0,0,0.0,2.5,-2.5,100.0,0.0,8,0
severe,full_stack,3,True,,8,0.16326530612244897,0.0,200.0,-7.0,80.0,0.0,2.5,0.0,0.0,62.2601,0,8,1,43,0,200,0,0,0,0.0,1.0,0.12224489795918368,7482,9800,18,11.994,0.0,0.0,0.0,0.7696,0.1338,0.1937,8223.249908394024,47.26005694479337,0.0,0.0,173.5,0,0,0.0,2.5,-2.5,100.0,0.0,8,0
severe,full_stack,4,True,,8,0.16326530612244897,0.0,200.0,-7.0,80.0,0.0,2.4899,0.0,0.0,65.3608,0,8,1,43,0,200,0,0,0,0.0,1.0,0.12224489795918368,7411,9800,23,14.9299,0.0,0.0,0.0,0.7716,0.1164,0.1907,8676.499804719178,50.36084074042488,0.0,0.0,171.78663535306205,0,0,0.0,2.489856730339708,-2.489856730339708,100.0,0.0,8,0
severe,full_stack,5,True,,8,0.16326530612244897,0.0,200.0,-7.0,80.0,0.0,2.464,0.0,0.0,63.304,0,8,1,43,0,200,0,0,0,0.0,1.0,0.12224489795918368,7439,9800,20,11.7231,0.0,0.0,0.0,0.754,0.1249,0.1874,8356.591578748279,48.30399756501881,0.0,0.0,172.5,0,0,0.0,2.4640083718334114,-2.4640083718334114,100.0,0.0,8,0
severe,full_stack,6,True,,8,0.16326530612244897,0.0,200.0,-7.0,80.0,0.0,2.5,0.0,0.0,63.7476,0,8,1,43,0,200,0,0,0,0.0,1.0,0.12224489795918368,7439,9800,19,12.6002,0.0,0.0,0.0,0.7666,0.1194,0.1971,8436.684471505272,48.767074589560124,0.0,0.0,172.49980076220683,0,0,0.0,2.5,-2.5,100.0,0.0,8,0
severe,full_stack,7,True,,8,0.16326530612244897,0.0,200.0,-7.0,80.0,0.0,2.5,0.0,0.0,63.7463,0,8,1,43,0,200,0,0,0,0.0,1.0,0.12224489795918368,7439,9800,19,13.0026,0.0,0.0,0.0,0.7666,0.1189,0.1975,8425.848128781887,48.74632995657513,0.0,0.0,172.35092306001144,0,0,0.0,2.5,-2.5,100.0,0.0,7,0
severe,full_stack,8,True,,8,0.16326530612244897,0.0,200.0,-7.0,80.0,0.0,2.5,0.0,0.0,61.0222,0,8,1,43,0,200,0,0,0,0.0,1.0,0.12224489795918368,7487,9800,14,11.598,0.0,0.0,0.0,0.7175,0.1258,0.1699,8001.200033035962,46.02224714617588,0.0,0.0,173.35504900754992,0,0,0.0,2.5,-2.5,100.0,0.0,8,0
severe,full_stack,9,True,,8,0.16326530612244897,0.0,200.0,-7.0,80.0,0.0,2.5,0.0,0.0,66.2961,0,8,1,43,0,200,0,0,0,0.0,1.0,0.12224489795918368,7396,9800,26,15.0263,0.0,0.0,0.0,0.7671,0.1188,0.1981,8822.93775670543,51.296149748287434,0.0,0.0,171.5,0,0,0.0,2.5,-2.5,100.0,0.0,8,0
severe,full_stack,10,True,,8,0.16326530612244897,0.0,200.0,-7.0,80.0,0.0,2.191,0.0,0.0,64.5349,0,8,1,43,0,200,0,0,0,0.0,1.0,0.12224489795918368,7439,9800,19,14.2592,0.0,0.0,0.0,0.7633,0.1211,0.1934,8569.53360756699,49.534876344317745,0.0,0.0,172.5,0,0,0.0,2.190956299269679,-2.190956299269679,100.0,0.0,7,0
severe,full_stack,11,True,,8,0.16326530612244897,0.0,200.0,-7.0,80.0,0.0,2.4334,0.0,0.0,64.3367,0,8,1,43,0,200,0,0,0,0.0,1.0,0.12224489795918368,7439,9800,19,14.4936,0.0,0.0,0.0,0.7785,0.1179,0.1902,8536.775050986618,49.34552052593406,0.0,0.0,172.5,0,0,0.0,2.433390461194376,-2.433390461194376,100.0,0.0,8,0
severe,full_stack,12,True,,8,0.16326530612244897,0.0,200.0,-7.0,80.0,0.0,2.478,0.0,0.0,62.7894,0,8,1,43,0,200,0,0,0,0.0,1.0,0.12224489795918368,7439,9800,17,13.2697,0.0,0.0,0.0,0.746,0.1099,0.186,8267.567037530576,47.78940484121717,0.0,0.0,172.5,0,0,0.0,2.477950734682668,-2.477950734682668,100.0,0.0,8,0
severe,full_stack,13,True,,8,0.16326530612244897,0.0,200.0,-7.0,80.0,0.0,2.3952,0.0,0.0,62.7274,0,8,1,43,0,200,0,0,0,0.0,1.0,0.12224489795918368,7482,9800,21,13.4951,0.0,0.0,0.0,0.7349,0.1191,0.1809,8304.584292842483,47.72749593587626,0.0,0.0,173.5,0,0,0.0,2.395161308099316,-2.395161308099316,100.0,0.0,8,0
severe,full_stack,14,True,,8,0.16326530612244897,0.0,200.0,-7.0,80.0,0.0,2.3614,0.0,0.0,63.7474,0,8,1,43,0,200,0,0,0,0.0,1.0,0.12224489795918368,7439,9800,20,13.2378,0.0,0.0,0.0,0.7241,0.1164,0.1745,8433.296418728918,48.74737814294186,0.0,0.0,172.5,0,0,0.0,2.361410244371163,-2.361410244371163,100.0,0.0,8,0
severe,full_stack,15,True,,8,0.16326530612244897,0.0,200.0,-7.0,80.0,0.0,2.4329,0.0,0.0,61.7004,0,8,1,43,0,200,0,0,0,0.0,1.0,0.12224489795918368,7482,9800,14,12.8696,0.0,0.0,0.0,0.7337,0.1261,0.1785,8125.872566600408,46.700417049427806,0.0,0.0,173.5,0,0,0.0,2.432853673153001,-2.432853673153001,100.0,0.0,8,0
severe,full_stack,16,True,,8,0.16326530612244897,0.0,199.0,-7.0,80.0,0.0,2.5,0.0,0.0,66.1028,0,8,1,43,0,200,0,0,0,0.0,1.0,0.12224489795918368,7396,9751,25,14.8965,0.0,0.0,0.0,0.728,0.127,0.1745,8790.972518012437,51.110305337281574,0.0,0.0,171.5,0,0,0.0,2.5,-2.5,100.0,0.0,8,0
severe,full_stack,17,True,,8,0.16326530612244897,0.0,200.0,-7.0,80.0,0.0,2.5,0.0,0.0,63.7326,0,8,1,43,0,200,0,0,0,0.0,1.0,0.12224489795918368,7439,9800,21,11.609,0.0,0.0,0.0,0.7304,0.1191,0.175,8430.743049668135,48.732618784208746,0.0,0.0,172.5,0,0,0.0,2.5,-2.5,100.0,0.0,8,0
severe,full_stack,18,True,,8,0.16326530612244897,0.0,200.0,-7.0,80.0,0.0,2.5,0.0,0.0,65.8846,0,8,1,43,0,200,0,0,0,0.0,1.0,0.12224489795918368,7368,9800,24,14.9727,0.0,0.0,0.0,0.7446,0.1184,0.1825,8715.540097039871,50.88458766547124,0.0,0.0,170.7805487260334,0,0,0.0,2.5,-2.5,100.0,0.0,8,0
severe,full_stack,19,True,,8,0.16326530612244897,0.0,200.0,-7.0,80.0,0.0,2.5,0.0,0.0,62.4048,0,8,1,43,0,200,0,0,0,0.0,1.0,0.12224489795918368,7482,9800,17,12.4974,0.0,0.0,0.0,0.7426,0.121,0.1789,8248.44220380455,47.404840251750436,0.0,0.0,173.5,0,0,0.0,2.5,-2.5,100.0,0.0,8,0
severe,full_stack,20,True,,8,0.16326530612244897,0.0,200.0,-7.0,80.0,0.0,2.5,0.0,0.0,63.264,0,8,1,43,0,200,0,0,0,0.0,1.0,0.12224489795918368,7482,9800,22,12.1798,0.0,0.0,0.0,0.8177,0.1116,0.2102,8372.237501037294,48.26404823215882,0.0,0.0,172.96736976486764,0,0,0.0,2.5,-2.5,100.0,0.0,8,0
severe,full_stack,21,True,,8,0.16326530612244897,0.0,200.0,-7.0,80.0,0.0,2.474,0.0,0.0,62.5161,0,8,1,43,0,200,0,0,0,0.0,1.0,0.12224489795918368,7482,9800,18,12.2891,0.0,0.0,0.0,0.7651,0.1076,0.1926,8267.805385075988,47.51612290273575,0.0,0.0,173.5,0,0,0.0,2.4740179274919174,-2.4740179274919174,100.0,0.0,8,0
severe,full_stack,22,True,,8,0.16326530612244897,0.0,200.0,-7.0,80.0,0.0,2.4207,0.0,0.0,65.5735,0,8,1,43,0,200,0,0,0,0.0,1.0,0.12224489795918368,7396,9800,25,15.1014,0.0,0.0,0.0,0.7475,0.1096,0.1853,8698.645120735555,50.57351814381142,0.0,0.0,171.5,0,0,0.0,2.420659062233015,-2.420659062233015,100.0,0.0,8,0
severe,full_stack,23,True,,8,0.16326530612244897,0.0,200.0,-7.0,80.0,0.0,2.3211,0.0,0.0,61.9287,0,8,1,43,0,200,0,0,0,0.0,1.0,0.12224489795918368,7482,9800,15,12.9305,0.0,0.0,0.0,0.7905,0.1168,0.2077,8156.965328322387,46.92865648425987,0.0,0.0,173.31629774673596,0,0,0.0,2.321083038845183,-2.321083038845183,100.0,0.0,8,0
severe,full_stack,24,True,,8,0.16326530612244897,0.0,199.0,-7.0,80.0,0.0,2.3032,0.0,0.0,62.336,0,8,1,43,0,200,0,0,0,0.0,1.0,0.12224489795918368,7439,9751,15,12.5506,0.0,0.0,0.0,0.7221,0.1096,0.1771,8186.066361115345,47.336020806350106,0.0,0.0,172.43524511923434,0,0,0.0,2.3031769786117464,-2.3031769786117464,100.0,0.0,8,0
severe,full_stack,25,True,,8,0.16326530612244897,0.0,200.0,-7.0,80.0,0.0,2.5,0.0,0.0,60.4205,0,8,1,43,0,200,0,0,0,0.0,1.0,0.12224489795918368,7525,9800,16,12.9698,0.0,0.0,0.0,0.7906,0.1187,0.2093,7948.589830601699,45.420513317724065,0.0,0.0,174.5,0,0,0.0,2.5,-2.5,100.0,0.0,8,0
severe,full_stack,26,True,,8,0.16326530612244897,0.0,199.0,-7.0,80.0,0.0,2.4284,0.0,0.0,66.499,0,8,1,43,0,200,0,0,0,0.0,1.0,0.12224489795918368,7353,9751,27,14.8361,0.0,0.0,0.0,0.7745,0.1284,0.2002,8806.329762837593,51.499004461038524,0.0,0.0,170.5,0,0,0.0,2.428414239034804,-2.428414239034804,100.0,0.0,8,0
severe,full_stack,27,True,,8,0.16326530612244897,0.0,200.0,-7.0,80.0,0.0,2.5,0.0,0.0,64.8335,0,8,1,43,0,200,0,0,0,0.0,1.0,0.12224489795918368,7439,9800,19,14.2482,0.0,0.0,0.0,0.7435,0.1181,0.1842,8621.189458344143,49.83346507713366,0.0,0.0,172.5,0,0,0.0,2.5,-2.5,100.0,0.0,8,0
severe,full_stack,28,True,,8,0.16326530612244897,0.0,200.0,-7.0,80.0,0.0,2.3496,0.0,0.0,61.9212,0,8,1,43,0,200,0,0,0,0.0,1.0,0.12224489795918368,7482,9800,17,12.3715,0.0,0.0,0.0,0.731,0.1186,0.1781,8164.294320621173,46.92123172770789,0.0,0.0,173.5,0,0,0.0,2.349583027531565,-2.349583027531565,100.0,0.0,8,0
severe,full_stack,29,True,,8,0.16326530612244897,0.0,200.0,-7.0,80.0,0.0,2.5,0.0,0.0,64.5072,0,8,1,43,0,200,0,0,0,0.0,1.0,0.12224489795918368,7439,9800,19,14.4302,0.0,0.0,0.0,0.7656,0.1192,0.1967,8544.91373017136,49.51072869298572,0.0,0.0,172.08711305095213,0,0,0.0,2.5,-2.5,100.0,0.0,7,0
severe,no_lstm,0,True,,8,0.16326530612244897,0.0,200.0,-7.0,80.0,0.0,2.5,0.0,0.0,61.1974,0,8,1,43,0,200,0,0,0,0.0,1.0,0.12224489795918368,7482,9800,17,12.6518,0.0,0.0,0.0,0.7042,0.1158,0.1566,8038.376891090971,46.19756833960343,0.0,0.0,173.5,0,0,0.0,2.5,-2.5,100.0,0.0,8,0
severe,no_lstm,1,True,,8,0.16326530612244897,0.0,200.0,-7.0,80.0,0.0,2.5,0.0,0.0,62.1781,0,8,1,43,0,200,0,0,0,0.0,1.0,0.12224489795918368,7482,9800,20,12.6843,0.0,0.0,0.0,0.6775,0.1299,0.156,8229.614100013832,47.352889066974555,0.0,0.0,173.29512972412698,0,0,0.0,2.5,-2.5,100.0,0.0,7,0
severe,no_lstm,2,True,,8,0.16326530612244897,0.0,200.0,-7.0,80.0,0.0,2.5,0.0,0.0,61.8992,0,8,1,43,0,200,0,0,0,0.0,1.0,0.12224489795918368,7484,9800,18,11.0898,0.0,0.0,0.0,0.6667,0.1244,0.1507,8150.061105841799,46.89916053539722,0.0,0.0,173.27840056839588,0,0,0.0,2.5,-2.5,100.0,0.0,8,0
severe,no_lstm,3,True,,8,0.16326530612244897,0.0,200.0,-7.0,80.0,0.0,2.5,0.0,0.0,62.2601,0,8,1,43,0,200,0,0,0,0.0,1.0,0.12224489795918368,7482,9800,18,11.994,0.0,0.0,0.0,0.6745,0.1136,0.1511,8223.249908394024,47.26005694479337,0.0,0.0,173.5,0,0,0.0,2.5,-2.5,100.0,0.0,8,0
severe,no_lstm,4,True,,8,0.16326530612244897,0.0,200.0,-7.0,80.0,0.0,2.4899,0.0,0.0,65.3608,0,8,1,43,0,200,0,0,0,0.0,1.0,0.12224489795918368,7411,9800,23,14.9299,0.0,0.0,0.0,0.7199,0.1375,0.1604,8676.499804719178,50.36084074042488,0.0,0.0,171.78663535306205,0,0,0.0,2.489856730339708,-2.489856730339708,100.0,0.0,8,0
severe,no_lstm,5,True,,8,0.16326530612244897,0.0,200.0,-7.0,80.0,0.0,2.464,0.0,0.0,63.304,0,8,1,43,0,200,0,0,0,0.0,1.0,0.12224489795918368,7439,9800,20,11.7231,0.0,0.0,0.0,0.679,0.1225,0.1536,8356.591578748279,48.30399756501881,0.0,0.0,172.5,0,0,0.0,2.4640083718334114,-2.4640083718334114,100.0,0.0,8,0
severe,no_lstm,6,True,,8,0.16326530612244897,0.0,200.0,-7.0,80.0,0.0,2.5,0.0,0.0,63.7476,0,8,1,43,0,200,0,0,0,0.0,1.0,0.12224489795918368,7439,9800,19,12.6002,0.0,0.0,0.0,0.6776,0.1119,0.154,8436.684471505272,48.767074589560124,0.0,0.0,172.49980076220683,0,0,0.0,2.5,-2.5,100.0,0.0,8,0
severe,no_lstm,7,True,,8,0.16326530612244897,0.0,200.0,-7.0,80.0,0.0,2.5,0.0,0.0,63.7463,0,8,1,43,0,200,0,0,0,0.0,1.0,0.12224489795918368,7439,9800,19,13.0026,0.0,0.0,0.0,0.6785,0.111,0.1489,8425.848128781887,48.74632995657513,0.0,0.0,172.35092306001144,0,0,0.0,2.5,-2.5,100.0,0.0,7,0
severe,no_lstm,8,True,,8,0.16326530612244897,0.0,200.0,-7.0,80.0,0.0,2.5,0.0,0.0,61.0222,0,8,1,43,0,200,0,0,0,0.0,1.0,0.12224489795918368,7487,9800,14,11.598,0.0,0.0,0.0,0.6651,0.1099,0.1495,8001.200033035962,46.02224714617588,0.0,0.0,173.35504900754992,0,0,0.0,2.5,-2.5,100.0,0.0,8,0
severe,no_lstm,9,True,,8,0.16326530612244897,0.0,200.0,-7.0,80.0,0.0,2.5,0.0,0.0,66.2961,0,8,1,43,0,200,0,0,0,0.0,1.0,0.12224489795918368,7396,9800,26,15.0263,0.0,0.0,0.0,0.7185,0.1199,0.1667,8822.93775670543,51.296149748287434,0.0,0.0,171.5,0,0,0.0,2.5,-2.5,100.0,0.0,8,0
severe,no_lstm,10,True,,8,0.16326530612244897,0.0,200.0,-7.0,80.0,0.0,2.191,0.0,0.0,64.5349,0,8,1,43,0,200,0,0,0,0.0,1.0,0.12224489795918368,7439,9800,19,14.2592,0.0,0.0,0.0,0.6827,0.114,0.1587,8569.53360756699,49.534876344317745,0.0,0.0,172.5,0,0,0.0,2.190956299269679,-2.190956299269679,100.0,0.0,7,0
severe,no_lstm,11,True,,8,0.16326530612244897,0.0,200.0,-7.0,80.0,0.0,2.4334,0.0,0.0,64.3367,0,8,1,43,0,200,0,0,0,0.0,1.0,0.12224489795918368,7439,9800,19,14.4936,0.0,0.0,0.0,0.6814,0.1199,0.1551,8536.775050986618,49.34552052593406,0.0,0.0,172.5,0,0,0.0,2.433390461194376,-2.433390461194376,100.0,0.0,8,0
severe,no_lstm,12,True,,8,0.16326530612244897,0.0,200.0,-7.0,80.0,0.0,2.478,0.0,0.0,62.7894,0,8,1,43,0,200,0,0,0,0.0,1.0,0.12224489795918368,7439,9800,17,13.2697,0.0,0.0,0.0,0.669,0.1168,0.1511,8267.567037530576,47.78940484121717,0.0,0.0,172.5,0,0,0.0,2.477950734682668,-2.477950734682668,100.0,0.0,8,0
severe,no_lstm,13,True,,8,0.16326530612244897,0.0,200.0,-7.0,80.0,0.0,2.3952,0.0,0.0,62.7274,0,8,1,43,0,200,0,0,0,0.0,1.0,0.12224489795918368,7482,9800,21,13.4951,0.0,0.0,0.0,0.6917,0.1207,0.1535,8304.584292842483,47.72749593587626,0.0,0.0,173.5,0,0,0.0,2.395161308099316,-2.395161308099316,100.0,0.0,8,0
severe,no_lstm,14,True,,8,0.16326530612244897,0.0,200.0,-7.0,80.0,0.0,2.3614,0.0,0.0,63.7474,0,8,1,43,0,200,0,0,0,0.0,1.0,0.12224489795918368,7439,9800,20,13.2378,0.0,0.0,0.0,0.6666,0.1198,0.1513,8433.296418728918,48.74737814294186,0.0,0.0,172.5,0,0,0.0,2.361410244371163,-2.361410244371163,100.0,0.0,8,0
severe,no_lstm,15,True,,8,0.16326530612244897,0.0,200.0,-7.0,80.0,0.0,2.4329,0.0,0.0,61.7004,0,8,1,43,0,200,0,0,0,0.0,1.0,0.12224489795918368,7482,9800,14,12.8696,0.0,0.0,0.0,0.6839,0.1159,0.153,8125.872566600408,46.700417049427806,0.0,0.0,173.5,0,0,0.0,2.432853673153001,-2.432853673153001,100.0,0.0,8,0
severe,no_lstm,16,True,,8,0.16326530612244897,0.0,199.0,-7.0,80.0,0.0,2.5,0.0,0.0,66.1028,0,8,1,43,0,200,0,0,0,0.0,1.0,0.12224489795918368,7396,9751,25,14.8965,0.0,0.0,0.0,0.6736,0.1209,0.154,8790.972518012437,51.110305337281574,0.0,0.0,171.5,0,0,0.0,2.5,-2.5,100.0,0.0,8,0
severe,no_lstm,17,True,,8,0.16326530612244897,0.0,200.0,-7.0,80.0,0.0,2.5,0.0,0.0,63.7326,0,8,1,43,0,200,0,0,0,0.0,1.0,0.12224489795918368,7439,9800,21,11.609,0.0,0.0,0.0,0.6852,0.1211,0.1564,8430.743049668135,48.732618784208746,0.0,0.0,172.5,0,0,0.0,2.5,-2.5,100.0,0.0,8,0
severe,no_lstm,18,True,,8,0.16326530612244897,0.0,200.0,-7.0,80.0,0.0,2.5,0.0,0.0,65.8846,0,8,1,43,0,200,0,0,0,0.0,1.0,0.12224489795918368,7368,9800,24,14.9727,0.0,0.0,0.0,0.709,0.1129,0.1602,8715.540097039871,50.88458766547124,0.0,0.0,170.7805487260334,0,0,0.0,2.5,-2.5,100.0,0.0,8,0
severe,no_lstm,19,True,,8,0.16326530612244897,0.0,200.0,-7.0,80.0,0.0,2.5,0.0,0.0,62.4048,0,8,1,43,0,200,0,0,0,0.0,1.0,0.12224489795918368,7482,9800,17,12.4974,0.0,0.0,0.0,0.6596,0.1147,0.1504,8248.44220380455,47.404840251750436,0.0,0.0,173.5,0,0,0.0,2.5,-2.5,100.0,0.0,8,0
severe,no_lstm,20,True,,8,0.16326530612244897,0.0,200.0,-7.0,80.0,0.0,2.5,0.0,0.0,63.264,0,8,1,43,0,200,0,0,0,0.0,1.0,0.12224489795918368,7482,9800,22,12.1798,0.0,0.0,0.0,0.6562,0.1225,0.1494,8372.237501037294,48.26404823215882,0.0,0.0,172.96736976486764,0,0,0.0,2.5,-2.5,100.0,0.0,8,0
severe,no_lstm,21,True,,8,0.16326530612244897,0.0,200.0,-7.0,80.0,0.0,2.474,0.0,0.0,62.5161,0,8,1,43,0,200,0,0,0,0.0,1.0,0.12224489795918368,7482,9800,18,12.2891,0.0,0.0,0.0,0.671,0.1267,0.1491,8267.805385075988,47.51612290273575,0.0,0.0,173.5,0,0,0.0,2.4740179274919174,-2.4740179274919174,100.0,0.0,8,0
severe,no_lstm,22,True,,8,0.16326530612244897,0.0,200.0,-7.0,80.0,0.0,2.4207,0.0,0.0,65.5735,0,8,1,43,0,200,0,0,0,0.0,1.0,0.12224489795918368,7396,9800,25,15.1014,0.0,0.0,0.0,0.6647,0.1089,0.1552,8698.645120735555,50.57351814381142,0.0,0.0,171.5,0,0,0.0,2.420659062233015,-2.420659062233015,100.0,0.0,8,0
severe,no_lstm,23,True,,8,0.16326530612244897,0.0,200.0,-7.0,80.0,0.0,2.3211,0.0,0.0,61.9287,0,8,1,43,0,200,0,0,0,0.0,1.0,0.12224489795918368,7482,9800,15,12.9305,0.0,0.0,0.0,0.6725,0.1262,0.1551,8156.965328322387,46.92865648425987,0.0,0.0,173.31629774673596,0,0,0.0,2.321083038845183,-2.321083038845183,100.0,0.0,8,0
severe,no_lstm,24,True,,8,0.16326530612244897,0.0,199.0,-7.0,80.0,0.0,2.3032,0.0,0.0,62.336,0,8,1,43,0,200,0,0,0,0.0,1.0,0.12224489795918368,7439,9751,15,12.5506,0.0,0.0,0.0,0.6756,0.1029,0.148,8186.066361115345,47.336020806350106,0.0,0.0,172.43524511923434,0,0,0.0,2.3031769786117464,-2.3031769786117464,100.0,0.0,8,0
severe,no_lstm,25,True,,8,0.16326530612244897,0.0,200.0,-7.0,80.0,0.0,2.5,0.0,0.0,60.4205,0,8,1,43,0,200,0,0,0,0.0,1.0,0.12224489795918368,7525,9800,16,12.9698,0.0,0.0,0.0,0.6674,0.1258,0.1498,7948.589830601699,45.420513317724065,0.0,0.0,174.5,0,0,0.0,2.5,-2.5,100.0,0.0,8,0
severe,no_lstm,26,True,,8,0.16326530612244897,0.0,199.0,-7.0,80.0,0.0,2.4284,0.0,0.0,66.499,0,8,1,43,0,200,0,0,0,0.0,1.0,0.12224489795918368,7353,9751,27,14.8361,0.0,0.0,0.0,0.664,0.1155,0.1525,8806.329762837593,51.499004461038524,0.0,0.0,170.5,0,0,0.0,2.428414239034804,-2.428414239034804,100.0,0.0,8,0
severe,no_lstm,27,True,,8,0.16326530612244897,0.0,200.0,-7.0,80.0,0.0,2.5,0.0,0.0,64.8335,0,8,1,43,0,200,0,0,0,0.0,1.0,0.12224489795918368,7439,9800,19,14.2482,0.0,0.0,0.0,0.7211,0.1255,0.1547,8621.189458344143,49.83346507713366,0.0,0.0,172.5,0,0,0.0,2.5,-2.5,100.0,0.0,8,0
severe,no_lstm,28,True,,8,0.16326530612244897,0.0,200.0,-7.0,80.0,0.0,2.3496,0.0,0.0,61.9212,0,8,1,43,0,200,0,0,0,0.0,1.0,0.12224489795918368,7482,9800,17,12.3715,0.0,0.0,0.0,0.6772,0.1159,0.1525,8164.294320621173,46.92123172770789,0.0,0.0,173.5,0,0,0.0,2.349583027531565,-2.349583027531565,100.0,0.0,8,0
severe,no_lstm,29,True,,8,0.16326530612244897,0.0,200.0,-7.0,80.0,0.0,2.5,0.0,0.0,64.5072,0,8,1,43,0,200,0,0,0,0.0,1.0,0.12224489795918368,7439,9800,19,14.4302,0.0,0.0,0.0,0.6765,0.1228,0.1592,8544.91373017136,49.51072869298572,0.0,0.0,172.08711305095213,0,0,0.0,2.5,-2.5,100.0,0.0,7,0
severe,no_twin,0,True,,8,0.16326530612244897,0.0,200.0,-7.0,80.0,0.0,2.5,0.0,0.0,61.1974,0,8,1,43,0,200,0,0,0,0.0,1.0,0.12224489795918368,7482,9800,17,12.6518,0.0,0.0,0.0,9.6273,0.1351,0.1737,8038.376891090971,46.19756833960343,0.0,0.0,173.5,0,0,0.0,2.5,-2.5,100.0,0.0,8,0
severe,no_twin,1,True,,8,0.16326530612244897,0.0,200.0,-7.0,80.0,0.0,2.5,0.0,0.0,62.1781,0,8,1,43,0,200,0,0,0,0.0,1.0,0.12224489795918368,7482,9800,20,12.6843,0.0,0.0,0.0,9.5631,0.1147,0.1749,8229.614100013832,47.352889066974555,0.0,0.0,173.29512972412698,0,0,0.0,2.5,-2.5,100.0,0.0,7,0
severe,no_twin,2,True,,8,0.16326530612244897,0.0,200.0,-7.0,80.0,0.0,2.5,0.0,0.0,61.8992,0,8,1,43,0,200,0,0,0,0.0,1.0,0.12224489795918368,7484,9800,18,11.0898,0.0,0.0,0.0,9.4994,0.1258,0.155,8150.061105841799,46.89916053539722,0.0,0.0,173.27840056839588,0,0,0.0,2.5,-2.5,100.0,0.0,8,0
severe,no_twin,3,True,,8,0.16326530612244897,0.0,200.0,-7.0,80.0,0.0,2.5,0.0,0.0,62.2601,0,8,1,43,0,200,0,0,0,0.0,1.0,0.12224489795918368,7482,9800,18,11.994,0.0,0.0,0.0,9.549,0.1309,0.1771,8223.249908394024,47.26005694479337,0.0,0.0,173.5,0,0,0.0,2.5,-2.5,100.0,0.0,8,0
severe,no_twin,4,True,,8,0.16326530612244897,0.0,200.0,-7.0,80.0,0.0,2.4899,0.0,0.0,65.3608,0,8,1,43,0,200,0,0,0,0.0,1.0,0.12224489795918368,7411,9800,23,14.9299,0.0,0.0,0.0,10.0335,0.1183,0.172,8676.499804719178,50.36084074042488,0.0,0.0,171.78663535306205,0,0,0.0,2.489856730339708,-2.489856730339708,100.0,0.0,8,0
severe,no_twin,5,True,,8,0.16326530612244897,0.0,200.0,-7.0,80.0,0.0,2.464,0.0,0.0,63.304,0,8,1,43,0,200,0,0,0,0.0,1.0,0.12224489795918368,7439,9800,20,11.7231,0.0,0.0,0.0,9.3968,0.1299,0.1682,8356.591578748279,48.30399756501881,0.0,0.0,172.5,0,0,0.0,2.4640083718334114,-2.4640083718334114,100.0,0.0,8,0
severe,no_twin,6,True,,8,0.16326530612244897,0.0,200.0,-7.0,80.0,0.0,2.5,0.0,0.0,63.7476,0,8,1,43,0,200,0,0,0,0.0,1.0,0.12224489795918368,7439,9800,19,12.6002,0.0,0.0,0.0,9.6507,0.1278,0.1665,8436.684471505272,48.767074589560124,0.0,0.0,172.49980076220683,0,0,0.0,2.5,-2.5,100.0,0.0,8,0
severe,no_twin,7,True,,8,0.16326530612244897,0.0,200.0,-7.0,80.0,0.0,2.5,0.0,0.0,63.7463,0,8,1,43,0,200,0,0,0,0.0,1.0,0.12224489795918368,7439,9800,19,13.0026,0.0,0.0,0.0,9.7054,0.1369,0.164,8425.848128781887,48.74632995657513,0.0,0.0,172.35092306001144,0,0,0.0,2.5,-2.5,100.0,0.0,7,0
severe,no_twin,8,True,,8,0.16326530612244897,0.0,200.0,-7.0,80.0,0.0,2.5,0.0,0.0,61.0222,0,8,1,43,0,200,0,0,0,0.0,1.0,0.12224489795918368,7487,9800,14,11.598,0.0,0.0,0.0,8.8962,0.1169,0.1569,8001.200033035962,46.02224714617588,0.0,0.0,173.35504900754992,0,0,0.0,2.5,-2.5,100.0,0.0,8,0
severe,no_twin,9,True,,8,0.16326530612244897,0.0,200.0,-7.0,80.0,0.0,2.5,0.0,0.0,66.2961,0,8,1,43,0,200,0,0,0,0.0,1.0,0.12224489795918368,7396,9800,26,15.0263,0.0,0.0,0.0,9.7428,0.1309,0.1602,8822.93775670543,51.296149748287434,0.0,0.0,171.5,0,0,0.0,2.5,-2.5,100.0,0.0,8,0
severe,no_twin,10,True,,8,0.16326530612244897,0.0,200.0,-7.0,80.0,0.0,2.191,0.0,0.0,64.5349,0,8,1,43,0,200,0,0,0,0.0,1.0,0.12224489795918368,7439,9800,19,14.2592,0.0,0.0,0.0,9.6552,0.1219,0.1572,8569.53360756699,49.534876344317745,0.0,0.0,172.5,0,0,0.0,2.190956299269679,-2.190956299269679,100.0,0.0,7,0
severe,no_twin,11,True,,8,0.16326530612244897,0.0,200.0,-7.0,80.0,0.0,2.4334,0.0,0.0,64.3367,0,8,1,43,0,200,0,0,0,0.0,1.0,0.12224489795918368,7439,9800,19,14.4936,0.0,0.0,0.0,9.727,0.1358,0.1676,8536.775050986618,49.34552052593406,0.0,0.0,172.5,0,0,0.0,2.433390461194376,-2.433390461194376,100.0,0.0,8,0
severe,no_twin,12,True,,8,0.16326530612244897,0.0,200.0,-7.0,80.0,0.0,2.478,0.0,0.0,62.7894,0,8,1,43,0,200,0,0,0,0.0,1.0,0.12224489795918368,7439,9800,17,13.2697,0.0,0.0,0.0,9.1419,0.1286,0.1713,8267.567037530576,47.78940484121717,0.0,0.0,172.5,0,0,0.0,2.477950734682668,-2.477950734682668,100.0,0.0,8,0
severe,no_twin,13,True,,8,0.16326530612244897,0.0,200.0,-7.0,80.0,0.0,2.3952,0.0,0.0,62.7274,0,8,1,43,0,200,0,0,0,0.0,1.0,0.12224489795918368,7482,9800,21,13.4951,0.0,0.0,0.0,9.5676,0.122,0.1577,8304.584292842483,47.72749593587626,0.0,0.0,173.5,0,0,0.0,2.395161308099316,-2.395161308099316,100.0,0.0,8,0
severe,no_twin,14,True,,8,0.16326530612244897,0.0,200.0,-7.0,80.0,0.0,2.3614,0.0,0.0,63.7474,0,8,1,43,0,200,0,0,0,0.0,1.0,0.12224489795918368,7439,9800,20,13.2378,0.0,0.0,0.0,9.2509,0.1218,0.1602,8433.296418728918,48.74737814294186,0.0,0.0,172.5,0,0,0.0,2.361410244371163,-2.361410244371163,100.0,0.0,8,0
severe,no_twin,15,True,,8,0.16326530612244897,0.0,200.0,-7.0,80.0,0.0,2.4329,0.0,0.0,61.7004,0,8,1,43,0,200,0,0,0,0.0,1.0,0.12224489795918368,7482,9800,14,12.8696,0.0,0.0,0.0,9.5359,0.1123,0.154,8125.872566600408,46.700417049427806,0.0,0.0,173.5,0,0,0.0,2.432853673153001,-2.432853673153001,100.0,0.0,8,0
severe,no_twin,16,True,,8,0.16326530612244897,0.0,199.0,-7.0,80.0,0.0,2.5,0.0,0.0,66.1028,0,8,1,43,0,200,0,0,0,0.0,1.0,0.12224489795918368,7396,9751,25,14.8965,0.0,0.0,0.0,9.9057,0.1381,0.1661,8790.972518012437,51.110305337281574,0.0,0.0,171.5,0,0,0.0,2.5,-2.5,100.0,0.0,8,0
severe,no_twin,17,True,,8,0.16326530612244897,0.0,200.0,-7.0,80.0,0.0,2.5,0.0,0.0,63.7326,0,8,1,43,0,200,0,0,0,0.0,1.0,0.12224489795918368,7439,9800,21,11.609,0.0,0.0,0.0,9.9762,0.124,0.1655,8430.743049668135,48.732618784208746,0.0,0.0,172.5,0,0,0.0,2.5,-2.5,100.0,0.0,8,0
severe,no_twin,18,True,,8,0.16326530612244897,0.0,200.0,-7.0,80.0,0.0,2.5,0.0,0.0,65.8846,0,8,1,43,0,200,0,0,0,0.0,1.0,0.12224489795918368,7368,9800,24,14.9727,0.0,0.0,0.0,9.9267,0.1341,0.1581,8715.540097039871,50.88458766547124,0.0,0.0,170.7805487260334,0,0,0.0,2.5,-2.5,100.0,0.0,8,0
severe,no_twin,19,True,,8,0.16326530612244897,0.0,200.0,-7.0,80.0,0.0,2.5,0.0,0.0,62.4048,0,8,1,43,0,200,0,0,0,0.0,1.0,0.12224489795918368,7482,9800,17,12.4974,0.0,0.0,0.0,9.4457,0.1169,0.1731,8248.44220380455,47.404840251750436,0.0,0.0,173.5,0,0,0.0,2.5,-2.5,100.0,0.0,8,0
severe,no_twin,20,True,,8,0.16326530612244897,0.0,200.0,-7.0,80.0,0.0,2.5,0.0,0.0,63.264,0,8,1,43,0,200,0,0,0,0.0,1.0,0.12224489795918368,7482,9800,22,12.1798,0.0,0.0,0.0,9.0701,0.1355,0.1743,8372.237501037294,48.26404823215882,0.0,0.0,172.96736976486764,0,0,0.0,2.5,-2.5,100.0,0.0,8,0
severe,no_twin,21,True,,8,0.16326530612244897,0.0,200.0,-7.0,80.0,0.0,2.474,0.0,0.0,62.5161,0,8,1,43,0,200,0,0,0,0.0,1.0,0.12224489795918368,7482,9800,18,12.2891,0.0,0.0,0.0,9.6659,0.1218,0.1493,8267.805385075988,47.51612290273575,0.0,0.0,173.5,0,0,0.0,2.4740179274919174,-2.4740179274919174,100.0,0.0,8,0
severe,no_twin,22,True,,8,0.16326530612244897,0.0,200.0,-7.0,80.0,0.0,2.4207,0.0,0.0,65.5735,0,8,1,43,0,200,0,0,0,0.0,1.0,0.12224489795918368,7396,9800,25,15.1014,0.0,0.0,0.0,9.4834,0.1367,0.1747,8698.645120735555,50.57351814381142,0.0,0.0,171.5,0,0,0.0,2.420659062233015,-2.420659062233015,100.0,0.0,8,0
severe,no_twin,23,True,,8,0.16326530612244897,0.0,200.0,-7.0,80.0,0.0,2.3211,0.0,0.0,61.9287,0,8,1,43,0,200,0,0,0,0.0,1.0,0.12224489795918368,7482,9800,15,12.9305,0.0,0.0,0.0,9.5414,0.1299,0.1561,8156.965328322387,46.92865648425987,0.0,0.0,173.31629774673596,0,0,0.0,2.321083038845183,-2.321083038845183,100.0,0.0,8,0
severe,no_twin,24,True,,8,0.16326530612244897,0.0,199.0,-7.0,80.0,0.0,2.3032,0.0,0.0,62.336,0,8,1,43,0,200,0,0,0,0.0,1.0,0.12224489795918368,7439,9751,15,12.5506,0.0,0.0,0.0,10.0399,0.1311,0.1685,8186.066361115345,47.336020806350106,0.0,0.0,172.43524511923434,0,0,0.0,2.3031769786117464,-2.3031769786117464,100.0,0.0,8,0
severe,no_twin,25,True,,8,0.16326530612244897,0.0,200.0,-7.0,80.0,0.0,2.5,0.0,0.0,60.4205,0,8,1,43,0,200,0,0,0,0.0,1.0,0.12224489795918368,7525,9800,16,12.9698,0.0,0.0,0.0,9.608,0.1269,0.2006,7948.589830601699,45.420513317724065,0.0,0.0,174.5,0,0,0.0,2.5,-2.5,100.0,0.0,8,0
severe,no_twin,26,True,,8,0.16326530612244897,0.0,199.0,-7.0,80.0,0.0,2.4284,0.0,0.0,66.499,0,8,1,43,0,200,0,0,0,0.0,1.0,0.12224489795918368,7353,9751,27,14.8361,0.0,0.0,0.0,10.1996,0.1189,0.1839,8806.329762837593,51.499004461038524,0.0,0.0,170.5,0,0,0.0,2.428414239034804,-2.428414239034804,100.0,0.0,8,0
severe,no_twin,27,True,,8,0.16326530612244897,0.0,200.0,-7.0,80.0,0.0,2.5,0.0,0.0,64.8335,0,8,1,43,0,200,0,0,0,0.0,1.0,0.12224489795918368,7439,9800,19,14.2482,0.0,0.0,0.0,9.8752,0.1172,0.1636,8621.189458344143,49.83346507713366,0.0,0.0,172.5,0,0,0.0,2.5,-2.5,100.0,0.0,8,0
severe,no_twin,28,True,,8,0.16326530612244897,0.0,200.0,-7.0,80.0,0.0,2.3496,0.0,0.0,61.9212,0,8,1,43,0,200,0,0,0,0.0,1.0,0.12224489795918368,7482,9800,17,12.3715,0.0,0.0,0.0,9.5954,0.1329,0.1578,8164.294320621173,46.92123172770789,0.0,0.0,173.5,0,0,0.0,2.349583027531565,-2.349583027531565,100.0,0.0,8,0
severe,no_twin,29,True,,8,0.16326530612244897,0.0,200.0,-7.0,80.0,0.0,2.5,0.0,0.0,64.5072,0,8,1,43,0,200,0,0,0,0.0,1.0,0.12224489795918368,7439,9800,19,14.4302,0.0,0.0,0.0,9.7758,0.137,0.1624,8544.91373017136,49.51072869298572,0.0,0.0,172.08711305095213,0,0,0.0,2.5,-2.5,100.0,0.0,7,0
severe,no_predictive,0,True,,8,0.16326530612244897,0.0,200.0,-7.0,80.0,0.0,2.5,0.0,0.0,61.1974,0,8,1,43,0,200,0,0,0,0.0,1.0,0.12224489795918368,7482,9800,17,12.6518,0.0,0.0,0.0,0.6782,0.1259,0.1994,8038.376891090971,46.19756833960343,0.0,0.0,173.5,0,0,0.0,2.5,-2.5,100.0,0.0,8,0
severe,no_predictive,1,True,,8,0.16326530612244897,0.0,200.0,-7.0,80.0,0.0,2.5,0.0,0.0,62.1781,0,8,1,43,0,200,0,0,0,0.0,1.0,0.12224489795918368,7482,9800,20,12.6843,0.0,0.0,0.0,0.622,0.1197,0.1776,8229.614100013832,47.352889066974555,0.0,0.0,173.29512972412698,0,0,0.0,2.5,-2.5,100.0,0.0,7,0
severe,no_predictive,2,True,,8,0.16326530612244897,0.0,200.0,-7.0,80.0,0.0,2.5,0.0,0.0,61.8992,0,8,1,43,0,200,0,0,0,0.0,1.0,0.12224489795918368,7484,9800,18,11.0898,0.0,0.0,0.0,0.6363,0.115,0.1896,8150.061105841799,46.89916053539722,0.0,0.0,173.27840056839588,0,0,0.0,2.5,-2.5,100.0,0.0,8,0
severe,no_predictive,3,True,,8,0.16326530612244897,0.0,200.0,-7.0,80.0,0.0,2.5,0.0,0.0,62.2601,0,8,1,43,0,200,0,0,0,0.0,1.0,0.12224489795918368,7482,9800,18,11.994,0.0,0.0,0.0,0.6475,0.1119,0.1952,8223.249908394024,47.26005694479337,0.0,0.0,173.5,0,0,0.0,2.5,-2.5,100.0,0.0,8,0
severe,no_predictive,4,True,,8,0.16326530612244897,0.0,200.0,-7.0,80.0,0.0,2.4899,0.0,0.0,65.3608,0,8,1,43,0,200,0,0,0,0.0,1.0,0.12224489795918368,7411,9800,23,14.9299,0.0,0.0,0.0,0.6481,0.1181,0.1938,8676.499804719178,50.36084074042488,0.0,0.0,171.78663535306205,0,0,0.0,2.489856730339708,-2.489856730339708,100.0,0.0,8,0
severe,no_predictive,5,True,,8,0.16326530612244897,0.0,200.0,-7.0,80.0,0.0,2.464,0.0,0.0,63.304,0,8,1,43,0,200,0,0,0,0.0,1.0,0.12224489795918368,7439,9800,20,11.7231,0.0,0.0,0.0,0.6282,0.1169,0.1846,8356.591578748279,48.30399756501881,0.0,0.0,172.5,0,0,0.0,2.4640083718334114,-2.4640083718334114,100.0,0.0,8,0
severe,no_predictive,6,True,,8,0.16326530612244897,0.0,200.0,-7.0,80.0,0.0,2.5,0.0,0.0,63.7476,0,8,1,43,0,200,0,0,0,0.0,1.0,0.12224489795918368,7439,9800,19,12.6002,0.0,0.0,0.0,0.651,0.1158,0.1981,8436.684471505272,48.767074589560124,0.0,0.0,172.49980076220683,0,0,0.0,2.5,-2.5,100.0,0.0,8,0
severe,no_predictive,7,True,,8,0.16326530612244897,0.0,200.0,-7.0,80.0,0.0,2.5,0.0,0.0,63.7463,0,8,1,43,0,200,0,0,0,0.0,1.0,0.12224489795918368,7439,9800,19,13.0026,0.0,0.0,0.0,0.634,0.1134,0.1878,8425.848128781887,48.74632995657513,0.0,0.0,172.35092306001144,0,0,0.0,2.5,-2.5,100.0,0.0,7,0
severe,no_predictive,8,True,,8,0.16326530612244897,0.0,200.0,-7.0,80.0,0.0,2.5,0.0,0.0,61.0222,0,8,1,43,0,200,0,0,0,0.0,1.0,0.12224489795918368,7487,9800,14,11.598,0.0,0.0,0.0,0.6734,0.1259,0.1857,8001.200033035962,46.02224714617588,0.0,0.0,173.35504900754992,0,0,0.0,2.5,-2.5,100.0,0.0,8,0
severe,no_predictive,9,True,,8,0.16326530612244897,0.0,200.0,-7.0,80.0,0.0,2.5,0.0,0.0,66.2961,0,8,1,43,0,200,0,0,0,0.0,1.0,0.12224489795918368,7396,9800,26,15.0263,0.0,0.0,0.0,0.6735,0.126,0.2029,8822.93775670543,51.296149748287434,0.0,0.0,171.5,0,0,0.0,2.5,-2.5,100.0,0.0,8,0
severe,no_predictive,10,True,,8,0.16326530612244897,0.0,200.0,-7.0,80.0,0.0,2.191,0.0,0.0,64.5349,0,8,1,43,0,200,0,0,0,0.0,1.0,0.12224489795918368,7439,9800,19,14.2592,0.0,0.0,0.0,0.635,0.1179,0.1837,8569.53360756699,49.534876344317745,0.0,0.0,172.5,0,0,0.0,2.190956299269679,-2.190956299269679,100.0,0.0,7,0
severe,no_predictive,11,True,,8,0.16326530612244897,0.0,200.0,-7.0,80.0,0.0,2.4334,0.0,0.0,64.3367,0,8,1,43,0,200,0,0,0,0.0,1.0,0.12224489795918368,7439,9800,19,14.4936,0.0,0.0,0.0,0.6518,0.1216,0.196,8536.775050986618,49.34552052593406,0.0,0.0,172.5,0,0,0.0,2.433390461194376,-2.433390461194376,100.0,0.0,8,0
severe,no_predictive,12,True,,8,0.16326530612244897,0.0,200.0,-7.0,80.0,0.0,2.478,0.0,0.0,62.7894,0,8,1,43,0,200,0,0,0,0.0,1.0,0.12224489795918368,7439,9800,17,13.2697,0.0,0.0,0.0,0.6036,0.1198,0.1729,8267.567037530576,47.78940484121717,0.0,0.0,172.5,0,0,0.0,2.477950734682668,-2.477950734682668,100.0,0.0,8,0
severe,no_predictive,13,True,,8,0.16326530612244897,0.0,200.0,-7.0,80.0,0.0,2.3952,0.0,0.0,62.7274,0,8,1,43,0,200,0,0,0,0.0,1.0,0.12224489795918368,7482,9800,21,13.4951,0.0,0.0,0.0,0.6195,0.1132,0.1786,8304.584292842483,47.72749593587626,0.0,0.0,173.5,0,0,0.0,2.395161308099316,-2.395161308099316,100.0,0.0,8,0
severe,no_predictive,14,True,,8,0.16326530612244897,0.0,200.0,-7.0,80.0,0.0,2.3614,0.0,0.0,63.7474,0,8,1,43,0,200,0,0,0,0.0,1.0,0.12224489795918368,7439,9800,20,13.2378,0.0,0.0,0.0,0.6576,0.1228,0.1963,8433.296418728918,48.74737814294186,0.0,0.0,172.5,0,0,0.0,2.361410244371163,-2.361410244371163,100.0,0.0,8,0
severe,no_predictive,15,True,,8,0.16326530612244897,0.0,200.0,-7.0,80.0,0.0,2.4329,0.0,0.0,61.7004,0,8,1,43,0,200,0,0,0,0.0,1.0,0.12224489795918368,7482,9800,14,12.8696,0.0,0.0,0.0,0.6895,0.1306,0.2008,8125.872566600408,46.700417049427806,0.0,0.0,173.5,0,0,0.0,2.432853673153001,-2.432853673153001,100.0,0.0,8,0
severe,no_predictive,16,True,,8,0.16326530612244897,0.0,199.0,-7.0,80.0,0.0,2.5,0.0,0.0,66.1028,0,8,1,43,0,200,0,0,0,0.0,1.0,0.12224489795918368,7396,9751,25,14.8965,0.0,0.0,0.0,0.636,0.1043,0.1926,8790.972518012437,51.110305337281574,0.0,0.0,171.5,0,0,0.0,2.5,-2.5,100.0,0.0,8,0
severe,no_predictive,17,True,,8,0.16326530612244897,0.0,200.0,-7.0,80.0,0.0,2.5,0.0,0.0,63.7326,0,8,1,43,0,200,0,0,0,0.0,1.0,0.12224489795918368,7439,9800,21,11.609,0.0,0.0,0.0,0.6234,0.1199,0.1847,8430.743049668135,48.732618784208746,0.0,0.0,172.5,0,0,0.0,2.5,-2.5,100.0,0.0,8,0
severe,no_predictive,18,True,,8,0.16326530612244897,0.0,200.0,-7.0,80.0,0.0,2.5,0.0,0.0,65.8846,0,8,1,43,0,200,0,0,0,0.0,1.0,0.12224489795918368,7368,9800,24,14.9727,0.0,0.0,0.0,0.6468,0.1169,0.1984,8715.540097039871,50.88458766547124,0.0,0.0,170.7805487260334,0,0,0.0,2.5,-2.5,100.0,0.0,8,0
severe,no_predictive,19,True,,8,0.16326530612244897,0.0,200.0,-7.0,80.0,0.0,2.5,0.0,0.0,62.4048,0,8,1,43,0,200,0,0,0,0.0,1.0,0.12224489795918368,7482,9800,17,12.4974,0.0,0.0,0.0,0.6209,0.1095,0.1842,8248.44220380455,47.404840251750436,0.0,0.0,173.5,0,0,0.0,2.5,-2.5,100.0,0.0,8,0
severe,no_predictive,20,True,,8,0.16326530612244897,0.0,200.0,-7.0,80.0,0.0,2.5,0.0,0.0,63.264,0,8,1,43,0,200,0,0,0,0.0,1.0,0.12224489795918368,7482,9800,22,12.1798,0.0,0.0,0.0,0.6636,0.121,0.1994,8372.237501037294,48.26404823215882,0.0,0.0,172.96736976486764,0,0,0.0,2.5,-2.5,100.0,0.0,8,0
severe,no_predictive,21,True,,8,0.16326530612244897,0.0,200.0,-7.0,80.0,0.0,2.474,0.0,0.0,62.5161,0,8,1,43,0,200,0,0,0,0.0,1.0,0.12224489795918368,7482,9800,18,12.2891,0.0,0.0,0.0,0.6365,0.1079,0.1914,8267.805385075988,47.51612290273575,0.0,0.0,173.5,0,0,0.0,2.4740179274919174,-2.4740179274919174,100.0,0.0,8,0
severe,no_predictive,22,True,,8,0.16326530612244897,0.0,200.0,-7.0,80.0,0.0,2.4207,0.0,0.0,65.5735,0,8,1,43,0,200,0,0,0,0.0,1.0,0.12224489795918368,7396,9800,25,15.1014,0.0,0.0,0.0,0.7205,0.1118,0.2308,8698.645120735555,50.57351814381142,0.0,0.0,171.5,0,0,0.0,2.420659062233015,-2.420659062233015,100.0,0.0,8,0
severe,no_predictive,23,True,,8,0.16326530612244897,0.0,200.0,-7.0,80.0,0.0,2.3211,0.0,0.0,61.9287,0,8,1,43,0,200,0,0,0,0.0,1.0,0.12224489795918368,7482,9800,15,12.9305,0.0,0.0,0.0,0.619,0.1087,0.1826,8156.965328322387,46.92865648425987,0.0,0.0,173.31629774673596,0,0,0.0,2.321083038845183,-2.321083038845183,100.0,0.0,8,0
severe,no_predictive,24,True,,8,0.16326530612244897,0.0,199.0,-7.0,80.0,0.0,2.3032,0.0,0.0,62.336,0,8,1,43,0,200,0,0,0,0.0,1.0,0.12224489795918368,7439,9751,15,12.5506,0.0,0.0,0.0,0.6549,0.1264,0.1942,8186.066361115345,47.336020806350106,0.0,0.0,172.43524511923434,0,0,0.0,2.3031769786117464,-2.3031769786117464,100.0,0.0,8,0
severe,no_predictive,25,True,,8,0.16326530612244897,0.0,200.0,-7.0,80.0,0.0,2.5,0.0,0.0,60.4205,0,8,1,43,0,200,0,0,0,0.0,1.0,0.12224489795918368,7525,9800,16,12.9698,0.0,0.0,0.0,0.639,0.1232,0.1857,7948.589830601699,45.420513317724065,0.0,0.0,174.5,0,0,0.0,2.5,-2.5,100.0,0.0,8,0
severe,no_predictive,26,True,,8,0.16326530612244897,0.0,199.0,-7.0,80.0,0.0,2.4284,0.0,0.0,66.499,0,8,1,43,0,200,0,0,0,0.0,1.0,0.12224489795918368,7353,9751,27,14.8361,0.0,0.0,0.0,0.6553,0.1155,0.1961,8806.329762837593,51.499004461038524,0.0,0.0,170.5,0,0,0.0,2.428414239034804,-2.428414239034804,100.0,0.0,8,0
severe,no_predictive,27,True,,8,0.16326530612244897,0.0,200.0,-7.0,80.0,0.0,2.5,0.0,0.0,64.8335,0,8,1,43,0,200,0,0,0,0.0,1.0,0.12224489795918368,7439,9800,19,14.2482,0.0,0.0,0.0,0.6802,0.1262,0.2004,8621.189458344143,49.83346507713366,0.0,0.0,172.5,0,0,0.0,2.5,-2.5,100.0,0.0,8,0
severe,no_predictive,28,True,,8,0.16326530612244897,0.0,200.0,-7.0,80.0,0.0,2.3496,0.0,0.0,61.9212,0,8,1,43,0,200,0,0,0,0.0,1.0,0.12224489795918368,7482,9800,17,12.3715,0.0,0.0,0.0,0.66,0.1167,0.1995,8164.294320621173,46.92123172770789,0.0,0.0,173.5,0,0,0.0,2.349583027531565,-2.349583027531565,100.0,0.0,8,0
severe,no_predictive,29,True,,8,0.16326530612244897,0.0,200.0,-7.0,80.0,0.0,2.5,0.0,0.0,64.5072,0,8,1,43,0,200,0,0,0,0.0,1.0,0.12224489795918368,7439,9800,19,14.4302,0.0,0.0,0.0,0.671,0.119,0.2003,8544.91373017136,49.51072869298572,0.0,0.0,172.08711305095213,0,0,0.0,2.5,-2.5,100.0,0.0,7,0
severe,no_reward,0,True,,8,0.16326530612244897,0.0,200.0,-7.0,80.0,0.0,2.5,0.0,0.0,61.1974,0,8,1,43,0,200,0,0,0,0.0,1.0,0.12224489795918368,7482,9800,17,12.6518,0.0,0.0,0.0,0.746,0.1191,0.1841,8038.376891090971,46.19756833960343,0.0,0.0,173.5,0,0,0.0,2.5,-2.5,100.0,0.0,8,0
severe,no_reward,1,True,,8,0.16326530612244897,0.0,200.0,-7.0,80.0,0.0,2.5,0.0,0.0,62.1781,0,8,1,43,0,200,0,0,0,0.0,1.0,0.12224489795918368,7482,9800,20,12.6843,0.0,0.0,0.0,0.7815,0.1219,0.2018,8229.614100013832,47.352889066974555,0.0,0.0,173.29512972412698,0,0,0.0,2.5,-2.5,100.0,0.0,7,0
severe,no_reward,2,True,,8,0.16326530612244897,0.0,200.0,-7.0,80.0,0.0,2.5,0.0,0.0,61.8992,0,8,1,43,0,200,0,0,0,0.0,1.0,0.12224489795918368,7484,9800,18,11.0898,0.0,0.0,0.0,0.813,0.1219,0.2116,8150.061105841799,46.89916053539722,0.0,0.0,173.27840056839588,0,0,0.0,2.5,-2.5,100.0,0.0,8,0
severe,no_reward,3,True,,8,0.16326530612244897,0.0,200.0,-7.0,80.0,0.0,2.5,0.0,0.0,62.2601,0,8,1,43,0,200,0,0,0,0.0,1.0,0.12224489795918368,7482,9800,18,11.994,0.0,0.0,0.0,0.7562,0.1186,0.187,8223.249908394024,47.26005694479337,0.0,0.0,173.5,0,0,0.0,2.5,-2.5,100.0,0.0,8,0
severe,no_reward,4,True,,8,0.16326530612244897,0.0,200.0,-7.0,80.0,0.0,2.4899,0.0,0.0,65.3608,0,8,1,43,0,200,0,0,0,0.0,1.0,0.12224489795918368,7411,9800,23,14.9299,0.0,0.0,0.0,0.7546,0.1217,0.1896,8676.499804719178,50.36084074042488,0.0,0.0,171.78663535306205,0,0,0.0,2.489856730339708,-2.489856730339708,100.0,0.0,8,0
severe,no_reward,5,True,,8,0.16326530612244897,0.0,200.0,-7.0,80.0,0.0,2.464,0.0,0.0,63.304,0,8,1,43,0,200,0,0,0,0.0,1.0,0.12224489795918368,7439,9800,20,11.7231,0.0,0.0,0.0,0.7689,0.1172,0.1978,8356.591578748279,48.30399756501881,0.0,0.0,172.5,0,0,0.0,2.4640083718334114,-2.4640083718334114,100.0,0.0,8,0
severe,no_reward,6,True,,8,0.16326530612244897,0.0,200.0,-7.0,80.0,0.0,2.5,0.0,0.0,63.7476,0,8,1,43,0,200,0,0,0,0.0,1.0,0.12224489795918368,7439,9800,19,12.6002,0.0,0.0,0.0,0.7662,0.1319,0.1992,8436.684471505272,48.767074589560124,0.0,0.0,172.49980076220683,0,0,0.0,2.5,-2.5,100.0,0.0,8,0
severe,no_reward,7,True,,8,0.16326530612244897,0.0,200.0,-7.0,80.0,0.0,2.5,0.0,0.0,63.7463,0,8,1,43,0,200,0,0,0,0.0,1.0,0.12224489795918368,7439,9800,19,13.0026,0.0,0.0,0.0,0.7849,0.1465,0.1882,8425.848128781887,48.74632995657513,0.0,0.0,172.35092306001144,0,0,0.0,2.5,-2.5,100.0,0.0,7,0
severe,no_reward,8,True,,8,0.16326530612244897,0.0,200.0,-7.0,80.0,0.0,2.5,0.0,0.0,61.0222,0,8,1,43,0,200,0,0,0,0.0,1.0,0.12224489795918368,7487,9800,14,11.598,0.0,0.0,0.0,0.8158,0.1205,0.2173,8001.200033035962,46.02224714617588,0.0,0.0,173.35504900754992,0,0,0.0,2.5,-2.5,100.0,0.0,8,0
severe,no_reward,9,True,,8,0.16326530612244897,0.0,200.0,-7.0,80.0,0.0,2.5,0.0,0.0,66.2961,0,8,1,43,0,200,0,0,0,0.0,1.0,0.12224489795918368,7396,9800,26,15.0263,0.0,0.0,0.0,0.7667,0.112,0.2034,8822.93775670543,51.296149748287434,0.0,0.0,171.5,0,0,0.0,2.5,-2.5,100.0,0.0,8,0
severe,no_reward,10,True,,8,0.16326530612244897,0.0,200.0,-7.0,80.0,0.0,2.191,0.0,0.0,64.5349,0,8,1,43,0,200,0,0,0,0.0,1.0,0.12224489795918368,7439,9800,19,14.2592,0.0,0.0,0.0,0.7616,0.1158,0.1969,8569.53360756699,49.534876344317745,0.0,0.0,172.5,0,0,0.0,2.190956299269679,-2.190956299269679,100.0,0.0,7,0
severe,no_reward,11,True,,8,0.16326530612244897,0.0,200.0,-7.0,80.0,0.0,2.4334,0.0,0.0,64.3367,0,8,1,43,0,200,0,0,0,0.0,1.0,0.12224489795918368,7439,9800,19,14.4936,0.0,0.0,0.0,0.7543,0.1214,0.1902,8536.775050986618,49.34552052593406,0.0,0.0,172.5,0,0,0.0,2.433390461194376,-2.433390461194376,100.0,0.0,8,0
severe,no_reward,12,True,,8,0.16326530612244897,0.0,200.0,-7.0,80.0,0.0,2.478,0.0,0.0,62.7894,0,8,1,43,0,200,0,0,0,0.0,1.0,0.12224489795918368,7439,9800,17,13.2697,0.0,0.0,0.0,0.7976,0.1299,0.1983,8267.567037530576,47.78940484121717,0.0,0.0,172.5,0,0,0.0,2.477950734682668,-2.477950734682668,100.0,0.0,8,0
severe,no_reward,13,True,,8,0.16326530612244897,0.0,200.0,-7.0,80.0,0.0,2.3952,0.0,0.0,62.7274,0,8,1,43,0,200,0,0,0,0.0,1.0,0.12224489795918368,7482,9800,21,13.4951,0.0,0.0,0.0,0.7681,0.108,0.2016,8304.584292842483,47.72749593587626,0.0,0.0,173.5,0,0,0.0,2.395161308099316,-2.395161308099316,100.0,0.0,8,0
severe,no_reward,14,True,,8,0.16326530612244897,0.0,200.0,-7.0,80.0,0.0,2.3614,0.0,0.0,63.7474,0,8,1,43,0,200,0,0,0,0.0,1.0,0.12224489795918368,7439,9800,20,13.2378,0.0,0.0,0.0,0.7515,0.133,0.1885,8433.296418728918,48.74737814294186,0.0,0.0,172.5,0,0,0.0,2.361410244371163,-2.361410244371163,100.0,0.0,8,0
severe,no_reward,15,True,,8,0.16326530612244897,0.0,200.0,-7.0,80.0,0.0,2.4329,0.0,0.0,61.7004,0,8,1,43,0,200,0,0,0,0.0,1.0,0.12224489795918368,7482,9800,14,12.8696,0.0,0.0,0.0,0.7515,0.1148,0.1895,8125.872566600408,46.700417049427806,0.0,0.0,173.5,0,0,0.0,2.432853673153001,-2.432853673153001,100.0,0.0,8,0
severe,no_reward,16,True,,8,0.16326530612244897,0.0,199.0,-7.0,80.0,0.0,2.5,0.0,0.0,66.1028,0,8,1,43,0,200,0,0,0,0.0,1.0,0.12224489795918368,7396,9751,25,14.8965,0.0,0.0,0.0,0.7615,0.1208,0.1903,8790.972518012437,51.110305337281574,0.0,0.0,171.5,0,0,0.0,2.5,-2.5,100.0,0.0,8,0
severe,no_reward,17,True,,8,0.16326530612244897,0.0,200.0,-7.0,80.0,0.0,2.5,0.0,0.0,63.7326,0,8,1,43,0,200,0,0,0,0.0,1.0,0.12224489795918368,7439,9800,21,11.609,0.0,0.0,0.0,0.8032,0.129,0.2026,8430.743049668135,48.732618784208746,0.0,0.0,172.5,0,0,0.0,2.5,-2.5,100.0,0.0,8,0
severe,no_reward,18,True,,8,0.16326530612244897,0.0,200.0,-7.0,80.0,0.0,2.5,0.0,0.0,65.8846,0,8,1,43,0,200,0,0,0,0.0,1.0,0.12224489795918368,7368,9800,24,14.9727,0.0,0.0,0.0,0.7618,0.1131,0.1918,8715.540097039871,50.88458766547124,0.0,0.0,170.7805487260334,0,0,0.0,2.5,-2.5,100.0,0.0,8,0
severe,no_reward,19,True,,8,0.16326530612244897,0.0,200.0,-7.0,80.0,0.0,2.5,0.0,0.0,62.4048,0,8,1,43,0,200,0,0,0,0.0,1.0,0.12224489795918368,7482,9800,17,12.4974,0.0,0.0,0.0,0.7429,0.1297,0.1796,8248.44220380455,47.404840251750436,0.0,0.0,173.5,0,0,0.0,2.5,-2.5,100.0,0.0,8,0
severe,no_reward,20,True,,8,0.16326530612244897,0.0,200.0,-7.0,80.0,0.0,2.5,0.0,0.0,63.264,0,8,1,43,0,200,0,0,0,0.0,1.0,0.12224489795918368,7482,9800,22,12.1798,0.0,0.0,0.0,0.7461,0.119,0.1879,8372.237501037294,48.26404823215882,0.0,0.0,172.96736976486764,0,0,0.0,2.5,-2.5,100.0,0.0,8,0
severe,no_reward,21,True,,8,0.16326530612244897,0.0,200.0,-7.0,80.0,0.0,2.474,0.0,0.0,62.5161,0,8,1,43,0,200,0,0,0,0.0,1.0,0.12224489795918368,7482,9800,18,12.2891,0.0,0.0,0.0,0.7704,0.13,0.1974,8267.805385075988,47.51612290273575,0.0,0.0,173.5,0,0,0.0,2.4740179274919174,-2.4740179274919174,100.0,0.0,8,0
severe,no_reward,22,True,,8,0.16326530612244897,0.0,200.0,-7.0,80.0,0.0,2.4207,0.0,0.0,65.5735,0,8,1,43,0,200,0,0,0,0.0,1.0,0.12224489795918368,7396,9800,25,15.1014,0.0,0.0,0.0,0.7841,0.1145,0.2028,8698.645120735555,50.57351814381142,0.0,0.0,171.5,0,0,0.0,2.420659062233015,-2.420659062233015,100.0,0.0,8,0
severe,no_reward,23,True,,8,0.16326530612244897,0.0,200.0,-7.0,80.0,0.0,2.3211,0.0,0.0,61.9287,0,8,1,43,0,200,0,0,0,0.0,1.0,0.12224489795918368,7482,9800,15,12.9305,0.0,0.0,0.0,0.7659,0.1039,0.1953,8156.965328322387,46.92865648425987,0.0,0.0,173.31629774673596,0,0,0.0,2.321083038845183,-2.321083038845183,100.0,0.0,8,0
severe,no_reward,24,True,,8,0.16326530612244897,0.0,199.0,-7.0,80.0,0.0,2.3032,0.0,0.0,62.336,0,8,1,43,0,200,0,0,0,0.0,1.0,0.12224489795918368,7439,9751,15,12.5506,0.0,0.0,0.0,0.7541,0.1219,0.1979,8186.066361115345,47.336020806350106,0.0,0.0,172.43524511923434,0,0,0.0,2.3031769786117464,-2.3031769786117464,100.0,0.0,8,0
severe,no_reward,25,True,,8,0.16326530612244897,0.0,200.0,-7.0,80.0,0.0,2.5,0.0,0.0,60.4205,0,8,1,43,0,200,0,0,0,0.0,1.0,0.12224489795918368,7525,9800,16,12.9698,0.0,0.0,0.0,0.7797,0.121,0.2007,7948.589830601699,45.420513317724065,0.0,0.0,174.5,0,0,0.0,2.5,-2.5,100.0,0.0,8,0
severe,no_reward,26,True,,8,0.16326530612244897,0.0,199.0,-7.0,80.0,0.0,2.4284,0.0,0.0,66.499,0,8,1,43,0,200,0,0,0,0.0,1.0,0.12224489795918368,7353,9751,27,14.8361,0.0,0.0,0.0,0.8011,0.1156,0.2115,8806.329762837593,51.499004461038524,0.0,0.0,170.5,0,0,0.0,2.428414239034804,-2.428414239034804,100.0,0.0,8,0
severe,no_reward,27,True,,8,0.16326530612244897,0.0,200.0,-7.0,80.0,0.0,2.5,0.0,0.0,64.8335,0,8,1,43,0,200,0,0,0,0.0,1.0,0.12224489795918368,7439,9800,19,14.2482,0.0,0.0,0.0,0.7838,0.1145,0.1991,8621.189458344143,49.83346507713366,0.0,0.0,172.5,0,0,0.0,2.5,-2.5,100.0,0.0,8,0
severe,no_reward,28,True,,8,0.16326530612244897,0.0,200.0,-7.0,80.0,0.0,2.3496,0.0,0.0,61.9212,0,8,1,43,0,200,0,0,0,0.0,1.0,0.12224489795918368,7482,9800,17,12.3715,0.0,0.0,0.0,0.7105,0.1178,0.1759,8164.294320621173,46.92123172770789,0.0,0.0,173.5,0,0,0.0,2.349583027531565,-2.349583027531565,100.0,0.0,8,0
severe,no_reward,29,True,,8,0.16326530612244897,0.0,200.0,-7.0,80.0,0.0,2.5,0.0,0.0,64.5072,0,8,1,43,0,200,0,0,0,0.0,1.0,0.12224489795918368,7439,9800,19,14.4302,0.0,0.0,0.0,0.7369,0.1099,0.1754,8544.91373017136,49.51072869298572,0.0,0.0,172.08711305095213,0,0,0.0,2.5,-2.5,100.0,0.0,7,0
